# Blender 5.1.2
# www.blender.org
mtllib dummyhead.mtl
o LowPolyFemaleHeadV1
v -1.117490 0.770886 2.967013
v -1.127608 0.741230 2.970153
v -0.990844 0.743323 2.984457
v -0.989448 0.760419 2.991435
v -1.125864 0.837521 2.960733
v -1.120281 0.799494 2.968758
v -0.989099 0.792866 2.987946
v -0.983866 0.831243 2.986551
v -1.243439 0.749602 2.948871
v -1.252161 0.781350 2.937358
v -1.261581 0.811006 2.919215
v -1.355083 0.745067 2.891304
v -1.381599 0.776815 2.865836
v -1.337290 0.721343 2.901422
v -1.428001 0.702850 2.841413
v -1.441607 0.726228 2.818038
v -1.404276 0.687152 2.867231
v -1.466378 0.670057 2.808967
v -1.486963 0.680521 2.777567
v -1.438118 0.657846 2.831993
v -1.483125 0.637610 2.775474
v -1.509989 0.644237 2.741282
v -1.454167 0.636561 2.801291
v -1.486614 0.608303 2.752447
v -1.519409 0.605162 2.723141
v -1.457656 0.605162 2.779660
v -1.480334 0.577949 2.748958
v -1.514525 0.568529 2.711627
v -1.450678 0.580041 2.772334
v -1.462889 0.544107 2.750005
v -1.501616 0.527012 2.709534
v -1.436723 0.554575 2.771985
v -1.443003 0.514800 2.756982
v -1.482078 0.490728 2.711976
v -1.420325 0.530502 2.787685
v -1.275885 0.404202 2.864091
v -1.350896 0.440836 2.820480
v -1.384041 0.401760 2.800594
v -1.292981 0.365127 2.847344
v -1.268210 0.438393 2.876651
v -1.338336 0.470491 2.839320
v -0.864546 0.419554 2.920262
v -0.990495 0.402459 2.935962
v -0.989797 0.366871 2.916076
v -0.849893 0.375595 2.918518
v -1.012126 0.321866 2.925844
v -0.854080 0.334776 2.920960
v -0.740342 0.435951 2.898282
v -0.722898 0.402459 2.902469
v -0.722898 0.367220 2.899678
v -0.669518 0.454444 2.878396
v -0.648934 0.429323 2.882582
v -0.630443 0.395132 2.883978
v -0.851638 0.740182 2.970153
v -0.860011 0.716459 2.959338
v -0.835589 0.803680 2.968060
v -0.845009 0.763560 2.968758
v -0.716967 0.745067 2.958989
v -0.716269 0.718202 2.940847
v -0.723247 0.690989 2.935613
v -0.730224 0.671102 2.922355
v -0.615440 0.687848 2.947126
v -0.616138 0.654705 2.933869
v -0.630443 0.638308 2.921658
v -0.639514 0.618072 2.908051
v -0.547058 0.635866 2.942242
v -0.558223 0.616328 2.931078
v -0.571829 0.602371 2.920960
v -0.593809 0.587717 2.890607
v -0.482165 0.557366 2.925496
v -0.505192 0.591208 2.938753
v -0.516356 0.581439 2.929333
v -0.497516 0.553876 2.912936
v -0.508332 0.553177 2.889560
v -0.536940 0.576554 2.924449
v -0.546709 0.570622 2.872116
v -0.520543 0.544806 2.869324
v -0.479025 0.517243 2.916424
v -0.488794 0.522826 2.901073
v -0.507285 0.524220 2.867580
v -0.522287 0.522127 2.856764
v -0.499609 0.471539 2.900376
v -0.497167 0.492821 2.886769
v -0.521938 0.497006 2.865487
v -0.556827 0.497006 2.846298
v -1.307285 0.313491 2.806524
v -1.402532 0.357801 2.752098
v -0.607416 0.361291 2.888164
v -0.706500 0.318027 2.899678
v -0.848498 0.279650 2.908749
v -1.011079 0.267439 2.900724
v -1.007939 0.207082 2.881884
v -0.832100 0.225572 2.906306
v -1.513827 0.464213 2.680227
v -1.542436 0.512009 2.665574
v -1.556391 0.561901 2.664876
v -1.558485 0.606210 2.679878
v -1.550112 0.644936 2.704998
v -1.516967 0.692732 2.739189
v -1.463238 0.737740 2.791173
v -1.386483 0.784841 2.846647
v -1.268559 0.825659 2.911889
v -1.126561 0.850780 2.957593
v -0.977935 0.843803 2.983411
v -0.836286 0.816589 2.991435
v -0.703709 0.770886 2.982713
v -0.600787 0.717504 2.962827
v -1.420325 0.808913 2.841064
v -1.505803 0.751695 2.769891
v -0.476583 0.611095 2.957593
v -0.450765 0.561202 2.945382
v -0.450067 0.509916 2.933869
v -0.472047 0.457582 2.915378
v -0.522636 0.663775 2.958640
v -0.437507 0.632725 2.984457
v -0.489492 0.687152 2.991784
v -0.569038 0.748208 3.001902
v -0.444485 0.729715 3.053887
v -0.388314 0.664124 3.043769
v -0.408898 0.573413 2.979922
v -0.362845 0.598185 3.030511
v -0.407852 0.518986 2.964920
v -0.361101 0.525617 3.021091
v -0.434018 0.454444 2.945731
v -0.390407 0.451303 3.006437
v -0.301790 0.799494 3.254497
v -0.382034 0.767046 3.143551
v -0.329701 0.689595 3.138666
v -0.262365 0.713318 3.250659
v -0.246665 0.623306 3.252752
v -0.304930 0.613886 3.131340
v -0.311559 0.531547 3.122268
v -0.254690 0.527710 3.249612
v -0.341563 0.441534 3.098893
v -0.298650 0.423391 3.224841
v -0.207590 0.821124 3.358117
v -0.184912 0.724135 3.355326
v -0.172701 0.639702 3.364048
v -0.190495 0.531197 3.389517
v -0.221894 0.390248 3.398239
v -0.106412 0.844152 3.416730
v -0.099435 0.748207 3.418823
v -0.207590 0.272323 3.525234
v -0.115832 0.342798 3.598849
v -0.111646 0.455838 3.521047
v -0.094550 0.656798 3.436966
v -0.099784 0.558411 3.475343
v -0.000002 0.853921 3.436966
v -0.000002 0.762861 3.448479
v -0.000002 0.365826 3.593965
v -0.000002 0.473283 3.527328
v -0.000002 0.667265 3.472203
v -0.000002 0.566785 3.494532
v -0.996426 0.148470 2.884326
v -0.801747 0.181612 2.915378
v -0.644747 0.242318 2.931775
v -0.678589 0.271275 2.906655
v -0.538336 0.304771 2.947126
v -0.569038 0.323610 2.911889
v -1.372179 0.199756 2.748958
v -1.332405 0.256622 2.768845
v -1.438118 0.313492 2.711627
v -1.485916 0.268833 2.679878
v -1.670129 0.578997 2.568583
v -1.606631 0.593650 2.631034
v -1.598258 0.642145 2.652316
v -1.661756 0.647378 2.596494
v -1.642567 0.463165 2.566490
v -1.584303 0.491427 2.618823
v -1.603840 0.539921 2.616032
v -1.664896 0.524569 2.554279
v -1.564416 0.696222 2.703951
v -1.626867 0.713318 2.653014
v -1.566858 0.782049 2.740933
v -1.473356 0.839268 2.847345
v -1.287399 0.855665 2.927938
v -1.325079 0.905207 2.975038
v -0.782558 0.906602 3.108662
v -0.817447 0.852873 3.025975
v -0.682776 0.806820 3.020393
v -0.639514 0.860549 3.092962
v -1.134586 0.880436 2.992133
v -1.140517 0.932072 3.059468
v -0.952815 0.935908 3.097148
v -0.969562 0.879388 3.021440
v -0.524729 0.790770 3.062957
v -0.371567 0.892996 3.271593
v -0.459487 0.845896 3.159948
v -0.251201 0.934514 3.373468
v -0.122810 0.960679 3.421266
v -0.000002 0.975333 3.446734
v -0.641258 1.091514 3.342068
v -0.727084 0.986845 3.219957
v -0.573225 0.920556 3.185068
v -0.479723 0.998011 3.304039
v -0.866640 1.151171 3.327066
v -0.906413 1.034644 3.229028
v -1.395205 1.108609 3.086333
v -1.380203 1.001152 3.066098
v -1.145052 1.025574 3.175648
v -1.133888 1.139659 3.219608
v -1.635589 1.019642 2.859556
v -1.579767 0.906951 2.857462
v -1.820849 0.482703 2.411932
v -1.737813 0.503288 2.489734
v -1.747582 0.578997 2.492525
v -1.832711 0.585625 2.412979
v -1.737813 0.659589 2.529856
v -1.815964 0.700408 2.444030
v -1.792589 0.394084 2.448914
v -1.710600 0.437349 2.509970
v -1.699087 0.748208 2.602076
v -1.775493 0.812404 2.538578
v -1.643962 0.829499 2.715814
v -1.708507 0.922998 2.676389
v -1.650591 1.144544 2.848391
v -1.395205 1.240139 3.092962
v -1.752816 1.024177 2.630685
v -0.815702 1.287589 3.384284
v -0.535545 1.241187 3.446386
v -0.339470 1.069534 3.405565
v -1.905977 0.460373 2.333083
v -1.911211 0.598185 2.311801
v -1.883300 0.745067 2.355063
v -1.878415 0.343497 2.377392
v -1.835502 0.888807 2.459032
v -1.095510 1.281307 3.274035
v -1.846666 0.243017 2.437750
v -1.753862 0.307213 2.497061
v -0.172003 1.116631 3.449177
v -0.000002 1.141752 3.460690
v -1.633845 1.270494 2.827109
v -1.394856 1.380044 3.050398
v -1.089579 1.452262 3.233913
v -0.824773 1.493433 3.346255
v -0.244921 1.351086 3.450572
v -0.000002 1.377951 3.463830
v -0.536243 1.556232 3.417079
v -0.247363 1.618335 3.433826
v -1.106675 1.624614 3.163786
v -0.847800 1.671015 3.286246
v -1.621634 1.385973 2.773729
v -1.385087 1.521342 2.984109
v -0.000002 1.641360 3.440454
v -0.514612 1.746724 3.373468
v -0.253294 1.805337 3.389517
v -0.000002 1.827666 3.402426
v -1.882951 2.190161 2.000942
v -1.823291 2.054096 2.157593
v -1.566858 2.317156 2.474035
v -1.625820 2.477995 2.363088
v -1.244485 2.480437 2.742330
v -1.297516 2.666045 2.658596
v -0.939557 2.614060 2.900027
v -0.967817 2.813276 2.813503
v -1.968080 0.274766 2.284937
v -1.987268 0.417462 2.223533
v -1.998782 0.613188 2.175037
v -1.949937 0.799494 2.236093
v -1.885742 0.961378 2.355063
v -1.786309 1.122564 2.560210
v -1.938773 0.174635 2.354715
v -1.910513 1.021735 2.284937
v -1.793636 1.212925 2.491130
v -1.988664 0.825310 2.145033
v -2.031577 0.608303 2.083280
v -2.127173 1.394348 1.501683
v -2.094028 1.327360 1.661125
v -2.001224 1.706604 1.876738
v -2.054604 1.809177 1.701945
v -1.946449 2.327274 1.821962
v -2.111124 1.920820 1.498892
v -1.764678 1.900932 2.318779
v -1.947844 1.585538 2.048042
v -2.176715 0.980217 1.362477
v -2.167295 1.469707 1.323052
v -2.207766 1.025575 1.191870
v -1.690016 3.654448 -0.719687
v -1.609422 3.829237 0.146951
v -1.227390 4.077648 0.126018
v -1.382296 3.884364 -0.825052
v -0.000002 -0.253450 4.042286
v -0.000002 -0.189953 4.011933
v -0.113041 -0.193093 3.974253
v -0.103970 -0.260777 4.016469
v -0.385174 -0.298807 3.628156
v -0.305279 -0.258334 3.793878
v -0.309814 -0.182975 3.701422
v -0.380290 -0.230425 3.550354
v -0.449718 -0.350443 3.453712
v -0.442043 -0.289038 3.398239
v -0.302488 -0.099242 3.622923
v -0.375405 -0.154367 3.484065
v -0.440298 -0.217515 3.350092
v -0.221197 -0.139365 3.825627
v -0.214219 -0.222749 3.913547
v -0.118275 -0.109360 3.899940
v -0.000002 -0.102732 3.944946
v -0.000002 0.000540 3.868191
v -0.117577 -0.015857 3.819696
v -0.222243 -0.051795 3.738056
v -0.203752 -0.284853 3.961693
v -0.501354 -0.296365 3.234610
v -0.589971 -0.412892 3.162041
v -0.554734 -0.465576 3.205652
v -0.499609 -0.365445 3.281012
v -0.258877 -0.518606 3.835744
v -0.190146 -0.569892 3.850747
v -0.165026 -0.563963 3.889822
v -0.243525 -0.489299 3.876913
v -0.517752 -0.556287 3.398588
v -0.529265 -0.629203 3.261824
v -0.510076 -0.684676 3.296362
v -0.493678 -0.595362 3.425801
v -0.157001 -0.479181 3.952971
v -0.111646 -0.573382 3.911453
v -0.051637 -0.582103 3.956808
v -0.075710 -0.472902 4.005303
v -0.133975 -0.638972 3.793180
v -0.111297 -0.662000 3.800158
v -0.000002 -0.577219 3.964135
v -0.000002 -0.462435 4.031470
v -0.076408 -0.692002 3.792830
v -0.038728 -0.725498 3.787249
v -0.132579 -0.712937 3.663393
v -0.107808 -0.756897 3.662347
v -0.000002 -0.738058 3.768060
v -0.071873 -0.800857 3.663044
v -0.033146 -0.831907 3.630947
v -0.190843 -0.784111 3.547911
v -0.168863 -0.861912 3.564309
v -0.000002 -0.858771 3.614200
v -0.400176 -0.829464 3.330204
v -0.415527 -0.894359 3.359163
v -0.297952 -0.897846 3.461387
v -0.288183 -0.821093 3.434523
v -0.465418 -0.780620 3.252053
v -0.379243 -0.772249 3.339626
v -0.436112 -0.748872 3.300899
v -0.332492 -0.544771 3.718518
v -0.267948 -0.543726 3.794576
v -0.342610 -0.521048 3.739450
v -0.433670 -0.628505 3.463131
v -0.393199 -0.579661 3.597454
v -0.415876 -0.561171 3.599197
v -0.466814 -0.616993 3.444990
v -0.451812 -0.696191 3.360209
v -0.482165 -0.692701 3.326019
v -0.199217 -0.574427 3.823533
v -0.155955 -0.629902 3.759686
v -0.155257 -0.680490 3.643507
v -0.205497 -0.724450 3.533257
v -0.284694 -0.757942 3.429638
v -0.439601 -0.529772 3.591872
v -0.000002 -0.302993 4.059381
v -0.099086 -0.317646 4.034262
v -0.088968 -0.382541 4.032167
v -0.000002 -0.367538 4.062521
v -0.358659 -0.491741 3.753407
v -0.296208 -0.315204 3.858422
v -0.389361 -0.349395 3.700027
v -0.502401 -0.412197 3.320785
v -0.507983 -0.453015 3.354279
v -0.459138 -0.398239 3.506044
v -0.535545 -0.494882 3.232517
v -0.528218 -0.503254 3.264266
v -0.519496 -0.819346 3.230073
v -0.789884 -0.497324 3.100986
v -0.938860 -0.431385 3.061910
v -1.027477 -0.601990 3.047606
v -0.884084 -0.657116 3.100986
v -0.089317 -0.895753 3.591523
v -0.048497 -0.921224 3.588034
v -0.000002 -0.935178 3.588034
v -0.396687 -0.724450 3.365443
v -0.419714 -0.680490 3.401379
v -0.350634 -0.730033 3.387772
v -0.190146 -0.625367 3.607921
v -0.221546 -0.658510 3.520349
v -0.273530 -0.560123 3.736310
v -0.222941 -0.581058 3.747825
v -0.402967 -0.625367 3.476738
v -0.192239 -0.616993 3.698282
v -0.318188 -0.555937 3.665138
v -0.285392 -0.683980 3.435570
v -0.368079 -0.582802 3.578614
v -0.000002 -1.014726 3.576869
v -0.057568 -0.996233 3.578614
v -0.723596 -1.332912 3.226585
v -0.802793 -1.415947 3.143898
v -0.785698 -1.461999 3.133083
v -0.714176 -1.398152 3.227632
v -0.718711 -1.646911 3.122616
v -0.726736 -1.681102 3.108313
v -0.589274 -1.762740 3.184370
v -0.587878 -1.725062 3.211584
v -0.761973 -1.623883 3.076911
v -0.793722 -1.651446 3.058421
v -0.000002 -1.239758 3.673860
v -0.000002 -1.181841 3.646996
v -0.061755 -1.168934 3.645599
v -0.064197 -1.232082 3.667579
v -0.000002 -1.089386 3.597803
v -0.064546 -1.074384 3.595709
v -0.249108 -0.607224 3.494881
v -0.275972 -0.626063 3.441501
v -0.372963 -0.601641 3.479529
v -0.390756 -0.652927 3.432081
v -0.322374 -0.645600 3.424405
v -0.363892 -0.656767 3.417428
v -0.276670 -0.557681 3.683629
v -0.249457 -0.567450 3.677000
v -0.222941 -0.565008 3.646297
v -0.305279 -0.529422 3.623620
v -0.342261 -0.561521 3.540585
v -0.222592 -0.580010 3.575474
v -0.276321 -0.525932 3.608618
v -0.303534 -0.551752 3.532212
v -0.331445 -0.585244 3.470807
v -0.251201 -0.533958 3.601292
v -0.263761 -0.550704 3.539190
v -0.286090 -0.582103 3.477785
v -0.846055 -1.719828 3.031207
v -0.763369 -1.784720 3.068887
v -0.595554 -1.853800 3.154364
v -0.774184 -1.473511 3.126454
v -0.694638 -1.421876 3.229376
v -0.132230 -1.059035 3.590825
v -0.109552 -0.980186 3.572682
v -0.684869 -1.440369 3.211235
v -0.613696 -1.397108 3.307178
v -0.623814 -1.372336 3.319737
v -0.671960 -1.459906 3.199023
v -0.605323 -1.429202 3.286942
v -0.660447 -1.472117 3.181578
v -0.648585 -1.486072 3.161692
v -0.595205 -1.464791 3.236354
v -0.600089 -1.447695 3.255542
v -0.637420 -1.491655 3.134828
v -0.577760 -1.478396 3.206698
v -0.618580 -1.501424 3.104824
v -0.550547 -1.496539 3.182625
v -0.777324 -1.541198 3.067841
v -0.795118 -1.548175 3.066445
v -0.786744 -1.573991 3.065049
v -0.773835 -1.561780 3.061909
v -0.758484 -1.540499 3.062956
v -0.757089 -1.558293 3.058073
v -0.742436 -1.533871 3.029114
v -0.747669 -1.545383 3.053187
v -0.748018 -1.554454 3.045512
v -0.746273 -1.545383 3.014112
v -0.714873 -1.528288 2.985503
v -0.729527 -1.533172 2.969803
v -0.689753 -1.595971 3.128547
v -0.728829 -1.585158 3.079354
v -0.741738 -1.606089 3.083192
v -0.701267 -1.617605 3.128896
v -0.664285 -1.535615 2.989341
v -0.698825 -1.551316 2.960383
v -0.702662 -1.547826 3.015857
v -0.647887 -1.539105 3.048652
v -0.742436 -1.477700 3.133431
v -0.724293 -1.488514 3.129594
v -0.705105 -1.497238 3.122965
v -0.692545 -1.501424 3.104824
v -0.681380 -1.500725 3.081099
v -0.659749 -1.502472 3.054235
v -0.853033 -1.571549 3.049349
v -0.835240 -1.615163 3.036093
v -0.805933 -1.594577 3.054584
v -0.819191 -1.561085 3.056327
v -0.679636 -1.575738 3.124710
v -0.718362 -1.570504 3.080051
v -0.705453 -1.560386 3.059119
v -0.668820 -1.562130 3.093658
v -0.146186 -1.150092 3.629900
v -0.233408 -1.155675 3.615595
v -0.247363 -1.213244 3.621526
v -0.155257 -1.207660 3.650136
v -0.444136 -1.301163 3.491043
v -0.527520 -1.344773 3.410798
v -0.525078 -1.381057 3.382189
v -0.444485 -1.342680 3.451268
v -0.446927 -1.378964 3.416031
v -0.523334 -1.407572 3.347650
v -0.521938 -1.432693 3.318342
v -0.443090 -1.406178 3.377305
v -0.218754 -1.067057 3.578614
v -0.196774 -0.972510 3.538143
v -0.310163 -0.994490 3.488252
v -0.327956 -1.098806 3.529769
v -0.445881 -1.225804 3.494880
v -0.537638 -1.270459 3.402075
v -0.536243 -1.309884 3.419869
v -0.445881 -1.263482 3.502555
v -0.273879 -1.344424 3.524884
v -0.363194 -1.356635 3.481273
v -0.364590 -1.393967 3.437663
v -0.268645 -1.388733 3.479878
v -0.256783 -1.254761 3.603035
v -0.350634 -1.271158 3.555237
v -0.358659 -1.318258 3.515464
v -0.266203 -1.297323 3.569891
v -0.190146 -1.351052 3.553493
v -0.195379 -1.396409 3.502555
v -0.168166 -1.254761 3.633389
v -0.185959 -1.302907 3.597802
v -0.092108 -1.369545 3.564657
v -0.100481 -1.408969 3.510580
v -0.080246 -1.278484 3.649088
v -0.081293 -1.329771 3.613851
v -0.000002 -1.396409 3.567100
v -0.000002 -1.422575 3.504648
v -0.000002 -1.286510 3.658508
v -0.000002 -1.340238 3.614199
v -0.428436 -1.442811 3.338229
v -0.353774 -1.420132 3.380445
v -0.275972 -1.429552 3.411844
v -0.183517 -1.440718 3.420916
v -0.095946 -1.461650 3.424056
v -0.000002 -1.469675 3.421613
v -0.345750 -1.228942 3.569542
v -0.577063 -1.608881 3.234958
v -0.585087 -1.659818 3.231469
v -0.543569 -1.514334 3.162040
v -0.549152 -1.554454 3.218909
v -0.563805 -1.577132 3.236354
v -0.438205 -1.782278 3.298107
v -0.438554 -1.698198 3.333694
v -0.420063 -1.621092 3.352882
v -0.399827 -1.579574 3.358115
v -0.391105 -1.554454 3.342415
v -0.375754 -1.511193 3.316947
v -0.190843 -1.588645 3.442198
v -0.201659 -1.639585 3.444292
v -0.221197 -1.733433 3.435219
v -0.187006 -1.891831 3.261473
v -0.429483 -1.836705 3.214374
v -0.421110 -1.916948 3.191696
v -0.186308 -1.942768 3.202162
v -0.223639 -1.828333 3.396144
v -0.187703 -1.504565 3.402424
v -0.188750 -1.547127 3.417775
v -0.350285 -1.473861 3.291478
v -0.553687 -1.495841 3.083192
v -0.187703 -1.487120 3.383934
v -0.338074 -1.456766 3.300550
v -0.270041 -1.464092 3.315900
v -0.165026 -1.496889 3.323925
v -0.399130 -1.458858 3.272638
v -0.348890 -1.481188 3.236702
v -0.558223 -1.539105 3.026323
v -0.076757 -1.508052 3.329507
v -0.000002 -1.516077 3.339276
v -0.718362 -1.518519 2.923401
v -0.766160 -1.511891 2.897933
v -0.077106 -1.486771 3.263916
v -0.000002 -1.498283 3.274731
v -0.621023 -1.462348 3.057374
v -0.658702 -1.479444 3.000505
v -0.325165 -1.437228 3.246471
v -0.256783 -1.467932 3.251705
v -0.723944 -1.582017 2.903165
v -0.670565 -1.565969 2.943636
v -0.379243 -1.524452 3.115638
v -0.604974 -1.553409 2.872813
v -0.164677 -1.487469 3.266358
v -0.203054 -1.497238 3.308224
v -0.375056 -1.428158 3.233562
v -0.525776 -1.460256 3.133431
v -0.054428 -1.304650 3.223445
v -0.000002 -1.335005 3.254148
v -0.213172 -1.289997 3.182276
v -0.134672 -1.295580 3.206349
v -0.222592 -1.547127 3.191696
v -0.350285 -1.307441 3.098543
v -0.301092 -1.298721 3.148434
v -0.817447 -1.571549 2.784893
v -0.714525 -1.588645 2.818734
v -0.689056 -1.305349 2.954802
v -0.741389 -1.315467 2.888512
v -0.552640 -1.299070 2.994226
v -0.588925 -1.701335 2.879441
v -0.404014 -1.658773 3.069585
v -0.871873 -1.390826 2.774077
v -0.910600 -1.442811 2.757330
v -0.707896 -1.723665 2.812454
v -0.880246 -1.306397 2.752795
v -0.930835 -1.433042 2.712324
v -0.053381 -1.148698 3.206000
v -0.000002 -1.150791 3.232515
v -0.203403 -1.131952 3.183671
v -0.129090 -1.141721 3.198674
v -0.215614 -1.691916 3.167274
v -0.346447 -1.116949 3.127850
v -0.288183 -1.122183 3.164135
v -0.822331 -1.691916 2.768494
v -0.703360 -1.140323 2.974339
v -0.761973 -1.167886 2.900723
v -0.581598 -1.117299 3.056328
v -0.412038 -1.792046 3.019694
v -0.573923 -1.808446 2.858508
v -0.578458 -1.984635 2.819083
v -0.444834 -1.994403 2.872463
v -0.704756 -1.822052 2.792568
v -0.899784 -1.219871 2.719301
v -0.956304 -1.400944 2.664526
v -0.052335 -0.995538 3.221701
v -0.000002 -0.999723 3.236355
v -0.203403 -0.981580 3.203558
v -0.123857 -0.981580 3.209490
v -0.205148 -1.820308 3.133083
v -0.339121 -0.965183 3.155761
v -0.280857 -0.966927 3.178090
v -0.824424 -1.769371 2.743723
v -0.724642 -0.972859 2.982713
v -0.793373 -1.010886 2.907003
v -0.586831 -0.960648 3.068538
v -0.750111 -0.778877 2.984457
v -0.831053 -0.833653 2.873860
v -0.614743 -0.747827 3.075517
v -0.302488 -0.762480 3.175997
v -0.211428 -0.762826 3.188208
v -0.432274 -2.063484 2.561255
v -0.599043 -2.043597 2.486244
v -0.721153 -1.984635 2.784544
v -0.959444 -1.117648 2.655107
v -1.004451 -1.370939 2.583236
v -0.048497 -0.808183 3.205303
v -0.000002 -0.828420 3.185068
v -0.000002 -2.217343 2.116423
v -0.219452 -2.122792 2.077347
v -0.212474 -2.151753 2.643941
v -0.000002 -2.134308 2.611844
v -0.113390 -0.786553 3.206001
v -0.168515 -2.069064 2.975385
v -0.362147 -0.756897 3.169019
v -0.842218 -1.864617 2.661037
v -0.040822 -0.521746 2.922355
v -0.000002 -0.547912 2.900026
v -0.000002 -2.081624 3.029811
v -0.205497 -0.474296 2.908400
v -0.118972 -0.491741 2.918866
v -0.351681 -0.487556 2.859555
v -0.301441 -0.474646 2.881884
v -0.902226 -1.878222 2.442284
v -0.753600 -2.009406 2.460426
v -0.731969 -0.589429 2.735351
v -0.848846 -0.652927 2.683716
v -0.598345 -0.533259 2.770938
v -0.000002 -1.826936 3.197278
v -0.667774 -1.956373 2.039318
v -0.482863 -2.052318 2.058856
v -0.000002 -1.729597 3.236702
v -1.041433 -0.996233 2.489036
v -1.123770 -1.288253 2.401115
v -0.812562 -1.867409 2.019780
v -0.000002 -1.585507 3.217165
v -1.147146 -0.825279 2.149568
v -1.187966 -1.194750 2.079441
v -0.042217 -0.237752 2.437750
v -0.000002 -0.282756 2.429028
v -0.000002 -1.510494 3.308573
v -0.230268 -0.171812 2.425190
v -0.139208 -0.196584 2.435307
v -0.383081 -0.192744 2.400070
v -0.329701 -0.178440 2.413676
v -0.984564 -1.783675 2.027107
v -0.742087 -0.364746 2.337619
v -0.894202 -0.423709 2.316686
v -0.633582 -0.316947 2.350877
v -0.000002 -1.512936 3.366140
v -0.000002 -1.520962 3.423707
v -0.000002 -1.552011 3.432777
v -0.000002 -1.603997 3.440104
v -0.000002 -1.657725 3.451966
v -0.000002 -1.741808 3.451618
v -0.000002 -1.841589 3.419869
v -0.597647 2.720821 2.988296
v -0.589274 2.928758 2.887816
v -0.187355 -2.048831 3.150876
v -0.419365 -2.024059 3.130291
v -1.006544 -1.569806 3.006436
v -0.992937 -1.668542 2.981316
v -0.923160 -1.638886 3.014461
v -0.914088 -1.565620 3.039929
v -0.897691 -1.795187 2.985154
v -0.779418 -1.866710 3.033998
v -0.576714 -1.971026 3.094007
v -0.198170 -2.879879 2.535437
v -0.465070 -2.855457 2.497408
v -0.466465 -2.839061 2.217251
v -0.205846 -2.867668 2.269235
v -1.631054 -2.195363 1.347124
v -1.707809 -2.107094 1.579832
v -1.823989 -1.930207 1.317469
v -1.759444 -2.018825 1.116509
v -1.604538 -2.245252 0.209400
v -1.696993 -1.877873 0.439317
v -1.737116 -1.752275 0.213238
v -1.637682 -2.132910 -0.027146
v -1.489405 -2.615422 -0.007609
v -1.563369 -2.498894 -0.221128
v -1.514525 -2.945817 -0.168097
v -1.541738 -2.825454 -0.380919
v -1.528829 -3.280752 -0.276602
v -1.558485 -3.161431 -0.515241
v -1.577674 -3.656852 -0.389641
v -1.607678 -3.535790 -0.654448
v -1.708856 -4.066099 -0.540012
v -1.743396 -3.949920 -0.811447
v -1.394507 -2.522968 0.573988
v -1.503709 -2.241066 0.788205
v -1.615703 -2.065576 0.614110
v -1.518363 -2.384111 0.405475
v -1.320892 -2.839060 0.338488
v -1.427652 -2.727068 0.180442
v -1.340779 -3.214814 0.200328
v -1.438118 -3.084678 0.045422
v -1.403927 -3.553582 0.107873
v -1.477543 -3.417517 -0.045987
v -1.466030 -3.898286 -0.003771
v -1.526387 -3.786638 -0.166004
v -1.619540 -4.284853 -0.163911
v -1.678502 -4.184721 -0.312188
v -1.941913 -1.697848 1.115811
v -1.882951 -1.790652 0.931598
v -0.457045 -2.832083 1.914765
v -0.414481 -2.855457 1.564481
v -0.189099 -2.885463 1.615768
v -0.202357 -2.858598 1.954887
v -0.353425 -2.999201 1.285022
v -0.170957 -3.008271 1.317817
v -0.347145 -3.362741 0.988118
v -0.184215 -3.338668 1.083364
v -0.356914 -3.663135 0.925318
v -0.187006 -3.661738 0.999282
v -0.704407 -3.953758 0.725056
v -0.534498 -3.980972 0.799020
v -0.522636 -3.651969 0.858680
v -0.679985 -3.624060 0.779134
v -0.365636 -4.328115 0.771458
v -0.360403 -3.987250 0.857285
v -0.556478 -4.326720 0.734476
v -0.184563 -3.987949 0.904036
v -0.176539 -4.336839 0.789251
v -0.748018 -4.300901 0.668885
v -0.386221 -4.698285 0.673072
v -0.169212 -4.711195 0.666792
v -0.675100 -3.295407 0.875078
v -0.814306 -3.244121 0.785414
v -0.831751 -3.581145 0.686678
v -0.000002 -4.332999 0.800416
v -0.000002 -3.983064 0.935087
v -0.831053 -4.673862 0.548519
v -0.608811 -4.703169 0.654232
v -1.529527 -4.390216 -0.004120
v -1.369388 -4.012371 0.129853
v -1.296121 -3.677090 0.258593
v -1.222506 -3.336575 0.358026
v -0.000002 -3.341809 1.124882
v -0.000002 -2.988734 1.356893
v -1.489405 -2.356549 1.548781
v -1.549414 -2.285026 1.791956
v -1.694202 2.663603 2.213415
v -1.636636 -2.053015 -0.340796
v -1.596165 -2.408533 -0.480003
v -1.643962 -3.437403 -0.880178
v -1.780727 -3.858511 -1.035085
v -1.595118 -3.064790 -0.734692
v -1.581511 -2.730555 -0.601766
v -1.549414 -1.964048 -0.736087
v -1.513478 -2.329684 -0.824356
v -1.610120 -3.365531 -1.116026
v -1.769911 -3.782803 -1.247558
v -1.512432 -2.655195 -0.908438
v -1.546972 -2.988034 -0.997055
v -1.361363 -1.923928 -1.136960
v -1.357525 -2.279792 -1.188246
v -1.537552 -3.314245 -1.337919
v -1.716531 -3.716864 -1.444679
v -1.391019 -2.603909 -1.232555
v -1.451376 -2.939888 -1.273724
v -1.184477 -1.885547 -1.512014
v -1.164590 -2.248742 -1.509572
v -1.419976 -3.294708 -1.573419
v -1.612214 -3.677088 -1.682272
v -1.215877 -2.575301 -1.519341
v -1.307285 -2.918258 -1.535390
v -0.991891 -1.834960 -1.778913
v -0.968166 -2.207572 -1.734954
v -1.239601 -3.319129 -1.807523
v -1.464285 -3.698369 -1.944287
v -1.009335 -2.555064 -1.727279
v -1.105279 -2.926280 -1.753097
v -0.734062 -1.788208 -1.953707
v -0.733713 -2.175824 -1.916725
v -0.974795 -3.398677 -2.024531
v -1.142261 -3.828855 -2.182229
v -0.749762 -2.523316 -1.877649
v -0.838031 -2.946516 -1.924749
v -0.237246 -1.749133 -2.088726
v -0.000002 -1.732736 -2.110009
v -0.000002 -2.088600 -2.026973
v -0.219801 -2.103602 -2.039882
v -0.311559 -3.459033 -2.121870
v -0.000002 -3.471943 -2.085587
v -0.000002 -3.962826 -2.335391
v -0.366334 -3.977829 -2.322133
v -0.000002 -2.450049 -1.966965
v -0.209683 -2.455979 -1.989991
v -0.000002 -2.932562 -1.957893
v -0.256434 -2.941632 -2.007435
v -1.314612 2.841886 -2.370626
v -1.407067 3.430111 -1.726579
v -0.988402 3.600021 -1.842758
v -0.948977 2.942715 -2.454359
v -0.598694 3.673986 -1.857063
v -0.532754 3.032727 -2.483317
v -1.977151 2.336349 -1.772283
v -2.137639 2.768619 -1.266046
v -1.722811 3.183447 -1.562601
v -1.651638 2.634997 -2.189205
v -2.429659 1.380044 -0.682008
v -2.447801 1.609611 -0.421039
v -2.394421 2.007694 -0.668401
v -2.364417 1.706604 -1.004032
v -2.308944 2.396704 -0.994960
v -2.238119 2.039443 -1.422348
v -2.188926 -0.173555 1.188730
v -2.209510 0.194872 1.212803
v -2.247190 0.169751 1.010797
v -2.226606 -0.219608 0.968233
v -2.206719 0.581439 1.264788
v -2.241259 0.593650 1.076388
v -2.275799 2.774900 0.138926
v -2.312083 2.686631 -0.449997
v -2.390932 2.222260 -0.245898
v -2.357439 2.293432 0.174862
v -2.147059 -0.524538 1.178961
v -2.184390 -0.591522 0.933344
v -2.040648 -0.503252 -1.112885
v -2.108681 -0.203909 -1.199409
v -1.966335 -0.148783 -1.610748
v -1.894115 -0.466619 -1.506780
v -2.084608 3.158676 -0.588855
v -1.976802 3.417899 0.123924
v -1.720718 -0.046559 -2.062907
v -1.660011 -0.401378 -1.937309
v -1.868995 -1.731340 1.582275
v -1.968080 -1.494796 1.356544
v -1.815266 -1.696104 -0.184494
v -1.731882 -1.550267 -0.699105
v -1.502663 -1.597017 -1.231508
v -1.309379 -1.591784 -1.621216
v -1.078066 -1.547824 -1.898582
v -0.798258 -1.502470 -2.087331
v -1.677456 -0.238796 2.732211
v -1.560927 -0.099591 2.773380
v -1.703273 0.015892 2.635918
v -1.828175 -0.107616 2.599983
v -1.557438 0.439791 2.631383
v -1.613609 0.403853 2.582539
v -1.542087 0.195916 2.656503
v -1.411254 0.117416 2.747214
v -1.679200 0.364082 2.538229
v -1.623378 0.283140 2.588818
v -1.561974 0.337564 2.622312
v -1.467425 0.021821 2.756633
v -1.611865 0.114974 2.652665
v -2.042393 -1.400594 0.991258
v -2.055651 -1.395011 0.608528
v -2.037159 -1.203474 1.249088
v -0.000002 -3.644293 1.051267
v -0.000002 -4.709801 0.663303
v -0.219452 -2.887905 2.696972
v -0.489143 -2.866973 2.651617
v -0.750460 -2.777656 2.574164
v -0.968864 -2.649963 2.419257
v -0.975493 -2.688343 2.266095
v -0.737551 -2.790915 2.408442
v -0.952466 -2.716950 2.040365
v -0.724991 -2.788124 2.134215
v -1.183779 -2.582629 2.127238
v -1.169126 -2.512850 2.280051
v -1.147146 -2.625890 1.917207
v -0.992588 -2.720091 1.371895
v -0.846753 -2.877786 1.012540
v -0.713478 -2.941284 1.114764
v -0.819540 -2.758468 1.418646
v -0.517403 -3.333784 0.964393
v -0.928742 -4.255896 0.564219
v -1.005846 -4.620831 0.432688
v -0.871524 -3.917125 0.630508
v -0.530312 -2.980708 1.215942
v -0.623465 -2.816382 1.489470
v -0.902924 -2.740674 1.760207
v -0.695685 -2.793707 1.838358
v -1.081555 -2.658337 1.648912
v -1.556741 -2.167101 2.047342
v -1.741302 -1.931951 1.870456
v -1.136330 -2.750093 0.834956
v -1.280072 -2.509362 1.095576
v -1.395903 -2.395973 0.952183
v -1.267861 -2.647870 0.716683
v -1.181337 -3.783502 0.394659
v -1.111908 -3.438798 0.477346
v -1.262628 -4.112501 0.255104
v -1.406370 -4.488604 0.141366
v -1.534412 -2.259559 1.141280
v -1.653034 -2.098024 0.938227
v -1.833060 -1.674820 0.603992
v -1.802358 -1.519218 0.286504
v -1.397996 -2.412370 1.322004
v -1.761538 -1.891481 0.768667
v -1.860273 -1.408270 -0.038310
v -2.466641 1.116982 -0.496051
v -2.477805 1.278516 -0.274856
v -2.472921 0.859851 -0.355798
v -2.469781 0.972891 -0.167398
v -2.237770 -0.612806 0.689122
v -2.285219 -0.247870 0.758551
v -0.000002 3.755973 -1.882183
v -0.000002 3.075991 -2.559724
v -2.118799 -0.964135 0.905782
v -2.175319 -0.951228 0.556195
v -1.808289 1.368184 -2.283056
v -1.879113 1.847555 -2.100238
v -1.575580 2.023394 -2.429588
v -1.513478 1.463080 -2.594613
v -1.937029 -1.254761 -0.340796
v -0.247363 -1.170327 -2.366789
v -0.000002 -1.157766 -2.385280
v -0.000002 -1.425714 -2.270496
v -0.243874 -1.441415 -2.256541
v -0.595554 -0.651181 -2.541931
v -0.639862 -0.350790 -2.689510
v -0.283299 -0.350091 -2.790688
v -0.258179 -0.642111 -2.641713
v -0.961537 -0.664091 -2.395747
v -1.033059 -0.350091 -2.530068
v -1.134237 -1.292437 -1.970453
v -0.845009 -1.241151 -2.170017
v -1.389623 -1.329769 -1.691343
v -1.567207 -1.319301 -1.320475
v -1.789798 -1.258247 -0.847382
v -0.488096 -1.773206 -2.053838
v -0.519496 -1.466532 -2.204557
v -2.011691 0.288722 -1.754141
v -1.751420 0.385365 -2.205254
v -0.331445 0.010310 -2.922917
v -0.376452 0.497358 -3.023396
v -0.000002 0.509219 -3.061076
v -0.000002 0.007170 -2.965132
v -2.170784 0.199059 -1.320822
v -1.438118 0.008567 -2.434473
v -1.464634 0.443978 -2.553444
v -1.146099 0.467702 -2.778477
v -1.098650 0.011009 -2.657064
v -2.181250 -0.153319 -0.949954
v -2.243003 0.118465 -0.995658
v -2.314874 0.561903 -1.039967
v -2.361974 0.874505 -0.976469
v -2.272310 1.035345 -1.361991
v -2.232188 0.663777 -1.413627
v -1.773051 0.873461 -2.304338
v -1.480683 0.936958 -2.628804
v -2.037159 0.796704 -1.912536
v -2.079724 1.255842 -1.938005
v -0.398432 1.067789 -3.057936
v -0.432623 1.663691 -3.016069
v -0.000002 1.686369 -3.095616
v -0.000002 1.087327 -3.122133
v -1.191106 1.541580 -2.800805
v -1.165288 0.983709 -2.840578
v -1.245532 2.151786 -2.629152
v -2.398259 1.129192 -0.861336
v -2.315921 1.373068 -1.231507
v -2.159968 1.629500 -1.726928
v -0.495074 2.309831 -2.892562
v -0.000002 2.401939 -2.912449
v -0.323072 4.270581 0.943811
v -0.000002 4.295003 0.907876
v -0.000002 4.350131 0.044726
v -0.439252 4.314895 0.144160
v -1.524294 3.819119 0.853449
v -1.132493 4.050783 0.850309
v -1.361712 2.920733 2.494968
v -1.397299 3.202984 2.214462
v -1.740604 2.865957 1.976869
v -1.998084 2.463342 1.601465
v -2.142873 2.019556 1.314679
v -0.819191 4.231506 0.155673
v -0.952117 4.067880 -0.877734
v -1.384739 -0.354626 -2.293174
v -0.264110 2.978997 2.917820
v -0.256085 2.771758 3.031907
v -0.000002 2.784668 3.061213
v -0.000002 2.985278 2.948523
v -0.997822 3.106690 2.618125
v -1.017708 3.438135 2.312151
v -2.055999 2.590337 1.340148
v -1.782471 3.069358 1.690083
v -2.194857 2.121779 1.086506
v -0.711733 0.013451 -2.813016
v -2.304757 2.274594 0.528983
v -2.201486 2.763733 0.605390
v -1.891673 3.433949 0.786463
v -1.421023 3.446160 1.882320
v -1.970871 -1.272205 0.294878
v -1.980291 -1.167886 0.041934
v -2.005062 -1.049961 -0.198101
v -1.962846 -1.081710 -0.555362
v -2.254866 -0.117384 -0.786326
v -2.307199 0.140445 -0.829239
v -2.371045 0.498404 -0.810050
v -2.416401 0.745067 -0.746901
v -2.443963 0.936957 -0.649561
v -2.152293 2.673372 1.003820
v -1.843876 3.280786 1.363873
v -2.254517 2.210397 0.827980
v -0.000002 -0.357418 -2.827321
v -1.451725 3.678869 1.459119
v -0.246317 3.947162 1.990127
v -0.248061 3.658283 2.349133
v -0.000002 3.695265 2.352273
v -0.000002 3.971933 1.995360
v -0.461232 -2.485285 -1.978478
v -0.508332 -2.952099 -2.013018
v -0.000002 4.215808 -0.884363
v -0.599043 4.159288 -0.893085
v -2.029833 -0.654324 -0.769928
v -2.120195 -0.549309 -0.629326
v -2.170435 -0.354278 -0.715501
v -2.076933 -0.428942 -0.842845
v -0.720805 4.208827 0.894967
v -1.058877 3.909135 1.506219
v -0.640909 4.033687 1.596930
v -0.256783 3.296138 2.699765
v -0.000002 3.320909 2.726630
v -0.776278 0.482704 -2.921521
v -0.474141 -2.131864 -2.031509
v -0.879548 2.245288 -2.759287
v -0.268994 4.080439 1.632168
v -0.000002 4.113931 1.614723
v -0.612998 -3.460777 -2.124662
v -0.715222 -3.952013 -2.286197
v -0.801747 1.027320 -2.975250
v -0.833495 1.609613 -2.926405
v -1.033059 3.684798 1.948609
v -0.000002 -1.953931 3.212978
v -0.000002 -1.881363 3.261473
v -0.000002 -2.041155 3.169716
v -0.000002 -2.884764 1.577739
v -0.000002 -2.864182 1.972331
v -0.000002 -2.883719 2.308311
v -0.000002 -2.892440 2.565093
v -0.000002 -2.899417 2.716161
v -0.501703 0.265346 2.999809
v -0.465767 0.213012 3.067842
v -0.375405 0.308956 3.154715
v -0.418318 0.348032 3.052142
v -1.154472 -2.427372 2.411582
v -0.963631 -2.587863 2.538926
v -0.751158 -2.746257 2.691041
v -0.502052 -2.835224 2.798498
v -0.223639 -2.872902 2.825363
v -1.102837 -3.052930 0.596316
v -1.206457 -2.952799 0.493743
v -2.284521 -0.097847 -0.576644
v -2.351508 0.153355 -0.608044
v -2.413261 0.419555 -0.598275
v -2.451988 0.599929 -0.551524
v -0.597647 3.584667 2.345644
v -0.591367 3.232291 2.676041
v -0.616836 3.835170 1.981754
v -1.126910 0.745067 2.941196
v -1.125864 0.748208 2.908749
v -0.992239 0.744019 2.934218
v -0.991542 0.747159 2.957593
v -1.424512 0.647728 2.801989
v -1.422418 0.643193 2.840367
v -1.435676 0.618771 2.819084
v -1.435676 0.616328 2.781754
v -1.401485 0.666916 2.822922
v -1.398694 0.660288 2.866184
v -1.337639 0.696222 2.862696
v -1.335894 0.696222 2.903516
v -1.246579 0.724135 2.905260
v -1.247277 0.721343 2.946778
v -0.859313 0.718901 2.942591
v -0.600089 0.500147 2.815596
v -0.558572 0.525268 2.841064
v -0.616836 0.590160 2.865138
v -0.659051 0.599928 2.836878
v -0.637420 0.575157 2.827458
v -0.584040 0.571670 2.841413
v -0.557176 0.546549 2.852229
v -0.692196 0.476424 2.858160
v -0.683125 0.473283 2.874558
v -0.641956 0.483052 2.858160
v -0.653469 0.487238 2.829551
v -0.872222 0.439791 2.903864
v -0.872222 0.439791 2.921309
v -0.750111 0.455139 2.900027
v -0.754996 0.461771 2.880140
v -0.647538 0.623655 2.872813
v -0.992239 0.426881 2.925844
v -0.990495 0.426182 2.942242
v -0.730224 0.671102 2.901073
v -1.326125 0.490378 2.838622
v -1.331359 0.490378 2.848740
v -1.257743 0.459328 2.885373
v -1.251812 0.455139 2.872116
v -1.404625 0.539921 2.778613
v -1.404276 0.543758 2.801640
v -1.388227 0.527710 2.813154
v -1.387879 0.531197 2.801640
v -1.432885 0.582833 2.759425
v -1.429396 0.578997 2.776171
v -1.422070 0.554924 2.776869
v -1.424163 0.557017 2.758378
v -1.438816 0.596791 2.761867
v -1.438816 0.592951 2.786638
v -0.991891 0.454444 2.797453
v -0.990495 0.433160 2.901073
v -0.872222 0.446069 2.883978
v -0.877106 0.461771 2.780707
v -1.310774 0.492821 2.707091
v -1.307983 0.493519 2.810014
v -1.234019 0.463514 2.843158
v -1.234019 0.476424 2.745469
v -1.413696 0.624350 2.641501
v -1.423465 0.619815 2.726978
v -1.423465 0.596791 2.720000
v -1.421721 0.604813 2.625800
v -1.133190 0.729715 2.813502
v -1.233670 0.723785 2.856415
v -1.251114 0.710177 2.773380
v -0.669169 0.640052 2.755238
v -0.674751 0.623655 2.846298
v -0.730224 0.674243 2.883629
v -0.730573 0.671451 2.788034
v -0.759880 0.461072 2.863394
v -0.748018 0.488984 2.745120
v -1.424163 0.584926 2.718954
v -1.422767 0.583182 2.612543
v -1.324730 0.699363 2.797803
v -1.324381 0.703549 2.726978
v -0.661494 0.610745 2.748609
v -0.640560 0.583881 2.748958
v -0.712780 0.490378 2.732560
v -0.701267 0.482353 2.830947
v -0.669169 0.491077 2.813154
v -0.684520 0.492471 2.724187
v -1.411603 0.553526 2.724536
v -1.425907 0.566786 2.611147
v -1.384390 0.674941 2.757331
v -1.377063 0.673544 2.687903
v -0.623814 0.558411 2.743725
v -0.617534 0.553876 2.821527
v -1.406021 0.548293 2.630336
v -1.394507 0.543758 2.748609
v -1.371830 0.531197 2.762914
v -1.389972 0.526313 2.653014
v -1.404974 0.646330 2.743725
v -1.399043 0.650519 2.663829
v -0.619627 0.544806 2.746865
v -0.617534 0.530152 2.816293
v -0.853382 0.701107 2.816991
v -0.858266 0.721693 2.926193
v -1.001659 0.727971 2.828504
v -0.635327 0.522127 2.739538
v -0.644747 0.509916 2.811060
v -1.792938 0.145329 2.526018
v -1.895860 0.069620 2.464614
v -2.095424 -0.874472 1.185241
v -2.150897 -0.984720 0.289296
v -1.696645 0.217896 2.564396
v -1.509989 0.379780 2.665225
v -1.448585 0.447117 2.747911
v -1.468472 0.409087 2.707789
v -1.410556 0.484795 2.780358
v -1.388576 0.507474 2.810014
v -1.690714 -4.943203 0.059726
v -1.842480 -4.830163 -0.136000
v -0.697080 -5.141372 0.594572
v -0.965026 -5.122881 0.496185
v -0.459487 -5.137536 0.660512
v -1.228088 -5.117998 0.360817
v -1.957962 -4.730032 -0.337657
v -2.000177 -4.647696 -0.506519
v -2.053906 -4.160649 -1.658548
v -1.934935 -4.072031 -1.906956
v -0.837333 -4.324276 -2.452617
v -0.422156 -4.378354 -2.471457
v -2.110426 -4.257988 -1.441888
v -0.000002 -4.416731 -2.489949
v -1.357525 -4.196233 -2.394701
v -2.113915 -4.348700 -1.213017
v -2.013784 -4.523143 -0.736785
v -2.086353 -4.423359 -0.996009
v -1.789798 -4.057028 -2.197579
v -2.769476 -4.896801 -1.223833
v -2.758660 -4.816907 -1.371413
v -2.086702 -4.400334 -2.484366
v -1.560927 -4.517210 -2.619037
v -2.730749 -4.985071 -0.945420
v -2.403492 -4.439061 -2.234911
v -2.625734 -4.532913 -1.979176
v -2.689580 -4.663394 -1.653663
v -0.998868 -4.631994 -2.624968
v -0.472745 -4.705610 -2.611012
v -0.000002 -4.760735 -2.608919
v -2.263588 -5.310234 0.008091
v -2.456523 -5.211151 -0.278696
v -0.913740 -5.477352 0.917642
v -1.291237 -5.470724 0.766225
v -0.591367 -5.508751 0.949740
v -1.686527 -5.460606 0.549914
v -2.598520 -5.129509 -0.532686
v -2.670043 -5.062871 -0.677474
v -0.207590 -5.151490 0.602945
v -0.000002 -5.156374 0.568405
v -0.266203 -5.539455 0.842980
v -0.000002 -5.583415 0.706914
v -1.489405 -5.036705 0.217772
v -1.224599 -4.550357 0.282317
v -1.109815 -4.196934 0.400241
v -1.043875 -3.862698 0.533517
v -0.980028 -3.522532 0.587594
v -0.969213 -3.160387 0.733778
v -0.968515 -2.796844 0.922178
v -1.140168 -2.621005 1.238969
v -1.245532 -2.542156 1.493308
v -1.324032 -2.505523 1.747647
v -1.370783 -2.454237 1.981752
v -1.360316 -2.357597 2.165616
v -1.329963 -2.253277 2.327500
v -0.194681 -0.336139 3.981929
v -0.898389 -1.690871 3.007483
v -0.953862 -1.736574 2.975385
v -0.807329 -1.633303 3.050745
v -0.766160 -1.593529 3.067143
v -0.789187 -1.616207 3.060514
v -0.754996 -1.582017 3.063654
v -0.741389 -1.566665 3.065747
v -0.735458 -1.560735 3.043418
v -0.735109 -1.553409 3.011669
v -0.717664 -1.554454 2.961778
v -0.741389 -1.569806 2.910841
v -0.864198 -1.503167 2.770936
v -0.871524 -1.559338 2.740235
v -0.883386 -1.588645 2.713022
v -0.918275 -1.628419 2.631032
v -1.023639 -1.597368 2.430422
v -1.138772 -1.490956 2.056762
v -0.950373 -0.814462 2.589864
v -1.057133 -0.584545 2.226324
v -0.891760 -0.974253 2.769542
v -0.839426 -1.116949 2.811409
v -0.814306 -1.232082 2.825015
v -0.803142 -1.346167 2.829551
v -0.688707 -1.495841 2.963523
v -0.689056 -1.510494 3.009576
v -0.719060 -1.522705 3.046210
v -0.728829 -1.514683 3.066794
v -0.740691 -1.513635 3.080750
v -0.757089 -1.516077 3.087379
v -0.783255 -1.516776 3.087379
v -0.820587 -1.519567 3.065747
v -0.835589 -1.519567 3.070283
v -0.866291 -1.489911 3.076911
v -0.926997 -1.460954 3.067492
v -0.285741 -0.362304 3.885985
v -0.392850 -0.390912 3.743289
v -2.020413 -5.395365 0.275688
v -0.273530 -0.420917 3.884938
v -0.382034 -0.445339 3.757942
v -0.469605 -0.438013 3.546515
v -0.519496 -0.500116 3.375561
v -0.842566 -1.353494 3.140060
v -0.538336 -0.558380 3.257637
v -2.062977 0.598534 1.983846
v -2.024599 0.843454 2.050484
v -2.069606 0.860898 1.932560
v -2.104495 0.588416 1.864526
v -1.945402 1.076162 2.200157
v -1.990060 1.135823 2.082582
v -1.818407 1.292474 2.425190
v -1.864460 1.382137 2.327153
v -1.631402 1.495875 2.684065
v -1.400439 1.671365 2.914331
v -1.435327 1.815804 2.828156
v -1.666989 1.617986 2.590214
v -1.135633 1.783357 3.090869
v -1.162497 1.950126 3.011671
v -0.863151 1.840925 3.228680
v -0.887922 2.052698 3.133433
v -0.540429 1.949081 3.311017
v -0.570783 2.169578 3.229377
v -0.259923 2.010485 3.339277
v -0.258179 2.227492 3.269500
v -0.000002 2.036302 3.345208
v -0.000002 2.270058 3.279617
v -0.557874 -0.596756 3.177392
v -0.606020 -0.605131 3.157855
v -1.022244 -0.139015 2.934217
v -0.889666 -0.212631 3.013764
v -0.644049 -0.096799 3.079006
v -0.727433 -0.031209 2.991435
v -0.430181 0.160681 3.165879
v -0.393199 0.085318 3.285548
v -0.301441 0.175334 3.415334
v -0.331445 0.256971 3.282757
v -0.111995 0.091949 3.750267
v -0.110599 0.208127 3.685722
v -0.203403 0.151607 3.617341
v -0.209334 0.047291 3.676303
v -0.522985 0.071713 3.080751
v -0.494725 0.015892 3.177741
v -0.000002 0.119509 3.794925
v -0.000002 0.230806 3.689211
v -0.549500 -0.715030 3.155064
v -0.758833 0.049384 2.959337
v -0.579854 0.135560 3.008182
v -0.613696 0.195916 2.965967
v -0.780115 0.124743 2.932473
v -0.000002 2.451480 3.211933
v -0.255039 2.435779 3.195884
v -0.610905 2.393213 3.139713
v -0.915484 2.280522 3.047955
v -1.176103 2.140967 2.918518
v -0.429832 -1.014027 3.411496
v -0.651376 -0.811324 3.180182
v -0.572178 -1.006002 3.304039
v -0.181075 -0.396495 3.977742
v -0.760229 -1.240457 3.207047
v -0.614743 0.465258 2.867231
v -0.585087 0.441185 2.869324
v -0.560316 0.431765 2.873511
v -0.528218 0.402459 2.895840
v -0.454603 0.375944 2.975386
v -0.496121 0.387107 2.926542
v -1.469867 1.972455 2.713023
v -0.684520 -0.558729 3.129595
v -0.997822 -0.020741 2.912238
v -1.710600 1.754050 2.469150
v -0.203752 -2.204433 3.193440
v -0.000002 -2.242115 3.234260
v -0.989448 0.075899 2.893398
v -0.463325 -0.488600 3.573380
v -2.133453 0.320818 1.858595
v -2.090888 0.353615 1.990824
v -0.425296 -2.145122 3.124709
v -0.768253 -0.732126 3.130990
v -0.582994 -2.086509 3.042720
v -0.796513 -2.014291 2.955498
v -0.967120 -1.931255 2.894444
v -0.541476 -0.219958 3.194488
v -0.667774 -0.338581 3.127851
v -1.075973 -1.843682 2.867230
v -1.106326 -1.721921 2.900374
v -1.094813 -1.595625 2.940845
v -1.005148 -1.444554 3.027719
v -0.908855 -1.293836 3.112498
v -0.822331 -1.146605 3.165180
v -0.959444 -0.838538 3.076913
v -1.029919 -1.015771 3.051095
v -0.909902 -1.076826 3.108313
v -0.839078 -0.908314 3.122966
v -1.905280 1.482616 2.195273
v -2.037857 1.198272 1.933258
v -2.111124 0.883228 1.788469
v -2.141128 0.571670 1.706829
v -2.040299 -0.664442 2.053624
v -2.036113 -0.817253 1.781142
v -1.955171 -1.033565 1.949654
v -1.934586 -0.868540 2.215857
v -2.161015 0.276509 1.699502
v -2.154037 0.003681 1.726716
v -2.134848 0.077992 1.902904
v -2.137290 -0.235309 1.812542
v -2.130313 -0.134480 1.997104
v -2.099611 -0.454409 1.924186
v -2.089493 -0.330555 2.127937
v -2.029484 -0.526980 2.276563
v -1.901093 -0.701771 2.427632
v -1.500569 -2.042549 2.272027
v -0.244572 -2.599725 3.127151
v -0.000002 -2.610538 3.141804
v -0.000002 -2.409579 3.215769
v -0.235850 -2.401207 3.203209
v -1.220063 -1.435484 2.867230
v -1.275885 -1.650398 2.759772
v -1.178197 -1.614464 2.864789
v -1.109466 -1.441067 2.957942
v -0.286788 0.076947 3.506045
v -0.490887 -2.550531 3.099589
v -0.492632 -2.704041 3.006785
v -0.254341 -2.744514 3.035743
v -1.266117 -1.844730 2.689995
v -1.186570 -1.777393 2.804430
v -1.048061 -2.175476 2.714068
v -1.093417 -2.266187 2.615333
v -0.905715 -2.441327 2.761167
v -0.859313 -2.332476 2.829550
v -0.666378 -2.457727 2.972245
v -0.721502 -2.598327 2.887465
v -1.188315 -2.018127 2.669061
v -1.336941 -1.910670 2.570675
v -1.237508 -2.105351 2.559859
v -0.239688 -2.812546 2.960732
v -0.000002 -2.832084 2.958987
v -0.000002 -2.755327 3.033649
v -0.501005 -2.768936 2.916074
v -0.731620 -2.674035 2.803383
v -1.818756 -0.521048 2.581143
v -1.973662 -0.357769 2.430074
v -2.098913 -0.596407 1.676476
v -2.025297 -0.181581 2.262259
v -2.072746 -0.031209 2.140148
v -0.375754 0.000540 3.373119
v -0.460883 -0.058772 3.250659
v -2.088795 0.148470 2.052577
v -2.162410 -0.057374 1.557505
v -2.178459 0.250344 1.547736
v -2.192764 0.221736 1.381665
v -2.173226 -0.116686 1.378874
v -2.165550 0.573064 1.568321
v -2.187181 0.578298 1.418996
v -2.048673 0.393389 2.107004
v -2.036811 0.225223 2.173293
v -2.013435 0.091600 2.249350
v -1.969126 -0.051795 2.369717
v -1.902489 -0.236354 2.521134
v -1.750373 -0.374515 2.666969
v -2.134499 -0.332998 1.604256
v -2.137290 -0.429987 1.393527
v -0.256434 2.561030 3.132386
v -0.000002 2.582311 3.151576
v -0.600089 2.539050 3.070284
v -1.212039 2.322389 2.825016
v -0.920368 2.446595 2.971200
v -1.516967 2.148643 2.593005
v -2.133453 0.913928 1.655892
v -2.154386 0.946725 1.511452
v -2.058790 1.256885 1.815333
v -2.090888 -0.736311 1.437138
v -2.030531 -0.996932 1.511102
v -1.963195 -1.235572 1.637399
v -1.834455 -1.239409 2.185153
v -1.790844 -1.029379 2.405303
v -1.344268 -1.453278 2.746166
v -1.379156 -1.685987 2.635917
v -0.443787 -2.348523 3.131687
v -1.013173 -2.064878 2.799196
v -0.812911 -2.174428 2.896536
v -0.610556 -2.270024 3.014460
v -1.127259 -1.934393 2.785241
v -0.932231 -2.516690 2.667317
v -0.595903 -0.148086 3.127851
v -0.772440 -0.263917 3.065748
v -1.095161 -0.389169 2.993878
v -1.190059 -0.563264 2.985155
v -0.998868 -1.257899 3.052839
v -1.117141 -1.225804 2.982363
v -1.119933 -2.352363 2.527064
v -1.283910 -2.176175 2.460426
v -1.411952 -1.967888 2.443331
v -0.000002 -2.890347 2.835481
v -1.498476 -1.714594 2.468102
v -1.676060 -1.706569 2.202249
v -1.856784 -1.463047 1.901507
v -1.725602 -0.831906 2.572072
v -0.448672 -0.142855 3.303341
v -0.373661 -0.074124 3.432081
v -0.292719 -0.009928 3.562565
v -0.749064 -0.996233 3.181928
v -0.000002 -0.646297 -2.673810
v -0.000002 -0.905870 -2.520997
v -0.251550 -0.906918 -2.492389
v -0.546360 -1.198934 -2.301198
v -0.563805 -0.937618 -2.407260
v -0.901180 -0.969716 -2.271892
v -1.303448 -0.680488 -2.168620
v -1.205410 -1.011583 -2.054534
v -1.574185 -0.725496 -1.831943
v -1.473705 -1.041239 -1.751002
v -1.799218 -0.761430 -1.425838
v -1.678154 -1.045075 -1.368970
v -1.968428 -0.767364 -1.026711
v -1.881555 -1.013327 -0.928673
v -1.976453 -0.889125 -0.685148
v -2.049719 -0.900987 -0.410923
v -2.067862 -0.745035 -0.518381
v -1.271699 -1.224756 2.861996
v -1.184128 -1.002515 2.966663
v -1.366248 -0.970766 2.838970
v -1.441258 -1.201728 2.720697
v -1.102139 -0.777133 3.023184
v -1.492196 -1.450137 2.595098
v -1.614656 -1.144163 2.571723
v -1.545227 -0.927851 2.708487
v -1.337988 -0.518605 2.901422
v -1.235414 -0.342767 2.920611
v -1.458005 -0.313460 2.846646
v -1.546623 -0.472553 2.800594
v -1.661407 -1.393967 2.411233
v -1.330312 -0.166928 2.885024
v -1.255999 -0.030510 2.852927
v -1.218319 0.071364 2.827109
v -1.200177 0.148120 2.825016
v -1.185523 0.211967 2.835133
v -1.169475 0.273022 2.860602
v -1.160752 0.330936 2.893049
v -1.142959 0.373152 2.915378
v -1.138075 0.410484 2.926542
v -1.129352 0.441185 2.883280
v -1.140168 0.455139 2.774078
v -1.137028 0.430717 2.914680
v -1.137028 0.430022 2.931775
v -1.623727 -0.642463 2.691391
v -1.262279 -0.733520 2.941544
v -1.437770 -0.725847 2.826411
v -0.680682 -1.131952 3.257984
v -0.643002 -1.251969 3.306480
v -0.626954 -1.331514 3.322180
v -0.341214 -1.186030 3.567797
v -0.550547 -1.181841 3.384283
v -0.505889 -1.457464 3.286593
v -0.476932 -1.479444 3.224143
v -0.439950 -1.135788 3.464526
v -0.467163 -1.442112 3.186811
v -0.458092 -1.293138 3.062956
v -0.472047 -1.108575 3.104824
v -0.479374 -0.951575 3.119477
v -0.498912 -0.746429 3.131688
v -0.473443 -0.508487 2.806175
v -0.519147 -0.260081 2.374601
v -2.468036 0.734949 -0.478606
v -2.261146 1.670666 0.925320
v -2.208812 1.565302 1.131164
v -2.314526 1.763470 0.708660
v -2.365114 1.821388 0.470021
v -2.403841 1.831157 0.199982
v -2.438730 1.428888 0.206959
v -2.404888 1.417026 0.425712
v -2.304408 1.242931 0.806698
v -2.255214 1.107212 0.993353
v -2.356043 1.350388 0.623880
v -2.446405 1.094652 0.218821
v -2.425123 1.071278 0.392916
v -2.343832 0.853921 0.697845
v -2.301965 0.613188 0.844727
v -2.387094 0.993826 0.552009
v -2.125428 -0.771550 -0.234734
v -2.144966 -0.654324 -0.340098
v -2.179157 -0.476389 -0.438135
v -2.228699 -0.290781 -0.521869
v -2.140779 -1.001816 0.118341
v -2.127522 -0.903429 -0.080875
v -2.466292 1.388765 -0.028191
v -2.463850 1.062903 0.032864
v -2.439079 1.771146 -0.109482
v -2.301617 0.141489 0.803907
v -2.409074 0.706690 -0.078432
v -2.433147 0.642494 -0.243456
v -2.461059 0.181264 -0.459766
v -2.428263 -0.058771 -0.455580
v -2.313130 -0.613851 0.540845
v -2.346623 -0.276827 0.618298
v -2.659925 0.485145 -0.370102
v -2.754822 0.502590 -0.488375
v -2.761451 0.627492 -0.394175
v -2.660623 0.571671 -0.329980
v -2.306850 -0.974253 0.293483
v -2.276148 -0.883192 0.416292
v -2.337901 -0.724449 -0.058894
v -2.333365 -0.852492 0.054493
v -2.388141 0.240575 0.567360
v -2.393723 0.163123 0.500025
v -2.394421 -0.028068 0.501420
v -2.389188 -0.000508 0.565267
v -2.509554 -0.687117 -0.070756
v -2.635852 -0.704213 -0.128323
v -2.650505 -0.592570 -0.249387
v -2.509903 -0.577218 -0.169491
v -2.412563 0.717853 0.496536
v -2.432799 0.783793 0.374425
v -2.354299 0.064736 0.658769
v -2.535372 0.662032 0.131599
v -2.648760 0.695874 0.149393
v -2.562236 0.595743 0.248128
v -2.503274 0.636911 0.246383
v -2.417099 -0.964484 0.243592
v -2.537116 -0.917383 0.223705
v -2.561538 -0.952972 0.089035
v -2.458616 -0.965532 0.131599
v -2.485830 0.487937 0.346863
v -2.469781 0.596442 0.366401
v -2.375232 -0.283804 -0.373242
v -2.575494 -0.888426 -0.018424
v -2.486876 -0.884590 0.011930
v -2.399654 0.415369 0.530029
v -2.403492 0.313143 0.473160
v -2.653994 0.362686 -0.415458
v -2.746100 0.347683 -0.545244
v -2.445707 0.566087 -0.335562
v -2.378721 -0.619784 0.460252
v -2.412214 -0.596060 0.404778
v -2.454081 -0.833304 0.322789
v -2.373139 -0.891917 0.378961
v -2.538163 -0.419173 -0.264738
v -2.641783 -0.433826 -0.378824
v -2.633060 -0.296364 -0.452091
v -2.562236 -0.276827 -0.342889
v -2.490016 0.316982 0.356981
v -2.437683 0.402459 0.415943
v -2.565027 0.407344 0.316510
v -2.568167 -0.846559 0.152532
v -2.473619 -0.738753 0.262781
v -2.447801 -0.272987 0.389427
v -2.421983 -0.302992 0.462694
v -2.417448 -0.051096 0.422921
v -2.728656 -0.672813 -0.154838
v -2.742611 -0.596756 -0.247642
v -2.642132 0.512009 0.242894
v -2.419890 -0.574426 0.361865
v -2.914962 0.296397 -0.490817
v -2.924731 0.419206 -0.439182
v -2.596427 -0.909361 0.075776
v -2.432101 0.237434 0.400941
v -2.415354 0.106254 0.419432
v -2.864024 0.682268 -0.213800
v -2.751333 0.753442 -0.245549
v -2.909380 0.546200 -0.355798
v -2.852162 0.089158 -0.550826
v -2.712607 0.149515 -0.575946
v -2.679114 -0.064005 -0.525008
v -2.813436 -0.089123 -0.548733
v -2.759707 -0.324972 -0.458371
v -2.646318 -0.852142 -0.048777
v -2.721329 0.596092 0.147648
v -2.768429 -0.418824 -0.393129
v -2.822507 0.711575 -0.049823
v -2.747147 0.823916 -0.069360
v -2.661669 0.506426 0.114504
v -2.612476 0.430718 0.217077
v -2.791805 -0.390911 -0.336957
v -2.814831 -0.268102 -0.418598
v -2.744007 0.578298 -0.063081
v -2.782733 0.566786 -0.206822
v -2.428263 0.057759 0.371983
v -2.428263 -0.070284 0.347910
v -2.753427 -0.626062 -0.110529
v -2.700745 -0.719215 -0.053660
v -2.506414 0.254180 0.326977
v -2.555956 0.330937 0.287901
v -2.548630 -0.702469 0.162999
v -2.468036 -0.643856 0.240103
v -2.483387 -0.254148 0.317905
v -2.769825 -0.494882 -0.244502
v -2.431752 -0.524188 0.318603
v -2.807505 0.273023 -0.445811
v -2.808900 0.386063 -0.393478
v -2.626083 -0.739452 0.063915
v -2.448498 0.172892 0.353492
v -2.799480 0.498404 -0.315327
v -2.810993 0.074156 -0.479304
v -2.829833 -0.111801 -0.470233
v -2.478154 0.136954 0.327674
v -2.466641 0.099972 0.305345
v -2.417797 0.001934 0.302903
v -2.436985 0.021472 0.332559
v -2.621198 -0.648741 0.073684
v -2.606894 -0.585942 0.108921
v -2.647016 -0.505695 0.020304
v -2.671787 -0.594313 -0.013190
v -2.731447 0.351173 -0.366613
v -2.739820 0.316982 -0.288114
v -2.713305 0.419555 -0.235083
v -2.715049 0.449560 -0.292998
v -2.414656 -0.474645 0.296274
v -2.403492 -0.436269 0.274992
v -2.471525 -0.522445 0.244290
v -2.488621 -0.574776 0.242545
v -2.603405 0.479216 0.098455
v -2.516183 0.452002 0.098455
v -2.531883 0.350125 0.182188
v -2.580378 0.389550 0.201726
v -2.757614 -0.340324 -0.324747
v -2.764940 -0.295316 -0.282182
v -2.805760 -0.200070 -0.343587
v -2.786920 -0.232867 -0.375336
v -2.406283 -0.100289 0.277086
v -2.412912 -0.094357 0.300112
v -2.692371 -0.514769 -0.092038
v -2.661669 -0.450573 -0.082618
v -2.714700 -0.357769 -0.208567
v -2.705629 -0.433128 -0.223569
v -2.545490 0.259065 0.247779
v -2.546536 0.279650 0.263479
v -2.743309 0.237434 -0.415109
v -2.768429 0.209525 -0.318816
v -2.546885 -0.627460 0.172419
v -2.601311 -0.563263 0.195794
v -2.454430 -0.192394 0.192655
v -2.486876 -0.207397 0.190910
v -2.394421 -0.092264 0.265223
v -2.380116 -0.426849 0.264874
v -2.673182 0.450256 -0.134602
v -2.687836 0.497706 -0.161467
v -2.714351 0.387806 -0.199496
v -2.816576 0.014145 -0.318467
v -2.810296 0.026706 -0.344284
v -2.814831 -0.128897 -0.357193
v -2.827391 -0.122269 -0.324397
v -2.813087 -0.189952 -0.317769
v -2.613174 0.442929 -0.040054
v -2.629223 0.498404 -0.052265
v -2.670391 -0.394751 -0.058196
v -2.670043 -0.433128 0.050657
v -2.506065 0.159982 0.261385
v -2.517230 0.192430 0.286854
v -2.525952 0.237434 0.227194
v -2.621547 -0.486856 0.178001
v -2.410470 -0.500115 0.227892
v -2.272310 -0.388469 0.054495
v -2.246841 -0.317645 0.055193
v -2.259401 -0.314158 -0.044938
v -2.299872 -0.382191 -0.006561
v -2.431403 0.002633 0.198237
v -2.410470 -0.021440 0.157417
v -2.387443 -0.053188 0.161255
v -2.391281 -0.046910 0.203470
v -2.550374 0.115324 -0.037263
v -2.600265 0.159982 -0.040752
v -2.631316 0.145329 -0.086456
v -2.567469 0.104510 -0.070058
v -2.246841 -0.354628 0.133692
v -2.236026 -0.247520 0.091477
v -2.435241 -0.139364 -0.191471
v -2.508158 -0.206003 -0.219382
v -2.458616 -0.279269 -0.186936
v -2.408027 -0.202163 -0.173678
v -2.662018 0.074854 -0.160071
v -2.554212 0.056711 -0.132509
v -2.569214 0.086716 -0.104249
v -2.656785 0.119859 -0.119949
v -2.489667 -0.046211 -0.212754
v -2.591194 -0.067143 -0.232291
v -2.545141 -0.127153 -0.234733
v -2.455825 -0.082495 -0.206822
v -2.294639 -0.284852 -0.107738
v -2.330574 -0.360560 -0.075292
v -2.253470 -0.185766 0.104735
v -2.237072 -0.293223 0.170325
v -2.325690 -0.132736 0.174861
v -2.301965 -0.136223 0.123924
v -2.522114 0.005425 -0.187982
v -2.627827 -0.004694 -0.210311
v -2.486527 0.163819 0.063217
v -2.473968 0.114279 0.046819
v -2.454081 0.098228 0.079963
v -2.464199 0.147073 0.106479
v -2.729702 -0.070284 -0.241362
v -2.695511 -0.149133 -0.250085
v -2.736680 0.009610 -0.230895
v -2.636549 0.249645 -0.060290
v -2.683300 0.228713 -0.103900
v -2.448498 0.029148 0.228241
v -2.401747 -0.032952 0.235568
v -2.478503 0.090902 0.217426
v -2.468036 0.054269 0.176955
v -2.499087 -0.469761 0.130901
v -2.555956 -0.433827 0.091826
v -2.741565 0.114625 -0.196356
v -2.719236 0.187545 -0.147860
v -2.275101 -0.389168 0.212192
v -2.367208 -0.155761 0.205563
v -2.454081 0.199756 0.118341
v -2.470827 0.104856 0.145903
v -2.486178 0.147073 0.174861
v -2.527347 -0.360211 -0.078432
v -2.390234 -0.347651 -0.132161
v -2.584914 -0.288339 -0.163211
v -2.379070 -0.088078 0.235568
v -2.363021 -0.083543 0.193701
v -2.289406 -0.451271 0.178001
v -2.510601 -0.402427 -0.006561
v -2.555956 0.164867 0.004255
v -2.568865 0.255228 -0.008654
v -2.641434 -0.214723 -0.217638
v -2.476410 0.234992 0.056588
v -2.520370 0.215105 0.310927
v -2.500483 -0.226585 0.239754
v -2.429310 0.518987 0.457810
v -2.649458 -0.348349 -0.042496
v -2.704931 -0.283454 -0.154838
v -2.738774 -0.314158 -0.188680
v -2.465245 0.330238 0.156021
v -2.450592 0.273372 0.132995
v -2.507461 0.204641 0.204866
v -2.783780 0.193125 -0.284974
v -2.785524 0.157540 -0.249736
v -2.747844 0.257671 -0.201240
v -2.745054 0.303374 -0.254271
v -2.564330 -0.462784 0.152881
v -2.620501 -0.420218 0.120085
v -2.658878 -0.473947 0.137879
v -2.463850 0.071015 0.279877
v -2.453034 0.052525 0.255454
v -2.405236 -0.022488 0.259292
v -2.410819 -0.013414 0.280923
v -2.627478 -0.371723 0.038097
v -2.705978 0.325354 -0.148209
v -2.320108 -0.431734 0.243592
v -2.339645 -0.495926 0.219868
v -2.453732 0.401761 0.079964
v -2.461407 0.325703 0.071591
v -2.785176 -0.268452 -0.258109
v -2.789711 -0.231469 -0.227058
v -2.830880 -0.166578 -0.280089
v -2.388839 -0.088777 0.255803
v -2.496645 0.129628 0.242894
v -2.789711 -0.138666 -0.405689
v -2.442916 0.061945 0.108224
v -2.354299 -0.089472 0.144508
v -2.529092 0.123349 -0.005514
v -2.779244 0.035430 -0.409875
v -2.689929 0.544806 -0.202287
v -2.659925 0.556318 -0.066220
v -2.352554 -0.254148 -0.145418
v -2.430007 0.021472 0.134041
v -2.381512 0.028103 0.058682
v -2.370697 -0.004344 0.086244
v -2.373488 -0.035394 0.113806
v -2.363370 -0.074819 0.117643
v -2.337203 -0.105872 0.114155
v -2.287661 -0.141807 0.091826
v -2.261843 -0.171462 0.076475
v -2.240561 -0.207746 0.042633
v -2.240212 -0.249264 0.004953
v -2.274752 -0.249962 -0.072152
v -2.305454 -0.236354 -0.112972
v -2.349763 -0.194836 -0.134952
v -2.388141 -0.143550 -0.152745
v -2.404888 -0.088078 -0.167398
v -2.404190 -0.040279 -0.171585
v -2.403143 -0.007485 -0.173329
v -2.412214 0.014495 -0.170887
v -2.407330 0.046942 -0.140882
v -2.431403 0.064038 -0.108436
v -2.476061 0.077992 -0.069012
v -2.478852 0.088110 -0.033076
v -2.478154 0.094043 -0.005165
v -2.455127 0.092645 0.032515
v -2.418145 0.068922 0.041237
v -2.379768 -0.065399 -0.141580
v -2.373488 -0.023882 -0.142627
v -2.375930 0.053919 0.001813
v -2.339994 0.009610 0.017164
v -2.587007 0.366525 -0.024703
v -2.371045 -0.117384 -0.122043
v -2.330574 -0.175997 -0.104249
v -2.330923 -0.024581 0.039841
v -2.328481 0.000191 -0.026447
v -2.327085 -0.041676 -0.010050
v -2.362672 0.045199 -0.082618
v -2.335808 -0.009927 -0.070407
v -2.362323 0.048686 -0.043891
v -2.338599 -0.069585 0.069497
v -2.320806 -0.104125 0.021001
v -2.322550 -0.111801 0.078917
v -2.289406 -0.147390 0.048215
v -2.270915 -0.175997 0.006348
v -2.333714 -0.058771 -0.057498
v -2.312781 -0.125410 -0.024703
v -2.356392 -0.065050 -0.108087
v -2.328830 -0.129595 -0.075292
v -2.352206 -0.017603 -0.112972
v -2.356392 0.031940 -0.114716
v -2.366161 0.019030 -0.143325
v -2.278590 -0.191349 -0.034472
v -2.404190 -0.162738 0.204168
v -2.661669 0.356058 -0.094131
v -2.809598 0.018334 -0.284624
v -2.819715 -0.090520 -0.288811
v -2.567469 0.704248 -0.050520
v -2.625734 0.693781 -0.207869
v -2.624687 0.180219 -0.429064
v -2.604800 -0.060166 -0.431855
v -2.391630 -0.300550 0.529680
v -2.466990 0.488985 -0.399060
v -2.362323 0.374547 0.662956
v -2.347321 -0.594313 -0.203333
v -2.420936 0.787982 0.083104
v -2.431752 0.809263 0.238708
v -2.306501 -0.938318 0.163697
v -2.382210 0.585275 0.597365
v -2.466292 0.365128 -0.426971
v -2.357788 -0.439756 -0.288114
v 1.117487 0.770886 2.967013
v 0.989445 0.760419 2.991435
v 0.990841 0.743323 2.984457
v 1.127605 0.741230 2.970153
v 1.125860 0.837521 2.960733
v 0.983863 0.831243 2.986551
v 0.989096 0.792866 2.987946
v 1.120278 0.799494 2.968758
v 1.243436 0.749602 2.948871
v 1.252158 0.781350 2.937358
v 1.261578 0.811006 2.919215
v 1.355080 0.745067 2.891304
v 1.381595 0.776815 2.865836
v 1.337287 0.721343 2.901422
v 1.427998 0.702850 2.841413
v 1.441604 0.726228 2.818038
v 1.404273 0.687152 2.867231
v 1.466375 0.670057 2.808967
v 1.486960 0.680521 2.777567
v 1.438115 0.657846 2.831993
v 1.483122 0.637610 2.775474
v 1.509986 0.644237 2.741282
v 1.454164 0.636561 2.801291
v 1.486611 0.608303 2.752447
v 1.519406 0.605162 2.723141
v 1.457653 0.605162 2.779660
v 1.480331 0.577949 2.748958
v 1.514522 0.568529 2.711627
v 1.450675 0.580041 2.772334
v 1.462886 0.544107 2.750005
v 1.501613 0.527012 2.709534
v 1.436720 0.554575 2.771985
v 1.443000 0.514800 2.756982
v 1.482075 0.490728 2.711976
v 1.420322 0.530502 2.787685
v 1.275882 0.404202 2.864091
v 1.292978 0.365127 2.847344
v 1.384038 0.401760 2.800594
v 1.350893 0.440836 2.820480
v 1.268207 0.438393 2.876651
v 1.338333 0.470491 2.839320
v 0.864543 0.419554 2.920262
v 0.849890 0.375595 2.918518
v 0.989794 0.366871 2.916076
v 0.990492 0.402459 2.935962
v 0.854077 0.334776 2.920960
v 1.012123 0.321866 2.925844
v 0.740339 0.435951 2.898282
v 0.722895 0.402459 2.902469
v 0.722895 0.367220 2.899678
v 0.669515 0.454444 2.878396
v 0.648930 0.429323 2.882582
v 0.630439 0.395132 2.883978
v 0.851634 0.740182 2.970153
v 0.860008 0.716459 2.959338
v 0.835585 0.803680 2.968060
v 0.845005 0.763560 2.968758
v 0.716964 0.745067 2.958989
v 0.716266 0.718202 2.940847
v 0.723244 0.690989 2.935613
v 0.730221 0.671102 2.922355
v 0.615437 0.687848 2.947126
v 0.616135 0.654705 2.933869
v 0.630439 0.638308 2.921658
v 0.639510 0.618072 2.908051
v 0.547055 0.635866 2.942242
v 0.558219 0.616328 2.931078
v 0.571826 0.602371 2.920960
v 0.593806 0.587717 2.890607
v 0.482162 0.557366 2.925496
v 0.497513 0.553876 2.912936
v 0.516353 0.581439 2.929333
v 0.505188 0.591208 2.938753
v 0.508328 0.553177 2.889560
v 0.520540 0.544806 2.869324
v 0.546706 0.570622 2.872116
v 0.536937 0.576554 2.924449
v 0.479022 0.517243 2.916424
v 0.488791 0.522826 2.901073
v 0.507282 0.524220 2.867580
v 0.522284 0.522127 2.856764
v 0.499606 0.471539 2.900376
v 0.497164 0.492821 2.886769
v 0.521935 0.497006 2.865487
v 0.556824 0.497006 2.846298
v 1.307282 0.313491 2.806524
v 1.402529 0.357801 2.752098
v 0.607413 0.361291 2.888164
v 0.706497 0.318027 2.899678
v 0.848494 0.279650 2.908749
v 0.832097 0.225572 2.906306
v 1.007936 0.207082 2.881884
v 1.011076 0.267439 2.900724
v 1.513824 0.464213 2.680227
v 1.542433 0.512009 2.665574
v 1.556388 0.561901 2.664876
v 1.558482 0.606210 2.679878
v 1.550108 0.644936 2.704998
v 1.516964 0.692732 2.739189
v 1.463235 0.737740 2.791173
v 1.386480 0.784841 2.846647
v 1.268556 0.825659 2.911889
v 1.126558 0.850780 2.957593
v 0.977932 0.843803 2.983411
v 0.836283 0.816589 2.991435
v 0.703706 0.770886 2.982713
v 0.600784 0.717504 2.962827
v 1.505800 0.751695 2.769891
v 1.420322 0.808913 2.841064
v 0.476580 0.611095 2.957593
v 0.450762 0.561202 2.945382
v 0.450064 0.509916 2.933869
v 0.472044 0.457582 2.915378
v 0.522633 0.663775 2.958640
v 0.489488 0.687152 2.991784
v 0.437504 0.632725 2.984457
v 0.569035 0.748208 3.001902
v 0.444482 0.729715 3.053887
v 0.388311 0.664124 3.043769
v 0.362842 0.598185 3.030511
v 0.408895 0.573413 2.979922
v 0.361098 0.525617 3.021091
v 0.407849 0.518986 2.964920
v 0.390404 0.451303 3.006437
v 0.434015 0.454444 2.945731
v 0.301787 0.799494 3.254497
v 0.262362 0.713318 3.250659
v 0.329698 0.689595 3.138666
v 0.382031 0.767046 3.143551
v 0.246662 0.623306 3.252752
v 0.254687 0.527710 3.249612
v 0.311556 0.531547 3.122268
v 0.304927 0.613886 3.131340
v 0.298647 0.423391 3.224841
v 0.341560 0.441534 3.098893
v 0.207587 0.821124 3.358117
v 0.184909 0.724135 3.355326
v 0.172698 0.639702 3.364048
v 0.190491 0.531197 3.389517
v 0.221891 0.390248 3.398239
v 0.106409 0.844152 3.416730
v 0.099432 0.748207 3.418823
v 0.207587 0.272323 3.525234
v 0.111643 0.455838 3.521047
v 0.115829 0.342798 3.598849
v 0.094547 0.656798 3.436966
v 0.099780 0.558411 3.475343
v 0.801743 0.181612 2.915378
v 0.996423 0.148470 2.884326
v 0.644744 0.242318 2.931775
v 0.678586 0.271275 2.906655
v 0.538333 0.304771 2.947126
v 0.569035 0.323610 2.911889
v 1.372175 0.199756 2.748958
v 1.485913 0.268833 2.679878
v 1.438115 0.313492 2.711627
v 1.332402 0.256622 2.768845
v 1.670126 0.578997 2.568583
v 1.661753 0.647378 2.596494
v 1.598255 0.642145 2.652316
v 1.606628 0.593650 2.631034
v 1.642564 0.463165 2.566490
v 1.664893 0.524569 2.554279
v 1.603837 0.539921 2.616032
v 1.584300 0.491427 2.618823
v 1.626864 0.713318 2.653014
v 1.564413 0.696222 2.703951
v 1.566855 0.782049 2.740933
v 1.473353 0.839268 2.847345
v 1.325076 0.905207 2.975038
v 1.287396 0.855665 2.927938
v 0.782554 0.906602 3.108662
v 0.639510 0.860549 3.092962
v 0.682772 0.806820 3.020393
v 0.817443 0.852873 3.025975
v 1.140514 0.932072 3.059468
v 1.134583 0.880436 2.992133
v 0.952812 0.935908 3.097148
v 0.969559 0.879388 3.021440
v 0.524726 0.790770 3.062957
v 0.459484 0.845896 3.159948
v 0.371564 0.892996 3.271593
v 0.251198 0.934514 3.373468
v 0.122807 0.960679 3.421266
v 0.641255 1.091514 3.342068
v 0.479720 0.998011 3.304039
v 0.573222 0.920556 3.185068
v 0.727081 0.986845 3.219957
v 0.866637 1.151171 3.327066
v 0.906410 1.034644 3.229028
v 1.395202 1.108609 3.086333
v 1.133885 1.139659 3.219608
v 1.145049 1.025574 3.175648
v 1.380200 1.001152 3.066098
v 1.635586 1.019642 2.859556
v 1.579764 0.906951 2.857462
v 1.820845 0.482703 2.411932
v 1.832708 0.585625 2.412979
v 1.747579 0.578997 2.492525
v 1.737810 0.503288 2.489734
v 1.815961 0.700408 2.444030
v 1.737810 0.659589 2.529856
v 1.792586 0.394084 2.448914
v 1.710597 0.437349 2.509970
v 1.775490 0.812404 2.538578
v 1.699084 0.748208 2.602076
v 1.708504 0.922998 2.676389
v 1.643959 0.829499 2.715814
v 1.650588 1.144544 2.848391
v 1.395202 1.240139 3.092962
v 1.752812 1.024177 2.630685
v 0.815699 1.287589 3.384284
v 0.535542 1.241187 3.446386
v 0.339467 1.069534 3.405565
v 1.905974 0.460373 2.333083
v 1.911208 0.598185 2.311801
v 1.883296 0.745067 2.355063
v 1.878412 0.343497 2.377392
v 1.835499 0.888807 2.459032
v 1.095507 1.281307 3.274035
v 1.846663 0.243017 2.437750
v 1.753859 0.307213 2.497061
v 0.172000 1.116631 3.449177
v 1.633842 1.270494 2.827109
v 1.394853 1.380044 3.050398
v 1.089576 1.452262 3.233913
v 0.824770 1.493433 3.346255
v 0.536239 1.556232 3.417079
v 0.247360 1.618335 3.433826
v 0.244918 1.351086 3.450572
v 1.106672 1.624614 3.163786
v 0.847797 1.671015 3.286246
v 1.621631 1.385973 2.773729
v 1.385084 1.521342 2.984109
v 0.514608 1.746724 3.373468
v 0.253291 1.805337 3.389517
v 1.882947 2.190161 2.000942
v 1.625817 2.477995 2.363088
v 1.566855 2.317156 2.474035
v 1.823288 2.054096 2.157593
v 1.297513 2.666045 2.658596
v 1.244482 2.480437 2.742330
v 0.967814 2.813276 2.813503
v 0.939554 2.614060 2.900027
v 1.968076 0.274766 2.284937
v 1.987265 0.417462 2.223533
v 1.998778 0.613188 2.175037
v 1.949934 0.799494 2.236093
v 1.885739 0.961378 2.355063
v 1.786306 1.122564 2.560210
v 1.938770 0.174635 2.354715
v 1.910510 1.021735 2.284937
v 1.793632 1.212925 2.491130
v 1.988661 0.825310 2.145033
v 2.031574 0.608303 2.083280
v 2.127169 1.394348 1.501683
v 2.054601 1.809177 1.701945
v 2.001221 1.706604 1.876738
v 2.094025 1.327360 1.661125
v 2.111120 1.920820 1.498892
v 1.946445 2.327274 1.821962
v 1.764675 1.900932 2.318779
v 1.947841 1.585538 2.048042
v 2.176711 0.980217 1.362477
v 2.207762 1.025575 1.191870
v 2.167291 1.469707 1.323052
v 1.690013 3.654448 -0.719687
v 1.382293 3.884364 -0.825052
v 1.227387 4.077648 0.126018
v 1.609419 3.829237 0.146951
v 0.103967 -0.260777 4.016469
v 0.113038 -0.193093 3.974253
v 0.385171 -0.298807 3.628156
v 0.380286 -0.230425 3.550354
v 0.309811 -0.182975 3.701422
v 0.305276 -0.258334 3.793878
v 0.449715 -0.350443 3.453712
v 0.442040 -0.289038 3.398239
v 0.302484 -0.099242 3.622923
v 0.375402 -0.154367 3.484065
v 0.440295 -0.217515 3.350092
v 0.221193 -0.139365 3.825627
v 0.118271 -0.109360 3.899940
v 0.214216 -0.222749 3.913547
v 0.117574 -0.015857 3.819696
v 0.222240 -0.051795 3.738056
v 0.203749 -0.284853 3.961693
v 0.501351 -0.296365 3.234610
v 0.499606 -0.365445 3.281012
v 0.554730 -0.465576 3.205652
v 0.589968 -0.412892 3.162041
v 0.258873 -0.518606 3.835744
v 0.243522 -0.489299 3.876913
v 0.165023 -0.563963 3.889822
v 0.190142 -0.569892 3.850747
v 0.517748 -0.556287 3.398588
v 0.493675 -0.595362 3.425801
v 0.510073 -0.684676 3.296362
v 0.529262 -0.629203 3.261824
v 0.156998 -0.479181 3.952971
v 0.075707 -0.472902 4.005303
v 0.051634 -0.582103 3.956808
v 0.111643 -0.573382 3.911453
v 0.111294 -0.662000 3.800158
v 0.133971 -0.638972 3.793180
v 0.038725 -0.725498 3.787249
v 0.076405 -0.692002 3.792830
v 0.107805 -0.756897 3.662347
v 0.132576 -0.712937 3.663393
v 0.033143 -0.831907 3.630947
v 0.071869 -0.800857 3.663044
v 0.168860 -0.861912 3.564309
v 0.190840 -0.784111 3.547911
v 0.400173 -0.829464 3.330204
v 0.288180 -0.821093 3.434523
v 0.297949 -0.897846 3.461387
v 0.415524 -0.894359 3.359163
v 0.465415 -0.780620 3.252053
v 0.436109 -0.748872 3.300899
v 0.379240 -0.772249 3.339626
v 0.332489 -0.544771 3.718518
v 0.342607 -0.521048 3.739450
v 0.267945 -0.543726 3.794576
v 0.433666 -0.628505 3.463131
v 0.466811 -0.616993 3.444990
v 0.415873 -0.561171 3.599197
v 0.393195 -0.579661 3.597454
v 0.451809 -0.696191 3.360209
v 0.482162 -0.692701 3.326019
v 0.199214 -0.574427 3.823533
v 0.155951 -0.629902 3.759686
v 0.155254 -0.680490 3.643507
v 0.205494 -0.724450 3.533257
v 0.284691 -0.757942 3.429638
v 0.439597 -0.529772 3.591872
v 0.088965 -0.382541 4.032167
v 0.099083 -0.317646 4.034262
v 0.358655 -0.491741 3.753407
v 0.296204 -0.315204 3.858422
v 0.389358 -0.349395 3.700027
v 0.459135 -0.398239 3.506044
v 0.507980 -0.453015 3.354279
v 0.502397 -0.412197 3.320785
v 0.528215 -0.503254 3.264266
v 0.535542 -0.494882 3.232517
v 0.519493 -0.819346 3.230073
v 0.789881 -0.497324 3.100986
v 0.884081 -0.657116 3.100986
v 1.027474 -0.601990 3.047606
v 0.938856 -0.431385 3.061910
v 0.048494 -0.921224 3.588034
v 0.089314 -0.895753 3.591523
v 0.419711 -0.680490 3.401379
v 0.396684 -0.724450 3.365443
v 0.350631 -0.730033 3.387772
v 0.221542 -0.658510 3.520349
v 0.190142 -0.625367 3.607921
v 0.222938 -0.581058 3.747825
v 0.273527 -0.560123 3.736310
v 0.402964 -0.625367 3.476738
v 0.192236 -0.616993 3.698282
v 0.318184 -0.555937 3.665138
v 0.285389 -0.683980 3.435570
v 0.368075 -0.582802 3.578614
v 0.057565 -0.996233 3.578614
v 0.723592 -1.332912 3.226585
v 0.714172 -1.398152 3.227632
v 0.785694 -1.461999 3.133083
v 0.802790 -1.415947 3.143898
v 0.718708 -1.646911 3.122616
v 0.587875 -1.725062 3.211584
v 0.589270 -1.762740 3.184370
v 0.726732 -1.681102 3.108313
v 0.761970 -1.623883 3.076911
v 0.793719 -1.651446 3.058421
v 0.064194 -1.232082 3.667579
v 0.061752 -1.168934 3.645599
v 0.064543 -1.074384 3.595709
v 0.275969 -0.626063 3.441501
v 0.249105 -0.607224 3.494881
v 0.372960 -0.601641 3.479529
v 0.390753 -0.652927 3.432081
v 0.322371 -0.645600 3.424405
v 0.363889 -0.656767 3.417428
v 0.249453 -0.567450 3.677000
v 0.276667 -0.557681 3.683629
v 0.222938 -0.565008 3.646297
v 0.305276 -0.529422 3.623620
v 0.342258 -0.561521 3.540585
v 0.222589 -0.580010 3.575474
v 0.276318 -0.525932 3.608618
v 0.303531 -0.551752 3.532212
v 0.331442 -0.585244 3.470807
v 0.251198 -0.533958 3.601292
v 0.263758 -0.550704 3.539190
v 0.286087 -0.582103 3.477785
v 0.763366 -1.784720 3.068887
v 0.846052 -1.719828 3.031207
v 0.595550 -1.853800 3.154364
v 0.694635 -1.421876 3.229376
v 0.774181 -1.473511 3.126454
v 0.132227 -1.059035 3.590825
v 0.109549 -0.980186 3.572682
v 0.623810 -1.372336 3.319737
v 0.613693 -1.397108 3.307178
v 0.684866 -1.440369 3.211235
v 0.605319 -1.429202 3.286942
v 0.671957 -1.459906 3.199023
v 0.660444 -1.472117 3.181578
v 0.600086 -1.447695 3.255542
v 0.595202 -1.464791 3.236354
v 0.648581 -1.486072 3.161692
v 0.577757 -1.478396 3.206698
v 0.637417 -1.491655 3.134828
v 0.550544 -1.496539 3.182625
v 0.618577 -1.501424 3.104824
v 0.777321 -1.541198 3.067841
v 0.773832 -1.561780 3.061909
v 0.786741 -1.573991 3.065049
v 0.795114 -1.548175 3.066445
v 0.758481 -1.540499 3.062956
v 0.757086 -1.558293 3.058073
v 0.742432 -1.533871 3.029114
v 0.746270 -1.545383 3.014112
v 0.748015 -1.554454 3.045512
v 0.747666 -1.545383 3.053187
v 0.714870 -1.528288 2.985503
v 0.729523 -1.533172 2.969803
v 0.689750 -1.595971 3.128547
v 0.701264 -1.617605 3.128896
v 0.741735 -1.606089 3.083192
v 0.728826 -1.585158 3.079354
v 0.664281 -1.535615 2.989341
v 0.647884 -1.539105 3.048652
v 0.702659 -1.547826 3.015857
v 0.698821 -1.551316 2.960383
v 0.742432 -1.477700 3.133431
v 0.724290 -1.488514 3.129594
v 0.705101 -1.497238 3.122965
v 0.681377 -1.500725 3.081099
v 0.692541 -1.501424 3.104824
v 0.659746 -1.502472 3.054235
v 0.853030 -1.571549 3.049349
v 0.819188 -1.561085 3.056327
v 0.805930 -1.594577 3.054584
v 0.835237 -1.615163 3.036093
v 0.679632 -1.575738 3.124710
v 0.718359 -1.570504 3.080051
v 0.668817 -1.562130 3.093658
v 0.705450 -1.560386 3.059119
v 0.146183 -1.150092 3.629900
v 0.155254 -1.207660 3.650136
v 0.247360 -1.213244 3.621526
v 0.233405 -1.155675 3.615595
v 0.444133 -1.301163 3.491043
v 0.444482 -1.342680 3.451268
v 0.525075 -1.381057 3.382189
v 0.527517 -1.344773 3.410798
v 0.446924 -1.378964 3.416031
v 0.443086 -1.406178 3.377305
v 0.521935 -1.432693 3.318342
v 0.523331 -1.407572 3.347650
v 0.218751 -1.067057 3.578614
v 0.327953 -1.098806 3.529769
v 0.310160 -0.994490 3.488252
v 0.196771 -0.972510 3.538143
v 0.445877 -1.225804 3.494880
v 0.445877 -1.263482 3.502555
v 0.536239 -1.309884 3.419869
v 0.537635 -1.270459 3.402075
v 0.273876 -1.344424 3.524884
v 0.268642 -1.388733 3.479878
v 0.364587 -1.393967 3.437663
v 0.363191 -1.356635 3.481273
v 0.256780 -1.254761 3.603035
v 0.266200 -1.297323 3.569891
v 0.358655 -1.318258 3.515464
v 0.350631 -1.271158 3.555237
v 0.190142 -1.351052 3.553493
v 0.195376 -1.396409 3.502555
v 0.168162 -1.254761 3.633389
v 0.185956 -1.302907 3.597802
v 0.092105 -1.369545 3.564657
v 0.100478 -1.408969 3.510580
v 0.080243 -1.278484 3.649088
v 0.081289 -1.329771 3.613851
v 0.428433 -1.442811 3.338229
v 0.353771 -1.420132 3.380445
v 0.275969 -1.429552 3.411844
v 0.183514 -1.440718 3.420916
v 0.095943 -1.461650 3.424056
v 0.345747 -1.228942 3.569542
v 0.577059 -1.608881 3.234958
v 0.585084 -1.659818 3.231469
v 0.543566 -1.514334 3.162040
v 0.549148 -1.554454 3.218909
v 0.563802 -1.577132 3.236354
v 0.438202 -1.782278 3.298107
v 0.438551 -1.698198 3.333694
v 0.420060 -1.621092 3.352882
v 0.399824 -1.579574 3.358115
v 0.391102 -1.554454 3.342415
v 0.375751 -1.511193 3.316947
v 0.190840 -1.588645 3.442198
v 0.201656 -1.639585 3.444292
v 0.221193 -1.733433 3.435219
v 0.187002 -1.891831 3.261473
v 0.186305 -1.942768 3.202162
v 0.421106 -1.916948 3.191696
v 0.429480 -1.836705 3.214374
v 0.223636 -1.828333 3.396144
v 0.187700 -1.504565 3.402424
v 0.188747 -1.547127 3.417775
v 0.553684 -1.495841 3.083192
v 0.350282 -1.473861 3.291478
v 0.187700 -1.487120 3.383934
v 0.270038 -1.464092 3.315900
v 0.338071 -1.456766 3.300550
v 0.165023 -1.496889 3.323925
v 0.399126 -1.458858 3.272638
v 0.558219 -1.539105 3.026323
v 0.348887 -1.481188 3.236702
v 0.076754 -1.508052 3.329507
v 0.718359 -1.518519 2.923401
v 0.766157 -1.511891 2.897933
v 0.621019 -1.462348 3.057374
v 0.658699 -1.479444 3.000505
v 0.256780 -1.467932 3.251705
v 0.325162 -1.437228 3.246471
v 0.723941 -1.582017 2.903165
v 0.670561 -1.565969 2.943636
v 0.604970 -1.553409 2.872813
v 0.379240 -1.524452 3.115638
v 0.077103 -1.486771 3.263916
v 0.164674 -1.487469 3.266358
v 0.203051 -1.497238 3.308224
v 0.375053 -1.428158 3.233562
v 0.525773 -1.460256 3.133431
v 0.134669 -1.295580 3.206349
v 0.213169 -1.289997 3.182276
v 0.054425 -1.304650 3.223445
v 0.222589 -1.547127 3.191696
v 0.301089 -1.298721 3.148434
v 0.350282 -1.307441 3.098543
v 0.817443 -1.571549 2.784893
v 0.714521 -1.588645 2.818734
v 0.689052 -1.305349 2.954802
v 0.741386 -1.315467 2.888512
v 0.552637 -1.299070 2.994226
v 0.588922 -1.701335 2.879441
v 0.404011 -1.658773 3.069585
v 0.871870 -1.390826 2.774077
v 0.910596 -1.442811 2.757330
v 0.707892 -1.723665 2.812454
v 0.880243 -1.306397 2.752795
v 0.930832 -1.433042 2.712324
v 0.053378 -1.148698 3.206000
v 0.129087 -1.141721 3.198674
v 0.203400 -1.131952 3.183671
v 0.215611 -1.691916 3.167274
v 0.288180 -1.122183 3.164135
v 0.346444 -1.116949 3.127850
v 0.822328 -1.691916 2.768494
v 0.703357 -1.140323 2.974339
v 0.761970 -1.167886 2.900723
v 0.581595 -1.117299 3.056328
v 0.573919 -1.808446 2.858508
v 0.412035 -1.792046 3.019694
v 0.578455 -1.984635 2.819083
v 0.444831 -1.994403 2.872463
v 0.704752 -1.822052 2.792568
v 0.899781 -1.219871 2.719301
v 0.956301 -1.400944 2.664526
v 0.052332 -0.995538 3.221701
v 0.123854 -0.981580 3.209490
v 0.203400 -0.981580 3.203558
v 0.205145 -1.820308 3.133083
v 0.280853 -0.966927 3.178090
v 0.339118 -0.965183 3.155761
v 0.824421 -1.769371 2.743723
v 0.724639 -0.972859 2.982713
v 0.793370 -1.010886 2.907003
v 0.586828 -0.960648 3.068538
v 0.750108 -0.778877 2.984457
v 0.831050 -0.833653 2.873860
v 0.614739 -0.747827 3.075517
v 0.211425 -0.762826 3.188208
v 0.302484 -0.762480 3.175997
v 0.599039 -2.043597 2.486244
v 0.432271 -2.063484 2.561255
v 0.721150 -1.984635 2.784544
v 0.959441 -1.117648 2.655107
v 1.004447 -1.370939 2.583236
v 0.048494 -0.808183 3.205303
v 0.212471 -2.151753 2.643941
v 0.219449 -2.122792 2.077347
v 0.113387 -0.786553 3.206001
v 0.168511 -2.069064 2.975385
v 0.362144 -0.756897 3.169019
v 0.842214 -1.864617 2.661037
v 0.040818 -0.521746 2.922355
v 0.118969 -0.491741 2.918866
v 0.205494 -0.474296 2.908400
v 0.301438 -0.474646 2.881884
v 0.351678 -0.487556 2.859555
v 0.902223 -1.878222 2.442284
v 0.753597 -2.009406 2.460426
v 0.731966 -0.589429 2.735351
v 0.848843 -0.652927 2.683716
v 0.598342 -0.533259 2.770938
v 0.667770 -1.956373 2.039318
v 0.482860 -2.052318 2.058856
v 1.041430 -0.996233 2.489036
v 1.123767 -1.288253 2.401115
v 0.812559 -1.867409 2.019780
v 1.147143 -0.825279 2.149568
v 1.187963 -1.194750 2.079441
v 0.042214 -0.237752 2.437750
v 0.139205 -0.196584 2.435307
v 0.230265 -0.171812 2.425190
v 0.329698 -0.178440 2.413676
v 0.383078 -0.192744 2.400070
v 0.984561 -1.783675 2.027107
v 0.742083 -0.364746 2.337619
v 0.894199 -0.423709 2.316686
v 0.633579 -0.316947 2.350877
v 0.589270 2.928758 2.887816
v 0.597644 2.720821 2.988296
v 0.187351 -2.048831 3.150876
v 0.419362 -2.024059 3.130291
v 1.006541 -1.569806 3.006436
v 0.914085 -1.565620 3.039929
v 0.923156 -1.638886 3.014461
v 0.992934 -1.668542 2.981316
v 0.779414 -1.866710 3.033998
v 0.897688 -1.795187 2.985154
v 0.576710 -1.971026 3.094007
v 0.198167 -2.879879 2.535437
v 0.205842 -2.867668 2.269235
v 0.466462 -2.839061 2.217251
v 0.465066 -2.855457 2.497408
v 1.631050 -2.195363 1.347124
v 1.759441 -2.018825 1.116509
v 1.823986 -1.930207 1.317469
v 1.707806 -2.107094 1.579832
v 1.604535 -2.245252 0.209400
v 1.637679 -2.132910 -0.027146
v 1.737113 -1.752275 0.213238
v 1.696990 -1.877873 0.439317
v 1.489402 -2.615422 -0.007609
v 1.563366 -2.498894 -0.221128
v 1.514522 -2.945817 -0.168097
v 1.541735 -2.825454 -0.380919
v 1.528826 -3.280752 -0.276602
v 1.558482 -3.161431 -0.515241
v 1.577671 -3.656852 -0.389641
v 1.607675 -3.535790 -0.654448
v 1.708853 -4.066099 -0.540012
v 1.743392 -3.949920 -0.811447
v 1.394504 -2.522968 0.573988
v 1.518360 -2.384111 0.405475
v 1.615699 -2.065576 0.614110
v 1.503706 -2.241066 0.788205
v 1.320889 -2.839060 0.338488
v 1.427649 -2.727068 0.180442
v 1.340775 -3.214814 0.200328
v 1.438115 -3.084678 0.045422
v 1.403924 -3.553582 0.107873
v 1.477540 -3.417517 -0.045987
v 1.466026 -3.898286 -0.003771
v 1.526384 -3.786638 -0.166004
v 1.619537 -4.284853 -0.163911
v 1.678499 -4.184721 -0.312188
v 1.882947 -1.790652 0.931598
v 1.941910 -1.697848 1.115811
v 0.457042 -2.832083 1.914765
v 0.202354 -2.858598 1.954887
v 0.189096 -2.885463 1.615768
v 0.414478 -2.855457 1.564481
v 0.170954 -3.008271 1.317817
v 0.353422 -2.999201 1.285022
v 0.184211 -3.338668 1.083364
v 0.347142 -3.362741 0.988118
v 0.187002 -3.661738 0.999282
v 0.356911 -3.663135 0.925318
v 0.704404 -3.953758 0.725056
v 0.679981 -3.624060 0.779134
v 0.522633 -3.651969 0.858680
v 0.534495 -3.980972 0.799020
v 0.365633 -4.328115 0.771458
v 0.556475 -4.326720 0.734476
v 0.360400 -3.987250 0.857285
v 0.184560 -3.987949 0.904036
v 0.176536 -4.336839 0.789251
v 0.748015 -4.300901 0.668885
v 0.169209 -4.711195 0.666792
v 0.386218 -4.698285 0.673072
v 0.831748 -3.581145 0.686678
v 0.814303 -3.244121 0.785414
v 0.675097 -3.295407 0.875078
v 0.831050 -4.673862 0.548519
v 0.608808 -4.703169 0.654232
v 1.369384 -4.012371 0.129853
v 1.529524 -4.390216 -0.004120
v 1.296118 -3.677090 0.258593
v 1.222502 -3.336575 0.358026
v 1.489402 -2.356549 1.548781
v 1.549411 -2.285026 1.791956
v 1.694199 2.663603 2.213415
v 1.596162 -2.408533 -0.480003
v 1.636633 -2.053015 -0.340796
v 1.780723 -3.858511 -1.035085
v 1.643959 -3.437403 -0.880178
v 1.595115 -3.064790 -0.734692
v 1.581508 -2.730555 -0.601766
v 1.513475 -2.329684 -0.824356
v 1.549411 -1.964048 -0.736087
v 1.769908 -3.782803 -1.247558
v 1.610117 -3.365531 -1.116026
v 1.512429 -2.655195 -0.908438
v 1.546968 -2.988034 -0.997055
v 1.357522 -2.279792 -1.188246
v 1.361360 -1.923928 -1.136960
v 1.716528 -3.716864 -1.444679
v 1.537548 -3.314245 -1.337919
v 1.391015 -2.603909 -1.232555
v 1.451373 -2.939888 -1.273724
v 1.164587 -2.248742 -1.509572
v 1.184474 -1.885547 -1.512014
v 1.612211 -3.677088 -1.682272
v 1.419973 -3.294708 -1.573419
v 1.215874 -2.575301 -1.519341
v 1.307282 -2.918258 -1.535390
v 0.968163 -2.207572 -1.734954
v 0.991887 -1.834960 -1.778913
v 1.464282 -3.698369 -1.944287
v 1.239598 -3.319129 -1.807523
v 1.009332 -2.555064 -1.727279
v 1.105276 -2.926280 -1.753097
v 0.733710 -2.175824 -1.916725
v 0.734059 -1.788208 -1.953707
v 1.142258 -3.828855 -2.182229
v 0.974792 -3.398677 -2.024531
v 0.749759 -2.523316 -1.877649
v 0.838028 -2.946516 -1.924749
v 0.237242 -1.749133 -2.088726
v 0.219798 -2.103602 -2.039882
v 0.311556 -3.459033 -2.121870
v 0.366331 -3.977829 -2.322133
v 0.209680 -2.455979 -1.989991
v 0.256431 -2.941632 -2.007435
v 1.314609 2.841886 -2.370626
v 0.948974 2.942715 -2.454359
v 0.988399 3.600021 -1.842758
v 1.407064 3.430111 -1.726579
v 0.532751 3.032727 -2.483317
v 0.598690 3.673986 -1.857063
v 1.977147 2.336349 -1.772283
v 1.651635 2.634997 -2.189205
v 1.722808 3.183447 -1.562601
v 2.137636 2.768619 -1.266046
v 2.429655 1.380044 -0.682008
v 2.364413 1.706604 -1.004032
v 2.394418 2.007694 -0.668401
v 2.447798 1.609611 -0.421039
v 2.238116 2.039443 -1.422348
v 2.308940 2.396704 -0.994960
v 2.188922 -0.173555 1.188730
v 2.226602 -0.219608 0.968233
v 2.247187 0.169751 1.010797
v 2.209507 0.194872 1.212803
v 2.241256 0.593650 1.076388
v 2.206716 0.581439 1.264788
v 2.275796 2.774900 0.138926
v 2.357435 2.293432 0.174862
v 2.390929 2.222260 -0.245898
v 2.312080 2.686631 -0.449997
v 2.147056 -0.524538 1.178961
v 2.184387 -0.591522 0.933344
v 2.040645 -0.503252 -1.112885
v 1.894112 -0.466619 -1.506780
v 1.966332 -0.148783 -1.610748
v 2.108678 -0.203909 -1.199409
v 2.084605 3.158676 -0.588855
v 1.976799 3.417899 0.123924
v 1.660008 -0.401378 -1.937309
v 1.720715 -0.046559 -2.062907
v 1.868992 -1.731340 1.582275
v 1.968076 -1.494796 1.356544
v 1.815263 -1.696104 -0.184494
v 1.731879 -1.550267 -0.699105
v 1.502660 -1.597017 -1.231508
v 1.309376 -1.591784 -1.621216
v 1.078063 -1.547824 -1.898582
v 0.798254 -1.502470 -2.087331
v 1.677453 -0.238796 2.732211
v 1.828172 -0.107616 2.599983
v 1.703270 0.015892 2.635918
v 1.560924 -0.099591 2.773380
v 1.557435 0.439791 2.631383
v 1.613606 0.403853 2.582539
v 1.411251 0.117416 2.747214
v 1.542084 0.195916 2.656503
v 1.679197 0.364082 2.538229
v 1.561971 0.337564 2.622312
v 1.623375 0.283140 2.588818
v 1.467422 0.021821 2.756633
v 1.611862 0.114974 2.652665
v 2.055647 -1.395011 0.608528
v 2.042389 -1.400594 0.991258
v 2.037156 -1.203474 1.249088
v 0.489140 -2.866973 2.651617
v 0.219449 -2.887905 2.696972
v 0.750457 -2.777656 2.574164
v 0.737548 -2.790915 2.408442
v 0.975490 -2.688343 2.266095
v 0.968861 -2.649963 2.419257
v 0.952463 -2.716950 2.040365
v 0.724988 -2.788124 2.134215
v 1.183776 -2.582629 2.127238
v 1.169123 -2.512850 2.280051
v 1.147143 -2.625890 1.917207
v 0.992585 -2.720091 1.371895
v 0.819537 -2.758468 1.418646
v 0.713475 -2.941284 1.114764
v 0.846750 -2.877786 1.012540
v 0.517399 -3.333784 0.964393
v 0.928739 -4.255896 0.564219
v 1.005843 -4.620831 0.432688
v 0.871521 -3.917125 0.630508
v 0.623461 -2.816382 1.489470
v 0.530308 -2.980708 1.215942
v 0.902921 -2.740674 1.760207
v 0.695681 -2.793707 1.838358
v 1.081552 -2.658337 1.648912
v 1.556737 -2.167101 2.047342
v 1.741299 -1.931951 1.870456
v 1.136327 -2.750093 0.834956
v 1.267858 -2.647870 0.716683
v 1.395900 -2.395973 0.952183
v 1.280069 -2.509362 1.095576
v 1.111905 -3.438798 0.477346
v 1.181334 -3.783502 0.394659
v 1.262625 -4.112501 0.255104
v 1.406367 -4.488604 0.141366
v 1.534408 -2.259559 1.141280
v 1.653030 -2.098024 0.938227
v 1.833057 -1.674820 0.603992
v 1.802354 -1.519218 0.286504
v 1.397993 -2.412370 1.322004
v 1.761534 -1.891481 0.768667
v 1.860270 -1.408270 -0.038310
v 2.466638 1.116982 -0.496051
v 2.477802 1.278516 -0.274856
v 2.472918 0.859851 -0.355798
v 2.469777 0.972891 -0.167398
v 2.237767 -0.612806 0.689122
v 2.285216 -0.247870 0.758551
v 2.175316 -0.951228 0.556195
v 2.118796 -0.964135 0.905782
v 1.808285 1.368184 -2.283056
v 1.513475 1.463080 -2.594613
v 1.575577 2.023394 -2.429588
v 1.879110 1.847555 -2.100238
v 1.937025 -1.254761 -0.340796
v 0.247360 -1.170327 -2.366789
v 0.243871 -1.441415 -2.256541
v 0.595550 -0.651181 -2.541931
v 0.258176 -0.642111 -2.641713
v 0.283296 -0.350091 -2.790688
v 0.639859 -0.350790 -2.689510
v 0.961534 -0.664091 -2.395747
v 1.033056 -0.350091 -2.530068
v 1.134234 -1.292437 -1.970453
v 0.845005 -1.241151 -2.170017
v 1.389620 -1.329769 -1.691343
v 1.567204 -1.319301 -1.320475
v 1.789795 -1.258247 -0.847382
v 0.488093 -1.773206 -2.053838
v 0.519493 -1.466532 -2.204557
v 1.751417 0.385365 -2.205254
v 2.011687 0.288722 -1.754141
v 0.331442 0.010310 -2.922917
v 0.376449 0.497358 -3.023396
v 2.170780 0.199059 -1.320822
v 1.438115 0.008567 -2.434473
v 1.098647 0.011009 -2.657064
v 1.146096 0.467702 -2.778477
v 1.464631 0.443978 -2.553444
v 2.181247 -0.153319 -0.949954
v 2.243000 0.118465 -0.995658
v 2.314871 0.561903 -1.039967
v 2.232185 0.663777 -1.413627
v 2.272307 1.035345 -1.361991
v 2.361971 0.874505 -0.976469
v 1.773048 0.873461 -2.304338
v 1.480680 0.936958 -2.628804
v 2.037156 0.796704 -1.912536
v 2.079720 1.255842 -1.938005
v 0.398429 1.067789 -3.057936
v 0.432620 1.663691 -3.016069
v 1.165285 0.983709 -2.840578
v 1.191103 1.541580 -2.800805
v 1.245529 2.151786 -2.629152
v 2.398255 1.129192 -0.861336
v 2.315918 1.373068 -1.231507
v 2.159965 1.629500 -1.726928
v 0.495071 2.309831 -2.892562
v 0.323069 4.270581 0.943811
v 0.439249 4.314895 0.144160
v 1.524291 3.819119 0.853449
v 1.132489 4.050783 0.850309
v 1.740601 2.865957 1.976869
v 1.397295 3.202984 2.214462
v 1.361709 2.920733 2.494968
v 1.998081 2.463342 1.601465
v 2.142869 2.019556 1.314679
v 0.819188 4.231506 0.155673
v 0.952114 4.067880 -0.877734
v 1.384735 -0.354626 -2.293174
v 0.264107 2.978997 2.917820
v 0.256082 2.771758 3.031907
v 1.017705 3.438135 2.312151
v 0.997819 3.106690 2.618125
v 2.055996 2.590337 1.340148
v 1.782468 3.069358 1.690083
v 2.194854 2.121779 1.086506
v 0.711730 0.013451 -2.813016
v 2.304753 2.274594 0.528983
v 2.201482 2.763733 0.605390
v 1.891670 3.433949 0.786463
v 1.421020 3.446160 1.882320
v 1.970867 -1.272205 0.294878
v 1.980287 -1.167886 0.041934
v 2.005059 -1.049961 -0.198101
v 1.962843 -1.081710 -0.555362
v 2.254862 -0.117384 -0.786326
v 2.307196 0.140445 -0.829239
v 2.371042 0.498404 -0.810050
v 2.416398 0.745067 -0.746901
v 2.443960 0.936957 -0.649561
v 1.843872 3.280786 1.363873
v 2.152289 2.673372 1.003820
v 2.254514 2.210397 0.827980
v 1.451722 3.678869 1.459119
v 0.246313 3.947162 1.990127
v 0.248058 3.658283 2.349133
v 0.461229 -2.485285 -1.978478
v 0.508328 -2.952099 -2.013018
v 0.599039 4.159288 -0.893085
v 2.029830 -0.654324 -0.769928
v 2.076930 -0.428942 -0.842845
v 2.170431 -0.354278 -0.715501
v 2.120192 -0.549309 -0.629326
v 0.720801 4.208827 0.894967
v 0.640906 4.033687 1.596930
v 1.058874 3.909135 1.506219
v 0.256780 3.296138 2.699765
v 0.776275 0.482704 -2.921521
v 0.474137 -2.131864 -2.031509
v 0.879545 2.245288 -2.759287
v 0.268991 4.080439 1.632168
v 0.612995 -3.460777 -2.124662
v 0.715219 -3.952013 -2.286197
v 0.801743 1.027320 -2.975250
v 0.833492 1.609613 -2.926405
v 1.033056 3.684798 1.948609
v 0.203749 -2.204433 3.193440
v 0.501700 0.265346 2.999809
v 0.418315 0.348032 3.052142
v 0.375402 0.308956 3.154715
v 0.465764 0.213012 3.067842
v 1.154469 -2.427372 2.411582
v 0.963627 -2.587863 2.538926
v 0.751155 -2.746257 2.691041
v 0.502048 -2.835224 2.798498
v 0.223636 -2.872902 2.825363
v 1.102834 -3.052930 0.596316
v 1.206454 -2.952799 0.493743
v 2.351505 0.153355 -0.608044
v 2.284518 -0.097847 -0.576644
v 2.413258 0.419555 -0.598275
v 2.451984 0.599929 -0.551524
v 0.591364 3.232291 2.676041
v 0.597644 3.584667 2.345644
v 0.616833 3.835170 1.981754
v 1.126907 0.745067 2.941196
v 0.991539 0.747159 2.957593
v 0.992236 0.744019 2.934218
v 1.125860 0.748208 2.908749
v 1.424509 0.647728 2.801989
v 1.435673 0.616328 2.781754
v 1.435673 0.618771 2.819084
v 1.422415 0.643193 2.840367
v 1.401482 0.666916 2.822922
v 1.398691 0.660288 2.866184
v 1.337636 0.696222 2.862696
v 1.335891 0.696222 2.903516
v 1.246576 0.724135 2.905260
v 1.247273 0.721343 2.946778
v 0.859310 0.718901 2.942591
v 0.600086 0.500147 2.815596
v 0.558568 0.525268 2.841064
v 0.616833 0.590160 2.865138
v 0.584037 0.571670 2.841413
v 0.637417 0.575157 2.827458
v 0.659048 0.599928 2.836878
v 0.557173 0.546549 2.852229
v 0.692192 0.476424 2.858160
v 0.653466 0.487238 2.829551
v 0.641953 0.483052 2.858160
v 0.683121 0.473283 2.874558
v 0.872219 0.439791 2.903864
v 0.754992 0.461771 2.880140
v 0.750108 0.455139 2.900027
v 0.872219 0.439791 2.921309
v 0.647535 0.623655 2.872813
v 0.992236 0.426881 2.925844
v 0.990492 0.426182 2.942242
v 0.730221 0.671102 2.901073
v 1.326122 0.490378 2.838622
v 1.251809 0.455139 2.872116
v 1.257740 0.459328 2.885373
v 1.331356 0.490378 2.848740
v 1.404622 0.539921 2.778613
v 1.387875 0.531197 2.801640
v 1.388224 0.527710 2.813154
v 1.404273 0.543758 2.801640
v 1.432882 0.582833 2.759425
v 1.424160 0.557017 2.758378
v 1.422066 0.554924 2.776869
v 1.429393 0.578997 2.776171
v 1.438813 0.596791 2.761867
v 1.438813 0.592951 2.786638
v 0.991887 0.454444 2.797453
v 0.877103 0.461771 2.780707
v 0.872219 0.446069 2.883978
v 0.990492 0.433160 2.901073
v 1.310771 0.492821 2.707091
v 1.234016 0.476424 2.745469
v 1.234016 0.463514 2.843158
v 1.307980 0.493519 2.810014
v 1.413693 0.624350 2.641501
v 1.421718 0.604813 2.625800
v 1.423462 0.596791 2.720000
v 1.423462 0.619815 2.726978
v 1.133187 0.729715 2.813502
v 1.251111 0.710177 2.773380
v 1.233667 0.723785 2.856415
v 0.669166 0.640052 2.755238
v 0.730570 0.671451 2.788034
v 0.730221 0.674243 2.883629
v 0.674748 0.623655 2.846298
v 0.748015 0.488984 2.745120
v 0.759877 0.461072 2.863394
v 1.422764 0.583182 2.612543
v 1.424160 0.584926 2.718954
v 1.324378 0.703549 2.726978
v 1.324727 0.699363 2.797803
v 0.640557 0.583881 2.748958
v 0.661490 0.610745 2.748609
v 0.712777 0.490378 2.732560
v 0.684517 0.492471 2.724187
v 0.669166 0.491077 2.813154
v 0.701264 0.482353 2.830947
v 1.425904 0.566786 2.611147
v 1.411600 0.553526 2.724536
v 1.377060 0.673544 2.687903
v 1.384387 0.674941 2.757331
v 0.623810 0.558411 2.743725
v 0.617530 0.553876 2.821527
v 1.406018 0.548293 2.630336
v 1.389969 0.526313 2.653014
v 1.371827 0.531197 2.762914
v 1.394504 0.543758 2.748609
v 1.399040 0.650519 2.663829
v 1.404971 0.646330 2.743725
v 0.619624 0.544806 2.746865
v 0.617530 0.530152 2.816293
v 0.853379 0.701107 2.816991
v 1.001656 0.727971 2.828504
v 0.858263 0.721693 2.926193
v 0.635324 0.522127 2.739538
v 0.644744 0.509916 2.811060
v 1.792934 0.145329 2.526018
v 1.895856 0.069620 2.464614
v 2.095421 -0.874472 1.185241
v 2.150894 -0.984720 0.289296
v 1.696641 0.217896 2.564396
v 1.509986 0.379780 2.665225
v 1.468469 0.409087 2.707789
v 1.448582 0.447117 2.747911
v 1.410553 0.484795 2.780358
v 1.388573 0.507474 2.810014
v 1.690710 -4.943203 0.059726
v 1.842477 -4.830163 -0.136000
v 0.697077 -5.141372 0.594572
v 0.965023 -5.122881 0.496185
v 0.459484 -5.137536 0.660512
v 1.228085 -5.117998 0.360817
v 1.957959 -4.730032 -0.337657
v 2.000174 -4.647696 -0.506519
v 2.053903 -4.160649 -1.658548
v 1.934932 -4.072031 -1.906956
v 0.837330 -4.324276 -2.452617
v 0.422153 -4.378354 -2.471457
v 2.110423 -4.257988 -1.441888
v 1.357522 -4.196233 -2.394701
v 2.113912 -4.348700 -1.213017
v 2.013781 -4.523143 -0.736785
v 2.086349 -4.423359 -0.996009
v 1.789795 -4.057028 -2.197579
v 2.769472 -4.896801 -1.223833
v 2.758657 -4.816907 -1.371413
v 2.086698 -4.400334 -2.484366
v 1.560924 -4.517210 -2.619037
v 2.730746 -4.985071 -0.945420
v 2.403489 -4.439061 -2.234911
v 2.625731 -4.532913 -1.979176
v 2.689577 -4.663394 -1.653663
v 0.998865 -4.631994 -2.624968
v 0.472742 -4.705610 -2.611012
v 2.263585 -5.310234 0.008091
v 2.456520 -5.211151 -0.278696
v 0.913737 -5.477352 0.917642
v 1.291233 -5.470724 0.766225
v 0.591364 -5.508751 0.949740
v 1.686524 -5.460606 0.549914
v 2.598517 -5.129509 -0.532686
v 2.670039 -5.062871 -0.677474
v 0.207587 -5.151490 0.602945
v 0.266200 -5.539455 0.842980
v 1.489402 -5.036705 0.217772
v 1.224596 -4.550357 0.282317
v 1.109812 -4.196934 0.400241
v 1.043872 -3.862698 0.533517
v 0.980025 -3.522532 0.587594
v 0.969210 -3.160387 0.733778
v 0.968512 -2.796844 0.922178
v 1.140165 -2.621005 1.238969
v 1.245529 -2.542156 1.493308
v 1.324029 -2.505523 1.747647
v 1.370780 -2.454237 1.981752
v 1.360313 -2.357597 2.165616
v 1.329960 -2.253277 2.327500
v 0.194678 -0.336139 3.981929
v 0.898385 -1.690871 3.007483
v 0.953859 -1.736574 2.975385
v 0.807326 -1.633303 3.050745
v 0.766157 -1.593529 3.067143
v 0.789183 -1.616207 3.060514
v 0.754992 -1.582017 3.063654
v 0.741386 -1.566665 3.065747
v 0.735455 -1.560735 3.043418
v 0.735106 -1.553409 3.011669
v 0.717661 -1.554454 2.961778
v 0.741386 -1.569806 2.910841
v 0.864194 -1.503167 2.770936
v 0.871521 -1.559338 2.740235
v 0.883383 -1.588645 2.713022
v 0.918272 -1.628419 2.631032
v 1.023636 -1.597368 2.430422
v 1.138769 -1.490956 2.056762
v 0.950370 -0.814462 2.589864
v 1.057130 -0.584545 2.226324
v 0.891757 -0.974253 2.769542
v 0.839423 -1.116949 2.811409
v 0.814303 -1.232082 2.825015
v 0.803139 -1.346167 2.829551
v 0.688704 -1.495841 2.963523
v 0.689052 -1.510494 3.009576
v 0.719057 -1.522705 3.046210
v 0.728826 -1.514683 3.066794
v 0.740688 -1.513635 3.080750
v 0.757086 -1.516077 3.087379
v 0.783252 -1.516776 3.087379
v 0.820583 -1.519567 3.065747
v 0.835585 -1.519567 3.070283
v 0.866288 -1.489911 3.076911
v 0.926994 -1.460954 3.067492
v 0.285738 -0.362304 3.885985
v 0.392846 -0.390912 3.743289
v 2.020410 -5.395365 0.275688
v 0.273527 -0.420917 3.884938
v 0.382031 -0.445339 3.757942
v 0.469602 -0.438013 3.546515
v 0.519493 -0.500116 3.375561
v 0.842563 -1.353494 3.140060
v 0.538333 -0.558380 3.257637
v 2.062974 0.598534 1.983846
v 2.104492 0.588416 1.864526
v 2.069603 0.860898 1.932560
v 2.024596 0.843454 2.050484
v 1.990056 1.135823 2.082582
v 1.945399 1.076162 2.200157
v 1.864457 1.382137 2.327153
v 1.818403 1.292474 2.425190
v 1.631399 1.495875 2.684065
v 1.666986 1.617986 2.590214
v 1.435324 1.815804 2.828156
v 1.400435 1.671365 2.914331
v 1.162494 1.950126 3.011671
v 1.135629 1.783357 3.090869
v 0.887919 2.052698 3.133433
v 0.863148 1.840925 3.228680
v 0.570779 2.169578 3.229377
v 0.540426 1.949081 3.311017
v 0.258176 2.227492 3.269500
v 0.259920 2.010485 3.339277
v 0.557871 -0.596756 3.177392
v 0.606017 -0.605131 3.157855
v 1.022241 -0.139015 2.934217
v 0.727430 -0.031209 2.991435
v 0.644046 -0.096799 3.079006
v 0.889663 -0.212631 3.013764
v 0.430177 0.160681 3.165879
v 0.331442 0.256971 3.282757
v 0.301438 0.175334 3.415334
v 0.393195 0.085318 3.285548
v 0.111992 0.091949 3.750267
v 0.209331 0.047291 3.676303
v 0.203400 0.151607 3.617341
v 0.110596 0.208127 3.685722
v 0.522982 0.071713 3.080751
v 0.494722 0.015892 3.177741
v 0.549497 -0.715030 3.155064
v 0.758830 0.049384 2.959337
v 0.780112 0.124743 2.932473
v 0.613693 0.195916 2.965967
v 0.579850 0.135560 3.008182
v 0.255036 2.435779 3.195884
v 0.610902 2.393213 3.139713
v 0.915481 2.280522 3.047955
v 1.176100 2.140967 2.918518
v 0.429829 -1.014027 3.411496
v 0.651373 -0.811324 3.180182
v 0.572175 -1.006002 3.304039
v 0.181071 -0.396495 3.977742
v 0.760226 -1.240457 3.207047
v 0.614739 0.465258 2.867231
v 0.585084 0.441185 2.869324
v 0.560313 0.431765 2.873511
v 0.528215 0.402459 2.895840
v 0.454600 0.375944 2.975386
v 0.496117 0.387107 2.926542
v 1.469864 1.972455 2.713023
v 0.684517 -0.558729 3.129595
v 0.997819 -0.020741 2.912238
v 1.710597 1.754050 2.469150
v 0.244569 -2.599725 3.127151
v 0.235847 -2.401207 3.203209
v 0.989445 0.075899 2.893398
v 0.463322 -0.488600 3.573380
v 2.133449 0.320818 1.858595
v 2.090885 0.353615 1.990824
v 0.425293 -2.145122 3.124709
v 0.768250 -0.732126 3.130990
v 0.582990 -2.086509 3.042720
v 0.796510 -2.014291 2.955498
v 0.967116 -1.931255 2.894444
v 0.541473 -0.219958 3.194488
v 0.667770 -0.338581 3.127851
v 1.075969 -1.843682 2.867230
v 1.106323 -1.721921 2.900374
v 1.094809 -1.595625 2.940845
v 1.005145 -1.444554 3.027719
v 0.908852 -1.293836 3.112498
v 0.822328 -1.146605 3.165180
v 0.959441 -0.838538 3.076913
v 0.839074 -0.908314 3.122966
v 0.909899 -1.076826 3.108313
v 1.029916 -1.015771 3.051095
v 1.905277 1.482616 2.195273
v 2.037854 1.198272 1.933258
v 2.111120 0.883228 1.788469
v 2.141125 0.571670 1.706829
v 2.040296 -0.664442 2.053624
v 1.934583 -0.868540 2.215857
v 1.955168 -1.033565 1.949654
v 2.036109 -0.817253 1.781142
v 2.161011 0.276509 1.699502
v 2.154034 0.003681 1.726716
v 2.134845 0.077992 1.902904
v 2.130309 -0.134480 1.997104
v 2.137287 -0.235309 1.812542
v 2.089489 -0.330555 2.127937
v 2.099607 -0.454409 1.924186
v 2.029481 -0.526980 2.276563
v 1.901090 -0.701771 2.427632
v 1.500566 -2.042549 2.272027
v 0.239685 -2.812546 2.960732
v 0.254338 -2.744514 3.035743
v 1.220060 -1.435484 2.867230
v 1.109463 -1.441067 2.957942
v 1.178194 -1.614464 2.864789
v 1.275882 -1.650398 2.759772
v 0.286784 0.076947 3.506045
v 0.490884 -2.550531 3.099589
v 0.492628 -2.704041 3.006785
v 1.186567 -1.777393 2.804430
v 1.266113 -1.844730 2.689995
v 1.048058 -2.175476 2.714068
v 0.859310 -2.332476 2.829550
v 0.905712 -2.441327 2.761167
v 1.093414 -2.266187 2.615333
v 0.666375 -2.457727 2.972245
v 0.721499 -2.598327 2.887465
v 1.188311 -2.018127 2.669061
v 1.237505 -2.105351 2.559859
v 1.336938 -1.910670 2.570675
v 0.501002 -2.768936 2.916074
v 0.731617 -2.674035 2.803383
v 1.818752 -0.521048 2.581143
v 1.973658 -0.357769 2.430074
v 2.098909 -0.596407 1.676476
v 2.025294 -0.181581 2.262259
v 2.072743 -0.031209 2.140148
v 0.375751 0.000540 3.373119
v 0.460880 -0.058772 3.250659
v 2.088792 0.148470 2.052577
v 2.162407 -0.057374 1.557505
v 2.173223 -0.116686 1.378874
v 2.192760 0.221736 1.381665
v 2.178456 0.250344 1.547736
v 2.187178 0.578298 1.418996
v 2.165547 0.573064 1.568321
v 2.048669 0.393389 2.107004
v 2.036807 0.225223 2.173293
v 2.013432 0.091600 2.249350
v 1.969123 -0.051795 2.369717
v 1.902485 -0.236354 2.521134
v 1.750370 -0.374515 2.666969
v 2.134496 -0.332998 1.604256
v 2.137287 -0.429987 1.393527
v 0.256431 2.561030 3.132386
v 0.600086 2.539050 3.070284
v 0.920365 2.446595 2.971200
v 1.212036 2.322389 2.825016
v 1.516964 2.148643 2.593005
v 2.154383 0.946725 1.511452
v 2.133449 0.913928 1.655892
v 2.058787 1.256885 1.815333
v 2.090885 -0.736311 1.437138
v 2.030527 -0.996932 1.511102
v 1.963192 -1.235572 1.637399
v 1.790841 -1.029379 2.405303
v 1.834452 -1.239409 2.185153
v 1.344265 -1.453278 2.746166
v 1.379153 -1.685987 2.635917
v 0.443784 -2.348523 3.131687
v 1.013170 -2.064878 2.799196
v 0.812908 -2.174428 2.896536
v 0.610553 -2.270024 3.014460
v 1.127256 -1.934393 2.785241
v 0.932227 -2.516690 2.667317
v 0.595899 -0.148086 3.127851
v 0.772437 -0.263917 3.065748
v 1.095158 -0.389169 2.993878
v 1.190056 -0.563264 2.985155
v 1.117138 -1.225804 2.982363
v 0.998865 -1.257899 3.052839
v 1.119929 -2.352363 2.527064
v 1.283907 -2.176175 2.460426
v 1.411949 -1.967888 2.443331
v 1.498473 -1.714594 2.468102
v 1.676057 -1.706569 2.202249
v 1.856781 -1.463047 1.901507
v 1.725599 -0.831906 2.572072
v 0.448669 -0.142855 3.303341
v 0.373658 -0.074124 3.432081
v 0.292716 -0.009928 3.562565
v 0.749061 -0.996233 3.181928
v 0.251547 -0.906918 -2.492389
v 0.546357 -1.198934 -2.301198
v 0.563802 -0.937618 -2.407260
v 0.901177 -0.969716 -2.271892
v 1.303445 -0.680488 -2.168620
v 1.205407 -1.011583 -2.054534
v 1.574182 -0.725496 -1.831943
v 1.473702 -1.041239 -1.751002
v 1.799214 -0.761430 -1.425838
v 1.678150 -1.045075 -1.368970
v 1.968425 -0.767364 -1.026711
v 1.881552 -1.013327 -0.928673
v 1.976450 -0.889125 -0.685148
v 2.067858 -0.745035 -0.518381
v 2.049716 -0.900987 -0.410923
v 1.271696 -1.224756 2.861996
v 1.441255 -1.201728 2.720697
v 1.366244 -0.970766 2.838970
v 1.184125 -1.002515 2.966663
v 1.102136 -0.777133 3.023184
v 1.492193 -1.450137 2.595098
v 1.545224 -0.927851 2.708487
v 1.614653 -1.144163 2.571723
v 1.337984 -0.518605 2.901422
v 1.546620 -0.472553 2.800594
v 1.458002 -0.313460 2.846646
v 1.235411 -0.342767 2.920611
v 1.661404 -1.393967 2.411233
v 1.330309 -0.166928 2.885024
v 1.255996 -0.030510 2.852927
v 1.218316 0.071364 2.827109
v 1.200174 0.148120 2.825016
v 1.185520 0.211967 2.835133
v 1.169472 0.273022 2.860602
v 1.160749 0.330936 2.893049
v 1.142956 0.373152 2.915378
v 1.138072 0.410484 2.926542
v 1.140165 0.455139 2.774078
v 1.129349 0.441185 2.883280
v 1.137025 0.430717 2.914680
v 1.137025 0.430022 2.931775
v 1.623724 -0.642463 2.691391
v 1.262276 -0.733520 2.941544
v 1.437766 -0.725847 2.826411
v 0.680679 -1.131952 3.257984
v 0.642999 -1.251969 3.306480
v 0.626950 -1.331514 3.322180
v 0.341211 -1.186030 3.567797
v 0.550544 -1.181841 3.384283
v 0.505886 -1.457464 3.286593
v 0.476928 -1.479444 3.224143
v 0.439946 -1.135788 3.464526
v 0.467160 -1.442112 3.186811
v 0.458089 -1.293138 3.062956
v 0.472044 -1.108575 3.104824
v 0.479371 -0.951575 3.119477
v 0.498908 -0.746429 3.131688
v 0.473440 -0.508487 2.806175
v 0.519144 -0.260081 2.374601
v 2.468033 0.734949 -0.478606
v 2.208809 1.565302 1.131164
v 2.261142 1.670666 0.925320
v 2.314522 1.763470 0.708660
v 2.365111 1.821388 0.470021
v 2.403838 1.831157 0.199982
v 2.404884 1.417026 0.425712
v 2.438726 1.428888 0.206959
v 2.255211 1.107212 0.993353
v 2.304404 1.242931 0.806698
v 2.356040 1.350388 0.623880
v 2.425120 1.071278 0.392916
v 2.446402 1.094652 0.218821
v 2.301962 0.613188 0.844727
v 2.343829 0.853921 0.697845
v 2.387091 0.993826 0.552009
v 2.144963 -0.654324 -0.340098
v 2.125425 -0.771550 -0.234734
v 2.228696 -0.290781 -0.521869
v 2.179154 -0.476389 -0.438135
v 2.127518 -0.903429 -0.080875
v 2.140776 -1.001816 0.118341
v 2.463846 1.062903 0.032864
v 2.466289 1.388765 -0.028191
v 2.439075 1.771146 -0.109482
v 2.301613 0.141489 0.803907
v 2.409071 0.706690 -0.078432
v 2.433144 0.642494 -0.243456
v 2.461055 0.181264 -0.459766
v 2.428260 -0.058771 -0.455580
v 2.313127 -0.613851 0.540845
v 2.346620 -0.276827 0.618298
v 2.659921 0.485145 -0.370102
v 2.660619 0.571671 -0.329980
v 2.761448 0.627492 -0.394175
v 2.754819 0.502590 -0.488375
v 2.306847 -0.974253 0.293483
v 2.276145 -0.883192 0.416292
v 2.337898 -0.724449 -0.058894
v 2.333362 -0.852492 0.054493
v 2.388138 0.240575 0.567360
v 2.389184 -0.000508 0.565267
v 2.394418 -0.028068 0.501420
v 2.393720 0.163123 0.500025
v 2.509551 -0.687117 -0.070756
v 2.509900 -0.577218 -0.169491
v 2.650501 -0.592570 -0.249387
v 2.635848 -0.704213 -0.128323
v 2.412560 0.717853 0.496536
v 2.432795 0.783793 0.374425
v 2.354295 0.064736 0.658769
v 2.535368 0.662032 0.131599
v 2.503271 0.636911 0.246383
v 2.562233 0.595743 0.248128
v 2.648757 0.695874 0.149393
v 2.417095 -0.964484 0.243592
v 2.458613 -0.965532 0.131599
v 2.561535 -0.952972 0.089035
v 2.537113 -0.917383 0.223705
v 2.469777 0.596442 0.366401
v 2.485826 0.487937 0.346863
v 2.375229 -0.283804 -0.373242
v 2.486873 -0.884590 0.011930
v 2.575490 -0.888426 -0.018424
v 2.399651 0.415369 0.530029
v 2.403489 0.313143 0.473160
v 2.653990 0.362686 -0.415458
v 2.746097 0.347683 -0.545244
v 2.445704 0.566087 -0.335562
v 2.378718 -0.619784 0.460252
v 2.373135 -0.891917 0.378961
v 2.454077 -0.833304 0.322789
v 2.412211 -0.596060 0.404778
v 2.538160 -0.419173 -0.264738
v 2.562233 -0.276827 -0.342889
v 2.633057 -0.296364 -0.452091
v 2.641779 -0.433826 -0.378824
v 2.490013 0.316982 0.356981
v 2.565024 0.407344 0.316510
v 2.437680 0.402459 0.415943
v 2.568164 -0.846559 0.152532
v 2.473615 -0.738753 0.262781
v 2.447798 -0.272987 0.389427
v 2.417444 -0.051096 0.422921
v 2.421980 -0.302992 0.462694
v 2.742608 -0.596756 -0.247642
v 2.728652 -0.672813 -0.154838
v 2.642128 0.512009 0.242894
v 2.419886 -0.574426 0.361865
v 2.924727 0.419206 -0.439182
v 2.914959 0.296397 -0.490817
v 2.596424 -0.909361 0.075776
v 2.415351 0.106254 0.419432
v 2.432097 0.237434 0.400941
v 2.864021 0.682268 -0.213800
v 2.909376 0.546200 -0.355798
v 2.751330 0.753442 -0.245549
v 2.852159 0.089158 -0.550826
v 2.813432 -0.089123 -0.548733
v 2.679110 -0.064005 -0.525008
v 2.712604 0.149515 -0.575946
v 2.759703 -0.324972 -0.458371
v 2.646315 -0.852142 -0.048777
v 2.721326 0.596092 0.147648
v 2.768426 -0.418824 -0.393129
v 2.822503 0.711575 -0.049823
v 2.747144 0.823916 -0.069360
v 2.612473 0.430718 0.217077
v 2.661666 0.506426 0.114504
v 2.814828 -0.268102 -0.418598
v 2.791801 -0.390911 -0.336957
v 2.744004 0.578298 -0.063081
v 2.782730 0.566786 -0.206822
v 2.428260 -0.070284 0.347910
v 2.428260 0.057759 0.371983
v 2.753423 -0.626062 -0.110529
v 2.700741 -0.719215 -0.053660
v 2.506411 0.254180 0.326977
v 2.555953 0.330937 0.287901
v 2.548626 -0.702469 0.162999
v 2.468033 -0.643856 0.240103
v 2.483384 -0.254148 0.317905
v 2.769821 -0.494882 -0.244502
v 2.431749 -0.524188 0.318603
v 2.808897 0.386063 -0.393478
v 2.807501 0.273023 -0.445811
v 2.626079 -0.739452 0.063915
v 2.448495 0.172892 0.353492
v 2.799477 0.498404 -0.315327
v 2.810990 0.074156 -0.479304
v 2.829830 -0.111801 -0.470233
v 2.478151 0.136954 0.327674
v 2.436982 0.021472 0.332559
v 2.417793 0.001934 0.302903
v 2.466638 0.099972 0.305345
v 2.621195 -0.648741 0.073684
v 2.671784 -0.594313 -0.013190
v 2.647013 -0.505695 0.020304
v 2.606890 -0.585942 0.108921
v 2.731443 0.351173 -0.366613
v 2.715046 0.449560 -0.292998
v 2.713301 0.419555 -0.235083
v 2.739817 0.316982 -0.288114
v 2.414653 -0.474645 0.296274
v 2.488617 -0.574776 0.242545
v 2.471522 -0.522445 0.244290
v 2.403489 -0.436269 0.274992
v 2.603402 0.479216 0.098455
v 2.580375 0.389550 0.201726
v 2.531880 0.350125 0.182188
v 2.516180 0.452002 0.098455
v 2.757610 -0.340324 -0.324747
v 2.786917 -0.232867 -0.375336
v 2.805757 -0.200070 -0.343587
v 2.764937 -0.295316 -0.282182
v 2.412909 -0.094357 0.300112
v 2.406280 -0.100289 0.277086
v 2.692368 -0.514769 -0.092038
v 2.705626 -0.433128 -0.223569
v 2.714697 -0.357769 -0.208567
v 2.661666 -0.450573 -0.082618
v 2.546533 0.279650 0.263479
v 2.545486 0.259065 0.247779
v 2.743306 0.237434 -0.415109
v 2.768426 0.209525 -0.318816
v 2.546882 -0.627460 0.172419
v 2.601308 -0.563263 0.195794
v 2.454426 -0.192394 0.192655
v 2.394418 -0.092264 0.265223
v 2.486873 -0.207397 0.190910
v 2.380113 -0.426849 0.264874
v 2.673179 0.450256 -0.134602
v 2.714348 0.387806 -0.199496
v 2.687833 0.497706 -0.161467
v 2.816572 0.014145 -0.318467
v 2.827388 -0.122269 -0.324397
v 2.814828 -0.128897 -0.357193
v 2.810292 0.026706 -0.344284
v 2.813083 -0.189952 -0.317769
v 2.613171 0.442929 -0.040054
v 2.629219 0.498404 -0.052265
v 2.670388 -0.394751 -0.058196
v 2.670039 -0.433128 0.050657
v 2.506062 0.159982 0.261385
v 2.525948 0.237434 0.227194
v 2.517226 0.192430 0.286854
v 2.621544 -0.486856 0.178001
v 2.410467 -0.500115 0.227892
v 2.272307 -0.388469 0.054495
v 2.299869 -0.382191 -0.006561
v 2.259398 -0.314158 -0.044938
v 2.246838 -0.317645 0.055193
v 2.431400 0.002633 0.198237
v 2.391278 -0.046910 0.203470
v 2.387440 -0.053188 0.161255
v 2.410467 -0.021440 0.157417
v 2.550371 0.115324 -0.037263
v 2.567466 0.104510 -0.070058
v 2.631313 0.145329 -0.086456
v 2.600262 0.159982 -0.040752
v 2.236022 -0.247520 0.091477
v 2.246838 -0.354628 0.133692
v 2.435238 -0.139364 -0.191471
v 2.408024 -0.202163 -0.173678
v 2.458613 -0.279269 -0.186936
v 2.508155 -0.206003 -0.219382
v 2.662015 0.074854 -0.160071
v 2.656781 0.119859 -0.119949
v 2.569211 0.086716 -0.104249
v 2.554209 0.056711 -0.132509
v 2.489664 -0.046211 -0.212754
v 2.455822 -0.082495 -0.206822
v 2.545137 -0.127153 -0.234733
v 2.591190 -0.067143 -0.232291
v 2.330571 -0.360560 -0.075292
v 2.294636 -0.284852 -0.107738
v 2.253467 -0.185766 0.104735
v 2.301962 -0.136223 0.123924
v 2.325687 -0.132736 0.174861
v 2.237069 -0.293223 0.170325
v 2.522110 0.005425 -0.187982
v 2.627824 -0.004694 -0.210311
v 2.486524 0.163819 0.063217
v 2.464195 0.147073 0.106479
v 2.454077 0.098228 0.079963
v 2.473964 0.114279 0.046819
v 2.695508 -0.149133 -0.250085
v 2.729699 -0.070284 -0.241362
v 2.736677 0.009610 -0.230895
v 2.683297 0.228713 -0.103900
v 2.636546 0.249645 -0.060290
v 2.448495 0.029148 0.228241
v 2.401744 -0.032952 0.235568
v 2.468033 0.054269 0.176955
v 2.478500 0.090902 0.217426
v 2.499084 -0.469761 0.130901
v 2.555953 -0.433827 0.091826
v 2.741561 0.114625 -0.196356
v 2.719232 0.187545 -0.147860
v 2.367204 -0.155761 0.205563
v 2.275098 -0.389168 0.212192
v 2.454077 0.199756 0.118341
v 2.486175 0.147073 0.174861
v 2.470824 0.104856 0.145903
v 2.527344 -0.360211 -0.078432
v 2.584910 -0.288339 -0.163211
v 2.390231 -0.347651 -0.132161
v 2.363018 -0.083543 0.193701
v 2.379067 -0.088078 0.235568
v 2.289402 -0.451271 0.178001
v 2.510597 -0.402427 -0.006561
v 2.555953 0.164867 0.004255
v 2.568862 0.255228 -0.008654
v 2.641430 -0.214723 -0.217638
v 2.476406 0.234992 0.056588
v 2.520366 0.215105 0.310927
v 2.500480 -0.226585 0.239754
v 2.429307 0.518987 0.457810
v 2.738770 -0.314158 -0.188680
v 2.704928 -0.283454 -0.154838
v 2.649455 -0.348349 -0.042496
v 2.465242 0.330238 0.156021
v 2.507457 0.204641 0.204866
v 2.450589 0.273372 0.132995
v 2.783777 0.193125 -0.284974
v 2.745050 0.303374 -0.254271
v 2.747841 0.257671 -0.201240
v 2.785521 0.157540 -0.249736
v 2.658875 -0.473947 0.137879
v 2.620497 -0.420218 0.120085
v 2.564326 -0.462784 0.152881
v 2.463846 0.071015 0.279877
v 2.410815 -0.013414 0.280923
v 2.405233 -0.022488 0.259292
v 2.453031 0.052525 0.255454
v 2.627475 -0.371723 0.038097
v 2.705975 0.325354 -0.148209
v 2.339642 -0.495926 0.219868
v 2.320105 -0.431734 0.243592
v 2.453729 0.401761 0.079964
v 2.461404 0.325703 0.071591
v 2.785172 -0.268452 -0.258109
v 2.830877 -0.166578 -0.280089
v 2.789708 -0.231469 -0.227058
v 2.388835 -0.088777 0.255803
v 2.496642 0.129628 0.242894
v 2.789708 -0.138666 -0.405689
v 2.442913 0.061945 0.108224
v 2.354295 -0.089472 0.144508
v 2.529088 0.123349 -0.005514
v 2.779241 0.035430 -0.409875
v 2.689926 0.544806 -0.202287
v 2.659921 0.556318 -0.066220
v 2.352551 -0.254148 -0.145418
v 2.430004 0.021472 0.134041
v 2.370693 -0.004344 0.086244
v 2.381509 0.028103 0.058682
v 2.373484 -0.035394 0.113806
v 2.363367 -0.074819 0.117643
v 2.337200 -0.105872 0.114155
v 2.287658 -0.141807 0.091826
v 2.261840 -0.171462 0.076475
v 2.240558 -0.207746 0.042633
v 2.240209 -0.249264 0.004953
v 2.274749 -0.249962 -0.072152
v 2.305451 -0.236354 -0.112972
v 2.349760 -0.194836 -0.134952
v 2.388138 -0.143550 -0.152745
v 2.404884 -0.088078 -0.167398
v 2.404186 -0.040279 -0.171585
v 2.403140 -0.007485 -0.173329
v 2.412211 0.014495 -0.170887
v 2.407326 0.046942 -0.140882
v 2.431400 0.064038 -0.108436
v 2.476057 0.077992 -0.069012
v 2.478848 0.088110 -0.033076
v 2.478151 0.094043 -0.005165
v 2.455124 0.092645 0.032515
v 2.418142 0.068922 0.041237
v 2.379764 -0.065399 -0.141580
v 2.373484 -0.023882 -0.142627
v 2.375926 0.053919 0.001813
v 2.339991 0.009610 0.017164
v 2.587004 0.366525 -0.024703
v 2.371042 -0.117384 -0.122043
v 2.330571 -0.175997 -0.104249
v 2.330920 -0.024581 0.039841
v 2.327082 -0.041676 -0.010050
v 2.328478 0.000191 -0.026447
v 2.362669 0.045199 -0.082618
v 2.362320 0.048686 -0.043891
v 2.335804 -0.009927 -0.070407
v 2.338596 -0.069585 0.069497
v 2.320802 -0.104125 0.021001
v 2.322547 -0.111801 0.078917
v 2.289402 -0.147390 0.048215
v 2.270911 -0.175997 0.006348
v 2.312778 -0.125410 -0.024703
v 2.333711 -0.058771 -0.057498
v 2.328827 -0.129595 -0.075292
v 2.356389 -0.065050 -0.108087
v 2.352202 -0.017603 -0.112972
v 2.356389 0.031940 -0.114716
v 2.366158 0.019030 -0.143325
v 2.278587 -0.191349 -0.034472
v 2.404186 -0.162738 0.204168
v 2.661666 0.356058 -0.094131
v 2.809594 0.018334 -0.284624
v 2.819712 -0.090520 -0.288811
v 2.625731 0.693781 -0.207869
v 2.567466 0.704248 -0.050520
v 2.604797 -0.060166 -0.431855
v 2.624684 0.180219 -0.429064
v 2.391627 -0.300550 0.529680
v 2.466986 0.488985 -0.399060
v 2.362320 0.374547 0.662956
v 2.347318 -0.594313 -0.203333
v 2.420933 0.787982 0.083104
v 2.431749 0.809263 0.238708
v 2.306498 -0.938318 0.163697
v 2.382206 0.585275 0.597365
v 2.466289 0.365128 -0.426971
v 2.357785 -0.439756 -0.288114
v -1.582547 0.626310 2.583137
v -1.571149 0.664208 2.605440
v -0.443154 0.509913 2.755112
v -0.465456 0.465923 2.744705
v -0.575480 0.404339 2.734793
v -0.625536 0.401635 2.752635
v -0.775209 0.813094 2.854729
v -0.600756 0.755570 2.813594
v -0.513530 0.694664 2.767007
v -1.550333 0.714968 2.637158
v -1.560245 0.516677 2.589581
v -1.588495 0.552548 2.562322
v -1.584034 0.584353 2.564305
v -0.971963 0.334636 2.826975
v -1.182595 0.335985 2.793769
v -0.449101 0.536303 2.750652
v -0.502626 0.637818 2.757590
v -0.472890 0.585708 2.758086
v -1.519110 0.759629 2.671356
v -1.424945 0.409076 2.698613
v -1.537447 0.474042 2.621795
v -1.315913 0.377271 2.753130
v -0.985840 0.865203 2.871083
v -0.535336 0.408398 2.722898
v -1.444274 0.817831 2.726863
v -1.340197 0.830688 2.792778
v -1.172683 0.868585 2.849772
v -0.808910 0.348848 2.803186
v 0.527566 0.630277 2.756180
v 0.537963 0.679454 2.765159
v 0.492123 0.481577 2.743893
v 0.470858 0.519631 2.753817
v 1.407017 0.432400 2.699945
v 1.303052 0.404886 2.751927
v 1.175931 0.369171 2.790678
v 0.975089 0.368004 2.822340
v 1.546425 0.653107 2.611102
v 1.557294 0.620323 2.589836
v 1.526577 0.697018 2.641346
v 0.597034 0.428302 2.734442
v 0.558756 0.431814 2.723100
v 1.166479 0.829908 2.844078
v 1.326208 0.797124 2.789732
v 1.562965 0.556513 2.569988
v 1.536028 0.525482 2.595980
v 1.514290 0.488600 2.626697
v 1.496805 0.735654 2.673954
v 0.787479 0.781904 2.848804
v 0.988321 0.826982 2.864398
v 1.558712 0.584027 2.571879
v 0.644763 0.425963 2.751455
v 0.476529 0.542460 2.749564
v 0.819614 0.380298 2.799657
v 0.621135 0.732142 2.809581
v 0.499212 0.585199 2.756653
v 1.425447 0.786002 2.726881
vn -0.1460 -0.0452 0.9883
vn -0.1558 0.1202 0.9804
vn -0.2048 0.1182 0.9716
vn -0.2961 0.2866 0.9111
vn -0.4677 0.3133 0.8265
vn -0.4587 0.1238 0.8799
vn -0.6581 0.1707 0.7333
vn -0.5662 0.1436 0.8117
vn -0.7537 0.2331 0.6145
vn -0.6844 0.0012 0.7291
vn -0.8184 -0.1008 0.5658
vn -0.6489 -0.3867 0.6552
vn -0.7109 -0.2593 0.6537
vn -0.6316 -0.4110 0.6574
vn -0.6539 -0.2675 0.7077
vn -0.6281 -0.2908 0.7217
vn -0.6537 -0.2731 0.7057
vn -0.5636 -0.2893 0.7737
vn -0.6385 -0.2809 0.7165
vn -0.6826 -0.1611 0.7129
vn -0.5033 -0.0797 0.8604
vn -0.5526 -0.2202 0.8038
vn 0.0723 -0.2487 0.9659
vn -0.0022 0.1415 0.9899
vn 0.1345 0.0869 0.9871
vn 0.1459 -0.0126 0.9892
vn 0.1816 0.2535 0.9501
vn 0.1985 0.0332 0.9795
vn 0.0837 -0.4150 0.9060
vn 0.1283 0.0025 0.9917
vn 0.0367 -0.2563 0.9659
vn 0.0574 -0.4979 0.8653
vn -0.1912 -0.4551 0.8697
vn -0.1598 -0.5043 0.8486
vn -0.2109 -0.3716 0.9041
vn -0.2847 -0.6427 0.7112
vn -0.3263 -0.5821 0.7448
vn -0.5070 -0.8035 0.3119
vn -0.7194 -0.3036 0.6247
vn -0.5962 -0.4408 0.6710
vn -0.8987 0.1841 0.3982
vn -0.5037 0.2771 0.8182
vn -0.5691 -0.4486 0.6891
vn 0.1038 0.0992 0.9896
vn 0.1324 -0.0877 0.9873
vn -0.0761 -0.1949 0.9779
vn -0.6420 -0.2182 0.7350
vn -0.6957 -0.2149 0.6854
vn -0.7065 -0.2746 0.6523
vn -0.6933 -0.2226 0.6854
vn -0.7333 -0.0764 0.6756
vn -0.7463 0.1556 0.6472
vn -0.5062 0.5303 0.6801
vn -0.1571 0.2634 0.9518
vn -0.0865 -0.6088 0.7886
vn -0.3321 0.2497 0.9096
vn -0.1513 -0.5209 0.8401
vn -0.2502 -0.7140 0.6539
vn -0.4503 -0.3143 0.8357
vn -0.3498 -0.4534 0.8198
vn -0.5232 -0.2081 0.8264
vn -0.5177 -0.0755 0.8522
vn -0.4022 -0.4313 0.8076
vn -0.3062 -0.3798 0.8729
vn -0.3806 -0.8525 0.3584
vn -0.3491 -0.5721 0.7421
vn -0.4795 -0.5334 0.6969
vn -0.6049 -0.3619 0.7093
vn -0.7251 -0.1454 0.6731
vn -0.7825 0.1664 0.6000
vn -0.7022 -0.4243 0.5717
vn -0.9069 0.0460 0.4187
vn -0.8939 0.2477 0.3736
vn -0.8452 -0.2218 0.4863
vn -0.7226 -0.2680 0.6372
vn -0.8096 -0.0936 0.5794
vn -0.8701 0.1610 0.4658
vn -0.8761 0.2419 0.4170
vn -0.5305 -0.0846 0.8435
vn -0.7626 0.4101 0.5002
vn -0.6473 0.0532 0.7604
vn -0.6954 0.2814 0.6612
vn -0.7507 0.2683 0.6037
vn -0.2420 0.0614 0.9683
vn -0.1023 0.5464 0.8312
vn -0.3339 0.1976 0.9217
vn -0.2840 0.2868 0.9149
vn -0.1559 0.3752 0.9137
vn -0.1544 0.0478 0.9869
vn -0.1550 0.3043 0.9399
vn -0.3490 0.5163 0.7821
vn -0.5018 -0.0070 0.8649
vn -0.6579 -0.2101 0.7232
vn -0.6546 -0.1482 0.7413
vn -0.6501 -0.2683 0.7109
vn -0.6551 -0.2425 0.7155
vn -0.5989 -0.3312 0.7291
vn -0.2281 -0.7065 0.6699
vn -0.2024 -0.7546 0.6242
vn -0.1556 -0.7687 0.6204
vn -0.1655 -0.7833 0.5992
vn -0.2512 -0.6997 0.6688
vn -0.1086 -0.7890 0.6048
vn -0.3810 -0.6080 0.6965
vn -0.4201 -0.5089 0.7514
vn -0.5379 -0.5786 0.6131
vn -0.5606 -0.4192 0.7141
vn -0.3821 -0.1782 0.9068
vn -0.1877 -0.0718 0.9796
vn -0.1996 -0.7047 0.6808
vn -0.1809 -0.6403 0.7465
vn -0.4004 -0.2614 0.8783
vn -0.6168 -0.2733 0.7382
vn -0.2506 -0.4668 0.8481
vn -0.3695 -0.6645 0.6496
vn -0.6756 -0.0975 0.7307
vn -0.7243 -0.1381 0.6755
vn -0.6534 0.0453 0.7557
vn -0.7511 -0.2207 0.6222
vn -0.7547 -0.2907 0.5881
vn -0.7755 -0.3586 0.5196
vn -0.6835 -0.0271 0.7295
vn -0.8847 -0.1187 0.4508
vn -0.2178 -0.3867 0.8961
vn -0.2114 -0.5295 0.8216
vn -0.7401 0.0040 0.6725
vn -0.7980 -0.0347 0.6016
vn -0.6812 0.1018 0.7250
vn -0.8336 -0.1292 0.5371
vn -0.3510 -0.2496 0.9025
vn -0.6538 0.1797 0.7350
vn -0.8464 -0.1336 0.5155
vn -0.4721 -0.1286 0.8721
vn -0.3770 -0.5154 0.7695
vn -0.2150 -0.2937 0.9314
vn -0.1041 -0.1437 0.9841
vn -0.7164 0.2061 0.6666
vn -0.5336 0.2275 0.8146
vn -0.3856 0.1843 0.9041
vn -0.0570 -0.0185 0.9982
vn -0.0592 0.0784 0.9952
vn -0.4312 0.2707 0.8607
vn -0.0554 -0.1395 0.9887
vn -0.7233 0.3416 0.6002
vn -0.0478 0.0751 0.9960
vn -0.5679 0.3171 0.7595
vn -0.1081 0.2298 0.9672
vn -0.0575 0.2142 0.9751
vn -0.8402 0.1371 0.5246
vn -0.6957 0.1676 0.6985
vn -0.5154 0.2533 0.8187
vn -0.7871 0.1057 0.6077
vn -0.8520 0.0326 0.5226
vn -0.8264 0.0752 0.5580
vn -0.9009 0.0017 0.4341
vn -0.7508 0.1832 0.6346
vn -0.8880 -0.0100 0.4598
vn -0.9208 0.1402 0.3641
vn -0.9137 0.0742 0.3996
vn -0.9231 0.0967 0.3722
vn -0.9029 0.1033 0.4173
vn -0.8907 0.2479 0.3811
vn -0.9595 0.0551 0.2763
vn -0.9257 0.1094 0.3620
vn -0.8973 0.1407 0.4183
vn -0.9767 0.0358 0.2114
vn -0.5786 0.8107 -0.0892
vn -0.2706 0.4516 0.8502
vn -0.8744 0.3716 0.3119
vn -0.9115 0.3343 0.2397
vn -0.8828 0.3507 0.3126
vn -0.9180 0.2679 0.2924
vn -0.5662 0.5525 0.6117
vn -0.3475 0.5856 0.7324
vn -0.6087 0.5387 0.5825
vn -0.5336 0.4277 0.7296
vn -0.2907 0.6043 0.7419
vn -0.8159 0.1624 0.5549
vn -0.8078 0.4253 0.4081
vn -0.5989 -0.5770 0.5554
vn -0.9314 -0.2592 0.2556
vn -0.5022 -0.4875 0.7142
vn -0.6018 -0.7129 0.3599
vn -0.1718 -0.4670 0.8674
vn -0.5090 -0.6775 0.5310
vn -0.7864 -0.5288 0.3193
vn 0.0187 -0.7682 0.6399
vn -0.3620 -0.7510 0.5523
vn -0.7648 -0.2172 0.6066
vn -0.1471 -0.7993 0.5827
vn -0.6231 0.3799 0.6836
vn -0.7086 -0.0603 0.7030
vn -0.5688 -0.6511 0.5025
vn -0.5221 -0.7353 0.4321
vn -0.5695 -0.6485 0.5051
vn -0.5592 -0.6961 0.4502
vn -0.6156 -0.7442 0.2593
vn -0.8062 -0.5306 0.2618
vn -0.8548 -0.1615 0.4932
vn -0.7799 0.0286 0.6252
vn -0.6874 0.1124 0.7175
vn -0.4882 -0.6571 0.5744
vn -0.7020 -0.5486 0.4542
vn -0.7501 -0.4982 0.4348
vn -0.2809 -0.0142 0.9596
vn -0.7026 -0.5141 0.4921
vn -0.8401 0.4110 0.3539
vn -0.9213 0.3396 0.1896
vn -0.9713 0.1766 0.1591
vn -0.3110 -0.5140 0.7994
vn -0.2610 0.1028 0.9599
vn 0.0045 -0.5283 0.8491
vn -0.0029 -0.3845 0.9231
vn -0.4203 -0.7168 0.5564
vn -0.5360 -0.5442 0.6454
vn -0.8779 -0.1940 0.4379
vn -0.4541 -0.8562 0.2465
vn -0.2775 -0.7650 0.5812
vn -0.5997 -0.7672 0.2273
vn -0.3043 -0.9301 0.2058
vn -0.7852 -0.0633 0.6160
vn 0.0329 -0.9356 0.3516
vn -0.5877 -0.2211 0.7783
vn -0.7870 -0.5960 0.1595
vn -0.0237 -0.1306 0.9911
vn -0.6467 -0.2182 0.7308
vn -0.6285 -0.3257 0.7064
vn -0.7070 0.1383 0.6935
vn -0.5609 0.4237 0.7112
vn -0.5501 -0.6844 0.4785
vn -0.6165 -0.5433 0.5699
vn 0.0891 -0.9666 0.2401
vn -0.6507 0.0159 0.7592
vn 0.0046 0.3741 0.9274
vn 0.0626 0.2383 0.9692
vn -0.8297 -0.0382 0.5570
vn 0.3398 -0.7560 0.5595
vn -0.4278 -0.1531 0.8908
vn 0.0816 -0.6830 0.7258
vn -0.3651 -0.9304 -0.0332
vn -0.6233 -0.7724 -0.1221
vn -0.2673 -0.4027 0.8754
vn 0.6851 -0.7216 -0.1001
vn -0.8605 -0.5059 0.0603
vn 0.0866 -0.9548 -0.2845
vn -0.8657 -0.2953 0.4041
vn 0.6644 -0.7396 0.1079
vn 0.2640 -0.9358 0.2336
vn 0.3570 -0.8662 0.3498
vn -0.0997 -0.9427 0.3183
vn -0.0352 -0.8776 0.4781
vn -0.2456 -0.8923 -0.3788
vn 0.3465 -0.6758 0.6505
vn -0.0262 -0.6118 0.7906
vn -0.3264 -0.6452 0.6907
vn -0.6974 -0.5453 0.4650
vn -0.7715 -0.5992 0.2140
vn -0.3647 -0.8546 -0.3697
vn -0.5295 -0.0541 0.8466
vn -0.5279 -0.1797 0.8301
vn -0.4941 -0.5309 0.6885
vn -0.0292 0.2242 0.9741
vn -0.4172 -0.6456 0.6396
vn -0.5065 -0.5987 0.6205
vn -0.3277 -0.8030 0.4977
vn -0.0776 -0.9554 0.2851
vn -0.2155 -0.9303 0.2967
vn 0.1319 -0.1216 0.9838
vn 0.2572 -0.2317 0.9382
vn 0.9712 -0.2357 0.0347
vn 0.5508 -0.8274 0.1101
vn -0.6397 0.4297 0.6373
vn -0.2835 0.9585 0.0310
vn -0.2648 -0.7703 0.5801
vn -0.3795 -0.7050 0.5991
vn -0.1875 -0.8470 0.4974
vn 0.0990 -0.9853 0.1388
vn -0.0681 -0.9861 0.1512
vn -0.2390 -0.2773 0.9306
vn -0.6527 0.4406 0.6164
vn -0.2846 0.9132 0.2917
vn -0.6350 0.3206 0.7028
vn -0.2400 0.2605 0.9352
vn -0.3279 -0.6286 0.7052
vn -0.2034 -0.7836 0.5871
vn -0.4507 0.4158 0.7899
vn -0.7301 0.2024 0.6527
vn -0.2348 -0.7199 0.6531
vn -0.3077 -0.5636 0.7666
vn -0.2782 -0.7018 0.6558
vn -0.2940 -0.5196 0.8022
vn -0.1840 -0.7530 0.6318
vn -0.2708 -0.5239 0.8076
vn -0.1704 -0.8534 0.4926
vn -0.1165 -0.5990 0.7923
vn -0.1501 -0.8458 0.5119
vn -0.2140 -0.8639 0.4560
vn -0.1895 -0.8560 0.4811
vn -0.1868 -0.8588 0.4771
vn -0.0732 -0.8604 0.5044
vn -0.5655 -0.2995 0.7685
vn -0.4072 -0.2719 0.8719
vn -0.2887 -0.2901 0.9124
vn -0.2459 -0.2742 0.9297
vn -0.1365 -0.3174 0.9384
vn -0.6485 0.1423 0.7478
vn -0.4976 0.7893 0.3597
vn -0.6430 0.3218 0.6950
vn -0.6342 -0.0772 0.7693
vn -0.5783 -0.2758 0.7678
vn -0.5893 -0.0210 0.8077
vn -0.5812 0.1942 0.7902
vn -0.4590 0.6468 0.6091
vn -0.4840 0.6734 0.5589
vn -0.3730 0.0939 0.9231
vn -0.4102 -0.0592 0.9101
vn -0.1896 -0.5298 0.8267
vn -0.4464 -0.3400 0.8277
vn -0.3529 0.4560 0.8170
vn -0.2193 -0.8581 0.4642
vn 0.7117 -0.2746 0.6466
vn -0.0825 -0.9190 0.3854
vn -0.2406 0.9198 0.3100
vn -0.2611 -0.7162 0.6472
vn -0.2755 -0.6319 0.7245
vn -0.2938 -0.6341 0.7153
vn -0.2455 -0.6863 0.6847
vn -0.1600 -0.6902 0.7057
vn -0.4176 0.8190 0.3935
vn -0.4251 0.8226 0.3776
vn -0.3052 0.5271 0.7931
vn -0.3219 0.6791 0.6597
vn -0.2151 -0.9142 0.3436
vn -0.2321 -0.8912 0.3896
vn -0.0037 -0.9406 0.3395
vn 0.2414 0.8813 -0.4062
vn -0.4738 0.8510 0.2264
vn -0.1015 -0.8854 0.4535
vn -0.1825 -0.8812 0.4360
vn 0.1482 -0.9527 -0.2652
vn -0.0829 -0.9545 -0.2864
vn 0.6772 -0.6229 -0.3917
vn -0.2389 -0.9543 -0.1795
vn 0.1185 0.8377 -0.5331
vn 0.0259 0.9769 -0.2121
vn -0.0534 -0.9689 -0.2415
vn 0.1715 0.9739 -0.1486
vn -0.2482 -0.9660 -0.0720
vn 0.2291 0.7792 -0.5834
vn 0.1055 -0.8921 -0.4393
vn 0.4749 -0.7438 -0.4703
vn 0.2420 -0.1843 -0.9526
vn 0.1572 -0.3540 -0.9220
vn 0.0705 -0.2681 -0.9608
vn 0.3068 0.8624 -0.4026
vn 0.4040 -0.6525 -0.6411
vn 0.0417 0.9964 -0.0736
vn 0.8087 -0.0134 -0.5881
vn 0.4068 -0.4727 -0.7817
vn 0.1468 -0.4870 -0.8610
vn 0.7174 0.0746 -0.6927
vn -0.2402 0.9694 -0.0505
vn 0.5451 -0.3177 -0.7758
vn 0.4608 0.0358 -0.8868
vn 0.7720 -0.1919 -0.6059
vn 0.4417 -0.1037 -0.8911
vn 0.2446 -0.0316 -0.9691
vn 0.1458 -0.0831 -0.9858
vn 0.4658 0.1886 -0.8645
vn 0.6229 0.0672 -0.7794
vn 0.3527 0.0852 -0.9319
vn 0.7548 0.1491 -0.6387
vn 0.3873 0.2568 -0.8855
vn 0.2953 0.0288 -0.9550
vn 0.6739 0.2267 -0.7032
vn 0.5509 0.3247 -0.7688
vn 0.4351 0.2122 -0.8750
vn 0.8033 -0.0978 -0.5875
vn 0.3653 0.0584 -0.9291
vn 0.1401 0.0951 -0.9856
vn 0.1424 0.0806 -0.9865
vn 0.4858 0.2715 -0.8308
vn 0.4519 0.0993 -0.8865
vn 0.4281 0.2248 -0.8753
vn 0.7196 0.1475 -0.6785
vn 0.5311 0.0969 -0.8418
vn 0.2798 0.0990 -0.9549
vn 0.7590 0.0744 -0.6468
vn 0.5316 0.0878 -0.8424
vn 0.2160 -0.0251 -0.9761
vn 0.1782 0.9647 -0.1940
vn 0.3379 0.1100 -0.9347
vn 0.7985 -0.0112 -0.6019
vn -0.0986 -0.1835 -0.9781
vn 0.1763 0.9830 -0.0512
vn 0.1263 -0.0459 -0.9909
vn 0.0699 -0.0544 -0.9961
vn 0.4399 0.5055 -0.7423
vn 0.2439 0.0526 -0.9684
vn 0.6524 0.1731 -0.7378
vn -0.5757 -0.5748 -0.5815
vn -0.0022 0.9841 -0.1776
vn -0.0456 -0.6962 -0.7164
vn -0.2321 -0.6807 -0.6948
vn 0.3803 0.8958 -0.2301
vn 0.2236 -0.7183 -0.6588
vn 0.7180 0.6750 -0.1700
vn 0.7019 -0.5449 -0.4587
vn 0.4712 -0.7263 -0.5006
vn 0.2805 0.5351 -0.7969
vn 0.1450 -0.6990 -0.7002
vn 0.2973 0.9528 0.0614
vn 0.1405 0.9807 -0.1363
vn 0.3173 0.3073 -0.8972
vn 0.8527 -0.0467 -0.5203
vn 0.3494 0.9181 0.1868
vn 0.2152 0.0217 -0.9763
vn 0.9515 -0.1084 -0.2879
vn -0.6808 -0.6355 -0.3642
vn 0.1339 0.8439 -0.5195
vn -0.1411 -0.8450 -0.5158
vn -0.3158 -0.8173 -0.4819
vn 0.3084 0.9511 0.0191
vn 0.3802 -0.7688 -0.5142
vn 0.5483 0.8249 0.1375
vn 0.4675 -0.7449 -0.4760
vn 0.4276 -0.7856 -0.4473
vn 0.0962 0.9930 -0.0683
vn 0.1336 -0.8354 -0.5331
vn 0.1031 0.9432 0.3159
vn -0.0734 0.3150 0.9463
vn -0.0150 0.3218 0.9467
vn -0.0028 0.1324 0.9912
vn -0.0597 -0.0462 0.9971
vn -0.1009 -0.3390 0.9354
vn -0.3143 0.3835 0.8684
vn -0.1088 -0.4649 0.8787
vn -0.3155 -0.2754 0.9081
vn -0.5048 -0.2131 0.8365
vn -0.3167 -0.1650 0.9341
vn -0.4872 -0.3822 0.7852
vn -0.0913 -0.9945 -0.0506
vn -0.8072 -0.5898 -0.0224
vn -0.9655 -0.2598 0.0193
vn -0.9538 -0.2899 0.0796
vn -0.9790 -0.0850 0.1851
vn -0.9921 0.0006 0.1253
vn -0.9851 0.0771 0.1535
vn -0.9497 0.2276 0.2150
vn -0.8755 -0.4408 0.1983
vn -0.8620 -0.4167 0.2887
vn -0.8748 -0.1369 0.4647
vn -0.8746 0.0008 0.4849
vn -0.9169 0.0131 0.3989
vn -0.8773 0.1659 0.4503
vn -0.8684 -0.4938 -0.0459
vn -0.1283 -0.9898 0.0617
vn -0.1678 -0.9036 0.3941
vn -0.2593 -0.5855 0.7681
vn -0.4320 -0.1986 0.8797
vn -0.4389 -0.1294 0.8892
vn -0.2514 -0.1975 0.9475
vn -0.3204 -0.2302 0.9189
vn -0.1743 -0.2756 0.9453
vn -0.3733 -0.1248 0.9193
vn -0.3476 -0.1720 0.9217
vn -0.0423 -0.2834 0.9581
vn -0.5671 -0.2136 0.7955
vn -0.1014 -0.3355 0.9366
vn -0.3962 -0.1700 0.9023
vn -0.8025 0.1032 0.5877
vn -0.8251 -0.0351 0.5639
vn -0.8079 -0.0038 0.5892
vn -0.1598 -0.5544 0.8168
vn -0.7521 -0.6591 0.0052
vn -0.8685 0.1318 0.4779
vn -0.9331 -0.3375 0.1241
vn -0.9282 -0.3486 0.1301
vn -0.9562 -0.0724 0.2838
vn -0.9618 -0.0046 0.2737
vn -0.9676 0.0494 0.2475
vn -0.9314 0.2204 0.2897
vn -0.9870 -0.1603 0.0071
vn -0.9448 0.2163 0.2461
vn -0.9808 0.0578 0.1860
vn -0.9865 -0.0201 0.1624
vn -0.9886 -0.1030 0.1098
vn -0.9726 -0.0304 -0.2303
vn -0.9442 0.3291 0.0143
vn -0.9752 0.0452 -0.2166
vn -0.9777 0.1263 -0.1677
vn -0.9773 0.1833 -0.1061
vn -0.9129 0.0285 -0.4073
vn -0.8967 0.4151 -0.1534
vn -0.9270 0.1168 -0.3565
vn -0.9328 0.1916 -0.3052
vn -0.9316 0.2494 -0.2645
vn -0.8833 0.0027 -0.4688
vn -0.8178 0.4757 -0.3239
vn -0.8520 0.1526 -0.5007
vn -0.8501 0.2300 -0.4738
vn -0.8576 0.2854 -0.4278
vn -0.7739 -0.0854 -0.6275
vn -0.6814 0.5343 -0.5002
vn -0.7356 0.1030 -0.6695
vn -0.7062 0.2246 -0.6714
vn -0.7159 0.3053 -0.6278
vn -0.5724 -0.1047 -0.8133
vn -0.4217 0.4834 -0.7671
vn -0.5570 -0.0100 -0.8304
vn -0.5145 0.1959 -0.8348
vn -0.5215 0.3122 -0.7941
vn -0.0055 -0.1827 -0.9832
vn 0.0298 0.4056 -0.9136
vn 0.0897 -0.1503 -0.9846
vn 0.1538 0.0011 -0.9881
vn 0.1474 0.2136 -0.9657
vn -0.3891 0.6332 -0.6690
vn -0.1753 0.6718 -0.7197
vn -0.8035 0.3588 -0.4750
vn -0.9896 0.0584 -0.1318
vn -0.6529 0.5208 -0.5500
vn -0.9766 0.0811 -0.1991
vn -0.9800 -0.0696 0.1865
vn -0.9831 -0.0159 0.1824
vn -0.9834 0.1770 0.0400
vn -0.9744 -0.1249 0.1871
vn -0.8833 -0.3094 -0.3522
vn -0.9825 0.0279 0.1840
vn -0.7679 0.6352 -0.0829
vn -0.9049 0.4254 -0.0134
vn -0.8023 -0.3286 -0.4984
vn -0.9387 -0.3217 0.1236
vn -0.9297 -0.3670 0.0306
vn -0.8978 -0.3554 -0.2601
vn -0.8394 -0.3959 -0.3725
vn -0.7839 -0.4696 -0.4062
vn -0.6545 -0.4709 -0.5915
vn -0.4431 -0.4572 -0.7711
vn -0.5321 0.2517 0.8084
vn -0.6218 -0.1130 0.7750
vn -0.4751 0.1512 0.8668
vn -0.5673 0.0885 0.8188
vn -0.5948 0.1189 0.7950
vn -0.4074 0.3177 0.8562
vn -0.4319 0.3622 0.8260
vn -0.4491 -0.6339 0.6297
vn -0.6727 -0.2265 0.7043
vn -0.6161 -0.5286 0.5840
vn -0.6402 -0.0538 0.7663
vn -0.1791 -0.7566 0.6289
vn -0.8812 -0.0285 0.4718
vn -0.1090 -0.7767 0.6203
vn -0.5896 -0.4495 0.6710
vn -0.7704 -0.3506 0.5324
vn -0.6597 -0.1721 0.7316
vn -0.2954 -0.7109 0.6383
vn -0.1715 -0.7578 0.6296
vn -0.3034 -0.6996 0.6469
vn -0.4585 -0.6307 0.6261
vn -0.6495 -0.2796 0.7071
vn -0.1991 -0.7512 0.6294
vn -0.8698 0.2107 0.4461
vn -0.9264 -0.3761 -0.0168
vn -0.9648 -0.2233 0.1387
vn -0.2287 -0.2370 0.9442
vn -0.1911 -0.2981 0.9352
vn -0.0160 -0.3267 0.9450
vn -0.0729 -0.9947 -0.0720
vn -0.5118 -0.8496 0.1275
vn -0.3597 -0.9328 0.0226
vn -0.6293 -0.7180 0.2976
vn -0.4783 -0.8746 0.0788
vn -0.4233 -0.8612 0.2814
vn -0.4978 -0.2510 0.8302
vn -0.2790 -0.2461 0.9282
vn -0.1287 -0.2188 0.9672
vn -0.5517 -0.1597 0.8186
vn -0.5092 -0.0782 0.8571
vn -0.5205 -0.0904 0.8491
vn -0.3860 -0.8433 0.3738
vn -0.2786 -0.9603 0.0107
vn -0.3356 -0.9416 0.0276
vn -0.8396 -0.5023 0.2068
vn -0.7565 -0.6217 0.2029
vn -0.7561 -0.0160 0.6542
vn -0.7860 -0.0654 0.6147
vn -0.7330 0.0733 0.6762
vn -0.7510 -0.6528 -0.0995
vn -0.9266 -0.3404 -0.1600
vn -0.7035 -0.7098 -0.0355
vn -0.7690 -0.5568 -0.3140
vn -0.7916 -0.5922 -0.1505
vn -0.9594 -0.2544 0.1218
vn -0.9931 0.0538 -0.1040
vn -0.9999 -0.0091 -0.0135
vn -0.9556 -0.1520 0.2524
vn -0.1401 0.6919 -0.7083
vn -0.8936 0.2084 -0.3976
vn -0.9751 -0.2035 0.0878
vn -0.7506 0.1213 -0.6495
vn -0.9456 -0.3029 -0.1186
vn -0.0387 -0.3852 -0.9220
vn -0.2415 -0.4569 -0.8561
vn -0.3284 -0.4443 -0.8335
vn -0.4907 -0.3380 -0.8031
vn -0.6772 -0.3554 -0.6442
vn -0.8439 -0.3470 -0.4091
vn -0.8722 -0.3357 -0.3559
vn -0.3037 -0.4517 -0.8389
vn -0.8232 -0.2410 -0.5141
vn -0.1075 -0.1984 -0.9742
vn -0.9036 -0.2295 -0.3618
vn -0.5359 -0.2608 -0.8030
vn -0.9398 -0.2342 -0.2490
vn -0.7432 -0.2375 -0.6255
vn -0.9655 -0.0815 -0.2474
vn -0.7332 -0.0119 -0.6799
vn -0.7987 -0.0678 -0.5979
vn -0.1727 0.0513 -0.9836
vn -0.9288 -0.0811 -0.3616
vn -0.5516 0.0271 -0.8336
vn -0.5692 0.2382 -0.7870
vn -0.9792 0.0073 -0.2028
vn -0.8037 0.1677 -0.5709
vn -0.8454 0.1865 -0.5005
vn -0.1436 0.4709 -0.8704
vn -0.9608 0.0333 -0.2753
vn -0.0665 0.9957 0.0642
vn -0.5232 0.8477 0.0877
vn -0.7549 0.4145 0.5082
vn -0.9491 0.1449 0.2796
vn -0.8988 0.2374 0.3686
vn -0.3736 0.9209 -0.1114
vn -0.7231 -0.3387 -0.6020
vn -0.5115 -0.3711 -0.7750
vn -0.1180 0.4808 0.8689
vn -0.5130 0.5684 0.6433
vn -0.1655 0.4529 0.8761
vn -0.9038 0.2734 0.3293
vn -0.9520 0.1326 0.2758
vn -0.3484 -0.3643 -0.8637
vn -0.9714 0.1785 0.1569
vn -0.9060 0.4041 0.1262
vn -0.7581 0.4881 0.4325
vn -0.1014 -0.9945 -0.0280
vn -0.2581 -0.3593 -0.8968
vn -0.2642 -0.9645 -0.0030
vn -0.4233 -0.9060 0.0039
vn -0.7185 -0.6844 -0.1243
vn -0.7479 -0.5459 -0.3777
vn -0.6838 -0.7232 -0.0966
vn -0.8563 -0.4812 -0.1877
vn -0.7806 -0.5884 -0.2107
vn -0.8641 -0.4962 -0.0842
vn -0.9242 -0.3814 -0.0179
vn -0.8957 -0.3624 -0.2578
vn -0.9080 -0.2516 -0.3350
vn -0.9576 -0.0969 -0.2712
vn -0.9829 0.0183 -0.1834
vn -0.9131 0.3649 0.1818
vn -0.9710 0.1633 0.1746
vn -0.1249 -0.3536 -0.9270
vn -0.7217 0.6512 0.2349
vn -0.1079 0.7802 0.6161
vn -0.0162 0.0561 -0.9983
vn -0.0991 0.9856 -0.1373
vn -0.8662 -0.3394 -0.3668
vn -0.3485 0.9033 0.2501
vn -0.2917 0.2582 0.9210
vn -0.1272 0.6966 0.7061
vn -0.2515 -0.2340 -0.9391
vn -0.5021 0.8298 0.2436
vn -0.0224 -0.1450 -0.9892
vn -0.2573 0.4186 -0.8710
vn -0.7371 0.6699 0.0888
vn -0.0709 0.9633 0.2590
vn -0.0352 0.3419 -0.9391
vn -0.0744 -0.1023 -0.9920
vn -0.2162 0.0629 -0.9743
vn -0.0331 -0.4711 -0.8815
vn 0.0101 0.2137 -0.9769
vn -0.1862 0.9801 0.0686
vn -0.5103 0.7463 0.4274
vn -0.2292 0.1206 0.9659
vn -0.2999 -0.2838 0.9108
vn -0.3452 -0.4720 0.8112
vn -0.0230 -0.6575 0.7531
vn -0.0752 -0.4378 0.8959
vn -0.2694 -0.9627 -0.0259
vn -0.2006 -0.9789 -0.0379
vn -0.1726 -0.9849 -0.0135
vn -0.1818 -0.9827 0.0349
vn -0.2813 -0.8695 0.4060
vn 0.0502 -0.9145 0.4015
vn -0.0091 -0.9979 0.0644
vn -0.0468 -0.9979 -0.0441
vn -0.0640 -0.9972 -0.0390
vn -0.0515 -0.9974 -0.0514
vn -0.7743 0.3346 0.5371
vn -0.7116 -0.5797 0.3969
vn -0.6631 -0.6917 0.2861
vn -0.3859 -0.9015 0.1959
vn -0.1256 -0.9793 0.1585
vn -0.9236 0.1200 0.3642
vn -0.7859 -0.4471 0.4271
vn -0.8392 -0.5165 0.1703
vn -0.8388 -0.4294 0.3347
vn -0.6323 -0.4641 0.6203
vn -0.5045 -0.5170 0.6916
vn -0.2830 -0.5877 0.7580
vn -0.7825 -0.1724 0.5982
vn -0.8434 -0.1465 0.5169
vn -0.9582 -0.2459 -0.1460
vn -0.9598 -0.1242 -0.2517
vn -0.9707 -0.0322 -0.2382
vn -0.1652 0.6808 0.7136
vn -0.2907 0.6458 0.7060
vn -0.1021 -0.4628 -0.8805
vn -0.2344 0.9652 -0.1157
vn -0.2963 0.1318 -0.9460
vn -0.1630 0.9503 0.2654
vn -0.3490 -0.2654 -0.8988
vn -0.3477 -0.1206 -0.9298
vn -0.3437 0.3237 -0.8815
vn -0.1525 0.3631 -0.9192
vn -0.3820 -0.0805 -0.9207
vn -0.3465 0.0553 -0.9364
vn -0.2294 0.2638 -0.9369
vn -0.3607 0.9293 0.0791
vn -0.2137 0.8869 0.4096
vn -0.3392 0.8292 0.4443
vn -0.0078 -1.0000 -0.0001
vn 0.9251 -0.3779 -0.0360
vn 0.6899 -0.7106 -0.1384
vn 0.5009 -0.8603 -0.0948
vn 0.2987 -0.9536 -0.0361
vn -0.2233 -0.9648 -0.1389
vn -0.4920 0.1291 0.8610
vn -0.3317 -0.8001 0.4998
vn -0.3963 -0.4140 0.8195
vn -0.1277 0.9680 0.2160
vn -0.5064 -0.4076 0.7599
vn -0.1166 0.9751 0.1885
vn -0.5894 -0.7832 0.1979
vn -0.1059 0.9940 0.0260
vn -0.5039 -0.8637 -0.0138
vn -0.3556 -0.9323 -0.0664
vn 0.3985 0.9168 0.0260
vn 0.6081 0.7938 -0.0081
vn 0.9471 0.3054 -0.0986
vn 0.1887 -0.9781 -0.0883
vn 0.8789 0.4768 0.0143
vn 0.9910 -0.1337 -0.0030
vn -0.0595 0.9823 0.1774
vn 0.2700 0.9613 0.0548
vn 0.9766 -0.2097 0.0479
vn 0.1256 -0.9793 0.1589
vn -0.6024 -0.7947 -0.0748
vn -0.1266 0.9740 0.1878
vn 0.9982 -0.0579 0.0138
vn 0.1591 -0.9863 0.0427
vn -0.7749 -0.6303 -0.0479
vn -0.9206 -0.3833 -0.0743
vn -0.1462 0.9867 0.0706
vn 0.9808 0.1891 -0.0477
vn 0.4327 -0.9015 0.0058
vn -0.7877 -0.6161 -0.0048
vn 0.7109 0.6970 -0.0935
vn 0.7507 -0.6584 0.0543
vn -0.9926 -0.1137 0.0416
vn -0.1578 -0.9729 0.1692
vn 0.8285 -0.5578 0.0492
vn -0.0484 -0.9837 0.1731
vn -0.7176 0.6900 0.0942
vn -0.2651 -0.9586 0.1036
vn -0.5853 0.3016 0.7526
vn -0.9805 -0.1470 0.1307
vn -0.8946 -0.3846 -0.2275
vn -0.5120 0.3016 0.8043
vn -0.4598 0.2875 0.8402
vn -0.5388 0.1254 0.8330
vn -0.5874 -0.0206 0.8090
vn -0.7095 -0.3368 0.6189
vn -0.5961 0.0053 0.8029
vn -0.6416 -0.2488 0.7255
vn 0.3932 0.8873 0.2410
vn 0.4838 0.8723 -0.0705
vn -0.6594 0.2731 0.7005
vn -0.3859 -0.0197 0.9223
vn -0.1801 -0.0477 0.9825
vn -0.4894 0.0701 0.8692
vn -0.7925 0.3840 0.4738
vn -0.7326 0.6612 -0.1619
vn -0.0261 0.3832 -0.9233
vn -0.8083 0.5885 0.0175
vn -0.0279 0.3366 -0.9412
vn -0.0277 0.4657 -0.8845
vn -0.8376 0.5195 0.1687
vn -0.8306 0.4368 0.3454
vn -0.2050 0.6321 -0.7473
vn -0.8303 0.4700 0.2994
vn -0.6032 0.7270 -0.3281
vn -0.6080 0.7206 0.3334
vn -0.0885 0.6484 -0.7561
vn -0.5930 0.7139 0.3725
vn -0.4836 0.8094 -0.3331
vn -0.5486 0.8332 -0.0697
vn -0.6083 0.7709 0.1889
vn 0.0531 0.4259 -0.9032
vn -0.6121 0.7438 0.2685
vn 0.0628 0.5062 -0.8601
vn 0.0203 0.3580 -0.9335
vn -0.4887 0.6145 0.6193
vn -0.2205 0.7331 0.6434
vn -0.0943 0.6778 0.7292
vn -0.3027 0.7419 0.5983
vn -0.7285 0.3286 0.6010
vn -0.5520 0.6577 0.5126
vn -0.5664 0.7306 0.3812
vn -0.5416 0.6295 0.5572
vn -0.8415 0.4396 0.3141
vn 0.0971 -0.1794 0.9790
vn 0.3481 0.3742 0.8595
vn 0.1285 -0.1020 0.9865
vn 0.2725 0.5033 0.8200
vn -0.5525 0.1966 0.8100
vn -0.6523 -0.0095 0.7579
vn -0.7274 -0.1167 0.6762
vn -0.6831 -0.0129 0.7302
vn -0.7428 -0.2061 0.6371
vn -0.6706 -0.4234 0.6091
vn -0.5815 -0.7765 0.2426
vn -0.5730 -0.8195 0.0073
vn -0.6137 -0.7868 -0.0655
vn -0.5972 -0.8000 0.0582
vn -0.7746 -0.5661 0.2821
vn -0.7190 -0.5281 0.4519
vn -0.2623 0.2898 0.9205
vn -0.5058 0.2274 0.8322
vn -0.4276 -0.1919 0.8834
vn -0.4349 -0.0087 0.9004
vn -0.4580 0.2144 0.8627
vn -0.3674 0.4557 0.8108
vn -0.4663 0.2966 0.8335
vn 0.3612 0.8460 0.3922
vn -0.1690 0.9544 0.2460
vn -0.1632 0.9837 -0.0753
vn 0.1154 0.8941 -0.4328
vn 0.7580 0.3301 -0.5625
vn 0.6496 0.1537 -0.7446
vn 0.8053 0.1712 -0.5677
vn 0.8660 0.2115 -0.4531
vn 0.8680 0.2252 -0.4426
vn 0.8941 0.4332 -0.1135
vn 0.8032 -0.4145 -0.4278
vn 0.8931 -0.2235 -0.3903
vn 0.7891 0.0982 -0.6064
vn 0.7788 0.0261 -0.6267
vn 0.7200 0.1075 -0.6856
vn 0.7368 -0.0646 -0.6730
vn 0.7048 -0.6873 -0.1757
vn 0.3097 -0.9460 0.0960
vn 0.2024 -0.9463 0.2520
vn 0.1198 -0.9613 0.2479
vn 0.2803 -0.6867 0.6707
vn -0.1132 -0.7453 0.6571
vn -0.3727 -0.3105 0.8744
vn -0.1597 -0.3390 0.9272
vn -0.3005 -0.2774 0.9125
vn -0.7483 0.1637 0.6429
vn -0.8187 0.3178 0.4783
vn -0.4013 0.6163 0.6777
vn -0.4891 0.1224 0.8636
vn -0.6344 -0.0969 0.7670
vn -0.6142 -0.1189 0.7801
vn -0.5351 -0.0555 0.8430
vn -0.5255 -0.2623 0.8094
vn -0.5988 -0.4158 0.6845
vn -0.6096 -0.7861 0.1015
vn -0.6308 -0.7759 -0.0092
vn -0.5442 -0.8381 -0.0393
vn -0.6961 -0.7173 0.0289
vn -0.7048 -0.6136 0.3559
vn -0.6690 -0.3810 0.6382
vn -0.8877 0.3953 0.2358
vn -0.9249 0.3461 0.1576
vn -0.3149 -0.2655 0.9112
vn -0.2919 -0.1153 0.9495
vn -0.2980 -0.0849 0.9508
vn 0.0893 0.1830 0.9791
vn -0.0816 0.2214 0.9718
vn -0.1094 0.9465 0.3035
vn 0.5344 0.8136 0.2290
vn 0.7936 0.4995 0.3473
vn 0.8423 0.3652 -0.3964
vn 0.7184 0.5378 -0.4412
vn 0.7970 0.3405 -0.4988
vn 0.8677 0.2627 -0.4220
vn 0.8655 0.2144 -0.4527
vn 0.8882 0.3119 -0.3373
vn 0.9556 0.2338 -0.1792
vn 0.8931 -0.2172 -0.3938
vn 0.8794 -0.1252 -0.4594
vn 0.8215 0.0995 -0.5615
vn 0.7873 0.1474 -0.5987
vn 0.6990 -0.0242 -0.7147
vn 0.7087 -0.0351 -0.7047
vn 0.6514 -0.7128 -0.2601
vn 0.4328 -0.8945 0.1121
vn 0.6366 -0.7555 0.1548
vn 0.4733 -0.6345 0.6111
vn 0.0119 -0.8908 0.4542
vn 0.0816 -0.6105 0.7878
vn -0.3169 -0.5983 0.7360
vn -0.4056 -0.4406 0.8009
vn -0.4076 -0.3243 0.8536
vn -0.9738 0.2161 0.0702
vn -0.9381 0.0434 0.3435
vn -0.9248 0.0681 0.3744
vn -0.9035 0.0631 0.4238
vn -0.7725 0.2023 0.6020
vn -0.6181 0.2697 0.7384
vn -0.4803 0.3122 0.8197
vn -0.3559 0.3147 0.8800
vn -0.1706 0.3123 0.9345
vn -0.0675 0.2872 0.9555
vn -0.3075 0.6714 0.6743
vn -0.1645 0.0216 0.9861
vn -0.1762 0.0602 0.9825
vn -0.4499 0.0206 0.8928
vn -0.4637 -0.0444 0.8849
vn -0.6358 -0.1941 0.7470
vn -0.7287 -0.2555 0.6354
vn -0.7139 -0.4355 0.5484
vn -0.3769 -0.5102 0.7731
vn -0.2365 -0.0948 0.9670
vn -0.5907 0.2911 0.7525
vn -0.5064 -0.1602 0.8473
vn 0.1635 -0.1343 0.9774
vn 0.1722 0.0064 0.9850
vn 0.2552 0.2088 0.9441
vn 0.1533 0.0671 0.9859
vn 0.1905 -0.1251 0.9737
vn -0.0961 -0.3289 0.9395
vn -0.2421 -0.4206 0.8744
vn -0.3137 -0.8028 0.5071
vn -0.8268 -0.3724 0.4216
vn -0.7713 0.1320 0.6226
vn -0.2479 -0.2869 0.9253
vn -0.5838 -0.1436 0.7991
vn -0.1540 -0.6726 0.7238
vn -0.5482 -0.3023 0.7798
vn 0.0148 0.0514 0.9986
vn -0.5664 -0.2633 0.7809
vn -0.3279 -0.4772 0.8154
vn -0.5680 -0.2090 0.7960
vn -0.6074 -0.0059 0.7944
vn -0.7160 0.3912 0.5782
vn -0.6876 -0.2337 0.6875
vn -0.2073 -0.3653 0.9075
vn -0.6453 -0.2528 0.7209
vn -0.6404 -0.1733 0.7483
vn -0.6856 -0.1902 0.7026
vn -0.4656 -0.3563 0.8101
vn -0.1531 -0.6783 0.7187
vn -0.1353 -0.7365 0.6628
vn -0.3075 -0.3196 0.8963
vn -0.2138 -0.6603 0.7200
vn -0.6676 -0.1714 0.7245
vn 0.0159 -0.3216 0.9467
vn -0.1812 -0.6437 0.7435
vn -0.0961 0.2726 0.9573
vn -0.6690 -0.2024 0.7152
vn -0.6922 -0.0395 0.7206
vn -0.9721 0.1220 0.2005
vn -0.5929 -0.1560 0.7900
vn -0.3644 0.4277 0.8272
vn -0.8513 0.3131 0.4210
vn -0.6752 0.3774 0.6337
vn -0.7891 0.3906 0.4741
vn -0.6509 0.4471 0.6135
vn -0.9880 -0.0531 0.1451
vn -0.2948 0.5737 0.7641
vn -0.4065 0.4937 0.7688
vn -0.6148 0.4349 0.6580
vn -0.9531 -0.0968 0.2867
vn -0.3510 0.3076 0.8844
vn -0.0864 0.3402 0.9364
vn -0.1834 0.3338 0.9246
vn -0.3723 0.2866 0.8827
vn -0.5119 0.2941 0.8072
vn -0.5485 0.1090 0.8290
vn -0.5806 0.3417 0.7390
vn -0.2910 0.4539 0.8422
vn -0.4836 -0.4480 0.7520
vn -0.6186 -0.6340 0.4642
vn -0.4107 -0.7139 0.5671
vn -0.4984 -0.4870 0.7172
vn -0.5992 -0.3688 0.7106
vn -0.7681 0.3693 0.5231
vn -0.5633 -0.1554 0.8115
vn -0.4629 -0.3437 0.8171
vn -0.2667 -0.3049 0.9143
vn -0.6921 -0.2561 0.6749
vn 0.1446 0.2692 0.9522
vn 0.0935 0.2171 0.9717
vn -0.1306 0.2847 0.9497
vn -0.7306 -0.1558 0.6648
vn -0.5826 0.4653 0.6664
vn -0.5920 0.2782 0.7564
vn -0.7007 0.2991 0.6477
vn -0.9228 0.3010 0.2404
vn -0.9207 0.2178 0.3240
vn -0.6470 0.3240 0.6902
vn -0.5186 0.0247 0.8547
vn -0.8918 0.3971 0.2168
vn -0.9734 -0.1627 0.1611
vn -0.6290 -0.0410 0.7763
vn -0.6004 -0.0061 0.7997
vn -0.5361 0.2103 0.8175
vn -0.2638 0.2445 0.9331
vn -0.9600 -0.2137 0.1807
vn -0.2688 0.3149 0.9103
vn -0.1277 0.9443 0.3034
vn 0.6545 0.7528 -0.0701
vn -0.1580 0.9742 0.1613
vn 0.6128 0.7902 -0.0076
vn -0.7894 0.2438 0.5634
vn -0.6238 -0.0908 0.7763
vn 0.1485 0.4717 0.8691
vn -0.6742 -0.1588 0.7212
vn -0.3783 0.3687 0.8491
vn -0.1225 0.2907 0.9489
vn -0.2426 0.2321 0.9419
vn -0.8710 -0.2952 0.3927
vn -0.7856 0.4388 0.4363
vn -0.8089 -0.3611 0.4640
vn -0.3710 -0.1209 0.9207
vn -0.9484 0.1058 0.2990
vn 0.0404 -0.0046 0.9992
vn -0.0959 -0.1566 0.9830
vn -0.1655 0.1438 0.9757
vn -0.2773 0.1536 0.9484
vn -0.4043 -0.1940 0.8938
vn -0.4441 -0.3644 0.8185
vn -0.4859 -0.3337 0.8078
vn -0.4725 -0.1332 0.8712
vn -0.6810 -0.1790 0.7101
vn -0.7707 -0.0809 0.6321
vn -0.9239 0.0009 0.3827
vn -0.9614 0.0539 0.2699
vn -0.5388 -0.0062 0.8424
vn -0.9534 -0.1147 0.2790
vn -0.4632 -0.3132 0.8291
vn -0.4418 -0.3331 0.8330
vn -0.5047 -0.2459 0.8275
vn -0.5243 -0.1370 0.8404
vn -0.4907 -0.1765 0.8533
vn -0.5226 -0.0522 0.8510
vn -0.1925 0.1069 0.9754
vn -0.3739 0.0444 0.9264
vn -0.3038 0.0307 0.9523
vn -0.8466 0.3159 0.4283
vn -0.8682 0.1831 0.4611
vn -0.9277 0.1109 0.3566
vn -0.8273 0.3393 0.4477
vn -0.9455 0.0883 0.3133
vn -0.9670 0.0431 0.2512
vn -0.7080 0.3431 0.6173
vn -0.9440 -0.2708 0.1885
vn -0.9798 0.0807 0.1830
vn -0.9908 0.0080 0.1353
vn -0.9967 -0.0152 0.0797
vn -0.9863 -0.1204 0.1131
vn -0.9715 -0.1780 0.1567
vn -0.9021 -0.3049 0.3053
vn -0.7464 -0.4859 0.4547
vn -0.0669 -0.3495 0.9345
vn -0.1070 0.5550 0.8249
vn -0.7143 0.3838 0.5852
vn -0.6625 -0.1649 0.7306
vn -0.8444 0.2986 0.4449
vn -0.1922 -0.5103 0.8383
vn -0.6927 -0.2492 0.6768
vn -0.6912 -0.2500 0.6780
vn -0.6034 -0.3234 0.7289
vn -0.6574 -0.1815 0.7313
vn -0.6864 -0.3838 0.6177
vn -0.0389 -0.7201 0.6928
vn -0.6637 -0.3919 0.6371
vn -0.2180 -0.7653 0.6056
vn -0.5521 -0.6202 0.5573
vn -0.8082 -0.1745 0.5625
vn -0.9704 -0.2140 0.1122
vn -0.9326 0.0262 0.3599
vn -0.9269 0.0366 0.3736
vn -0.8646 0.2644 0.4273
vn -0.8160 0.2581 0.5172
vn -0.9539 0.0835 0.2881
vn -0.9585 0.0643 0.2778
vn -0.9948 -0.0539 0.0862
vn -0.9936 0.0175 0.1119
vn -0.9123 0.0829 0.4011
vn -0.8780 0.1042 0.4672
vn -0.8599 0.1163 0.4971
vn -0.8616 0.1477 0.4857
vn -0.8340 0.1176 0.5390
vn -0.6841 -0.0164 0.7292
vn -0.9922 -0.0998 0.0747
vn -0.1131 0.4168 0.9019
vn -0.1817 0.4156 0.8912
vn -0.5312 0.2917 0.7954
vn -0.8219 0.1904 0.5369
vn -0.6825 0.2517 0.6862
vn -0.3529 0.3615 0.8630
vn -0.9873 0.0523 0.1498
vn -0.9727 0.0900 0.2141
vn -0.9489 0.0798 0.3053
vn -0.9898 -0.1308 0.0573
vn -0.9721 -0.2095 0.1055
vn -0.9646 -0.2188 0.1475
vn -0.1989 0.1518 0.9682
vn -0.9046 -0.2714 0.3287
vn -0.0453 -0.5658 0.8233
vn -0.6973 -0.1943 0.6900
vn -0.2546 -0.2189 0.9420
vn -0.7152 -0.2932 0.6344
vn -0.5923 -0.2538 0.7647
vn -0.5819 -0.0014 0.8133
vn -0.5808 -0.0840 0.8097
vn -0.6743 -0.3582 0.6458
vn -0.6128 -0.4021 0.6803
vn -0.7235 -0.4456 0.5273
vn -0.6911 0.2167 0.6895
vn -0.3962 0.2340 0.8878
vn -0.3080 0.2700 0.9123
vn -0.3488 0.1236 0.9290
vn -0.5844 -0.1120 0.8037
vn -0.7511 -0.3699 0.5468
vn -0.6844 -0.4061 0.6056
vn -0.7035 -0.3878 0.5956
vn -0.0799 -0.9081 0.4111
vn -0.7494 -0.3118 0.5841
vn -0.7900 -0.3109 0.5284
vn -0.9451 -0.2412 0.2204
vn -0.7253 0.2406 0.6450
vn -0.5025 0.4116 0.7603
vn -0.9653 0.0308 0.2595
vn -0.9098 0.1205 0.3971
vn -0.9784 0.0638 0.1968
vn -0.2961 0.5273 0.7964
vn -0.9928 -0.0603 0.1038
vn -0.9937 -0.0022 0.1118
vn -0.9878 -0.1149 0.1052
vn -0.9888 0.0457 0.1421
vn -0.9566 -0.2048 0.2073
vn -0.9698 -0.1745 0.1703
vn -0.1240 0.5555 0.8222
vn -0.1633 0.5626 0.8104
vn -0.9773 -0.1657 0.1324
vn -0.9852 -0.1396 0.0998
vn -0.9103 -0.3914 0.1349
vn -0.7415 -0.4679 0.4809
vn -0.4424 0.4414 0.7807
vn -0.6784 0.4218 0.6016
vn -0.4573 0.3214 0.8292
vn -0.8445 0.3452 0.4095
vn -0.8071 -0.3060 0.5050
vn -0.4886 -0.0564 0.8707
vn -0.2858 0.1639 0.9442
vn -0.5648 -0.0914 0.8201
vn -0.5998 -0.1439 0.7871
vn -0.5054 0.1907 0.8416
vn -0.7587 0.1592 0.6317
vn -0.6633 -0.2053 0.7197
vn -0.6081 -0.3311 0.7215
vn -0.8379 0.0439 0.5441
vn -0.5155 -0.3822 0.7669
vn -0.8695 0.2293 0.4374
vn -0.5061 -0.3141 0.8032
vn -0.9029 0.2029 0.3790
vn -0.8791 0.3034 0.3678
vn -0.8271 0.3724 0.4210
vn -0.8662 0.3040 0.3965
vn -0.8414 0.3167 0.4379
vn -0.4869 -0.1559 0.8595
vn -0.5186 0.0147 0.8549
vn -0.2914 0.0767 0.9535
vn -0.1219 -0.0130 0.9925
vn -0.4633 0.1229 0.8776
vn -0.8488 0.1358 0.5110
vn -0.1056 -0.4974 -0.8610
vn -0.1820 -0.4034 -0.8967
vn -0.3187 -0.3825 -0.8672
vn -0.4917 -0.4095 -0.7685
vn -0.6796 -0.3950 -0.6182
vn -0.7966 -0.3989 -0.4542
vn -0.8301 -0.4298 -0.3552
vn -0.9355 -0.3254 -0.1380
vn -0.9296 -0.2614 -0.2597
vn -0.4919 -0.3776 -0.7845
vn -0.0716 -0.4516 -0.8893
vn -0.8399 -0.4153 -0.3495
vn -0.9030 -0.3426 -0.2594
vn -0.1543 -0.3618 -0.9194
vn -0.6769 -0.3483 -0.6485
vn -0.8304 -0.3682 -0.4181
vn -0.3314 -0.3440 -0.8785
vn -0.9446 -0.3174 -0.0834
vn -0.5429 0.0136 0.8397
vn -0.6153 -0.1591 0.7721
vn -0.6435 -0.1390 0.7527
vn -0.5530 -0.1078 0.8262
vn -0.4266 -0.0234 0.9041
vn -0.6737 -0.1874 0.7148
vn -0.7340 -0.2420 0.6345
vn -0.7191 -0.5195 0.4616
vn -0.4973 -0.7228 0.4799
vn -0.1899 -0.8824 0.4305
vn -0.7145 -0.4691 0.5191
vn -0.7288 -0.4267 0.5355
vn -0.0712 -0.9929 0.0953
vn -0.8417 -0.3549 0.4068
vn -0.7087 -0.2525 0.6587
vn -0.3708 0.0309 0.9282
vn -0.7764 -0.2958 0.5565
vn -0.2253 0.0750 0.9714
vn -0.8815 -0.2851 0.3765
vn -0.4290 0.1714 0.8869
vn -0.3553 0.3136 0.8806
vn -0.8044 -0.2770 0.5256
vn -0.9224 -0.2468 0.2969
vn -0.7163 -0.2365 0.6565
vn -0.5538 0.3812 0.7402
vn -0.6436 -0.2115 0.7355
vn -0.5172 -0.0394 0.8550
vn -0.4191 0.1072 0.9016
vn -0.3120 0.3689 0.8755
vn -0.3154 0.3099 0.8969
vn -0.3596 0.1314 0.9238
vn -0.4168 -0.0378 0.9082
vn -0.4458 -0.2966 0.8446
vn -0.4160 -0.4435 0.7939
vn -0.3874 -0.2590 0.8848
vn -0.3935 -0.2265 0.8910
vn -0.9900 -0.1276 0.0595
vn -0.9962 -0.0746 0.0461
vn -0.9954 -0.0338 0.0892
vn -0.9892 0.0462 0.1387
vn -0.9833 0.0481 0.1753
vn -0.9701 0.1207 0.2106
vn -0.9437 0.1291 0.3046
vn 0.1740 0.9777 0.1179
vn 0.0775 0.9419 0.3268
vn -0.3904 -0.1989 0.8989
vn -0.8861 0.1706 0.4309
vn -0.8002 0.2172 0.5590
vn -0.6630 0.2643 0.7005
vn -0.5406 0.3181 0.7788
vn -0.3849 0.3977 0.8329
vn -0.1890 0.4376 0.8791
vn -0.0931 0.4331 0.8965
vn -0.1986 0.2766 0.9402
vn -0.2480 0.2670 0.9312
vn -0.2786 0.0923 0.9560
vn -0.2682 -0.0534 0.9619
vn -0.8291 0.3831 0.4073
vn -0.7694 0.4207 0.4807
vn -0.6950 0.4063 0.5931
vn 0.0066 0.9866 0.1630
vn 0.0107 0.9578 0.2873
vn -0.0755 -0.2547 0.9641
vn -0.0494 -0.3889 0.9200
vn -0.1144 -0.0899 0.9894
vn -0.2279 -0.4317 0.8728
vn -0.2471 -0.3089 0.9184
vn -0.5743 0.3158 0.7553
vn -0.4559 0.1310 0.8804
vn -0.4018 0.2226 0.8883
vn -0.2280 0.3211 0.9192
vn -0.1240 0.6939 0.7093
vn -0.1123 0.6535 0.7485
vn -0.5592 0.8241 0.0905
vn -0.6483 -0.2156 0.7302
vn -0.5324 -0.0759 0.8431
vn -0.5771 -0.1272 0.8067
vn -0.6300 -0.1274 0.7661
vn -0.5526 0.1102 0.8261
vn -0.6457 0.0186 0.7634
vn -0.6588 -0.2392 0.7133
vn -0.0940 0.3366 0.9369
vn -0.1563 -0.3211 0.9340
vn -0.1689 0.4069 0.8977
vn -0.4577 0.1512 0.8761
vn -0.6684 0.0329 0.7431
vn -0.3171 -0.8605 0.3988
vn -0.4925 -0.6853 0.5364
vn -0.0254 -0.9438 0.3294
vn -0.5017 0.0132 0.8649
vn 0.0193 -0.3117 0.9500
vn -0.4686 -0.0704 0.8806
vn -0.0455 -0.7475 0.6627
vn -0.7023 -0.0413 0.7106
vn -0.1805 -0.8753 0.4486
vn -0.3363 -0.7314 0.5932
vn -0.1839 -0.8208 0.5408
vn -0.4737 -0.5603 0.6795
vn -0.5509 -0.4327 0.7136
vn -0.7395 0.0859 0.6676
vn -0.5417 0.2447 0.8042
vn -0.6443 0.1929 0.7401
vn -0.3590 0.1515 0.9209
vn -0.2885 0.0320 0.9569
vn -0.3444 0.0172 0.9387
vn -0.4089 -0.0058 0.9125
vn -0.5268 -0.0270 0.8496
vn -0.5429 -0.1491 0.8265
vn -0.5912 -0.2084 0.7792
vn 0.0790 0.4676 0.8804
vn -0.0245 0.4333 0.9009
vn -0.4663 0.4087 0.7845
vn -0.2425 0.3661 0.8984
vn 0.0262 -0.9550 0.2955
vn -0.2916 -0.7570 0.5848
vn -0.5885 0.3457 0.7309
vn -0.3637 -0.6159 0.6989
vn -0.4839 -0.2518 0.8381
vn -0.5904 0.1264 0.7971
vn -0.3279 -0.6137 0.7182
vn -0.2095 -0.7819 0.5871
vn 0.4281 -0.7608 -0.4878
vn 0.2771 -0.6832 -0.6756
vn 0.2563 0.1869 -0.9484
vn 0.2263 0.1330 -0.9649
vn 0.2629 0.0863 -0.9610
vn 0.2406 -0.7649 -0.5975
vn 0.4134 -0.7611 -0.4998
vn -0.6827 0.1652 0.7118
vn -0.5519 0.4182 0.7215
vn -0.5963 0.3088 0.7410
vn -0.5490 0.3793 0.7448
vn 0.3865 -0.7937 -0.4698
vn 0.2923 -0.7859 -0.5449
vn 0.4273 0.0898 -0.8996
vn 0.4083 0.0941 -0.9080
vn 0.4605 0.2919 -0.8383
vn 0.5853 -0.5047 -0.6346
vn 0.5082 -0.7454 -0.4313
vn -0.0751 -0.9224 0.3789
vn -0.7284 -0.0706 0.6815
vn -0.8905 0.1007 0.4437
vn -0.9079 0.0590 0.4151
vn -0.9228 0.0806 0.3767
vn -0.9391 0.0796 0.3343
vn -0.9480 0.1127 0.2978
vn -0.9411 0.0739 0.3299
vn -0.9173 0.0722 0.3915
vn -0.8991 0.0832 0.4298
vn -0.8751 0.2018 0.4399
vn -0.7515 0.2907 0.5923
vn -0.5998 0.2631 0.7556
vn -0.4657 0.2716 0.8422
vn -0.3095 0.2606 0.9145
vn -0.1346 0.2541 0.9578
vn -0.0589 0.2500 0.9664
vn -0.5597 0.1771 -0.8096
vn -0.8129 0.1193 -0.5701
vn -0.1301 0.2122 -0.9685
vn -0.9490 -0.0140 -0.3149
vn -0.9708 -0.0252 -0.2386
vn -0.2944 0.1876 -0.9371
vn -0.3679 0.2162 -0.9044
vn -0.9952 -0.0009 -0.0983
vn -0.9813 -0.0319 -0.1901
vn -0.9393 -0.3218 -0.1194
vn -0.8455 -0.4240 -0.3245
vn -0.9663 0.0446 0.2536
vn -0.9750 0.0901 0.2033
vn -0.9828 0.1091 0.1489
vn -0.9851 0.0842 0.1500
vn -0.9646 0.0216 0.2628
vn -0.9696 0.0589 0.2375
vn -0.9892 0.0362 0.1421
vn -0.9608 0.0130 0.2770
vn -0.9679 0.0336 0.2489
vn -0.9300 -0.2970 -0.2165
vn -0.9319 -0.3203 -0.1703
vn -0.7901 -0.5578 -0.2540
vn -0.8866 -0.4112 -0.2120
vn -0.8028 -0.5838 -0.1214
vn -0.9303 -0.3422 -0.1323
vn -0.9690 0.0136 0.2468
vn -0.9723 0.0243 0.2326
vn -0.9945 0.0193 0.1030
vn -0.9907 0.1154 0.0725
vn -0.9912 0.0895 0.0978
vn -0.9757 0.0466 0.2141
vn -0.9668 -0.0242 0.2543
vn -0.9596 -0.0761 0.2707
vn -0.9789 -0.1423 0.1467
vn -0.7382 -0.1967 -0.6453
vn -0.8788 -0.1927 0.4366
vn 0.7006 0.3998 -0.5910
vn -0.4141 -0.8651 0.2832
vn -0.5651 -0.5940 -0.5725
vn -0.9969 0.0039 0.0791
vn 0.4158 -0.6262 -0.6595
vn -0.9758 0.0289 0.2169
vn -0.9158 -0.0765 0.3944
vn 0.0196 0.8671 0.4978
vn -0.3092 -0.9252 0.2201
vn -0.7508 0.3067 0.5851
vn -0.6605 -0.3837 -0.6454
vn 0.1738 -0.8143 -0.5539
vn -0.9906 -0.0389 0.1314
vn 0.7734 0.2548 -0.5805
vn -0.9899 -0.0839 0.1139
vn -0.7448 -0.1550 0.6491
vn 0.7792 -0.2647 -0.5682
vn -0.6128 0.0616 0.7878
vn -0.8242 0.1751 0.5386
vn -0.9490 0.0658 0.3084
vn -0.0227 -0.7529 -0.6577
vn -0.4950 0.3029 0.8144
vn -0.9670 -0.0953 0.2364
vn -0.3893 0.3126 -0.8664
vn -0.9003 -0.2630 0.3467
vn -0.9403 -0.0340 0.3387
vn -0.5326 0.6766 -0.5084
vn 0.0348 -0.1277 -0.9912
vn 0.1684 -0.2924 -0.9414
vn -0.4971 -0.8171 -0.2920
vn -0.4666 0.5203 -0.7152
vn -0.9403 0.0740 0.3322
vn -0.4933 0.3801 0.7824
vn 0.0969 -0.5167 -0.8507
vn -0.7093 0.6964 -0.1090
vn -0.9642 0.0114 0.2649
vn 0.1061 -0.4767 -0.8726
vn -0.8537 -0.4983 0.1516
vn -0.8524 -0.3308 -0.4050
vn -0.8047 -0.5239 0.2793
vn -0.9810 -0.0068 0.1938
vn -0.9084 -0.4137 0.0608
vn -0.7265 -0.2338 0.6462
vn -0.7740 0.1132 0.6230
vn -0.9424 0.1519 0.2981
vn -0.9479 -0.2880 -0.1363
vn -0.8789 -0.3335 0.3410
vn -0.9422 -0.1453 0.3020
vn -0.4291 -0.3813 0.8188
vn -0.8504 -0.0251 0.5255
vn -0.9210 -0.0811 0.3810
vn -0.6046 -0.5371 0.5882
vn -0.9874 -0.0493 0.1507
vn -0.8516 -0.3039 -0.4271
vn -0.8937 -0.2267 0.3872
vn -0.4563 -0.4649 0.7587
vn -0.9436 0.1022 0.3148
vn -0.9144 -0.3868 -0.1194
vn -0.8834 0.0154 0.4684
vn -0.9820 0.1849 0.0393
vn -0.7755 0.3542 0.5227
vn -0.4097 -0.6452 -0.6449
vn -0.9461 -0.3239 0.0061
vn -0.9038 -0.0335 -0.4267
vn -0.9472 0.0931 0.3069
vn -0.7956 -0.3794 -0.4723
vn -0.9702 0.2165 -0.1090
vn -0.7772 -0.4490 0.4409
vn -0.4863 0.7148 -0.5025
vn -0.0020 -0.3203 -0.9473
vn -0.9342 0.1077 0.3401
vn -0.9518 0.0693 -0.2989
vn -0.9441 -0.1974 -0.2639
vn -0.8632 -0.0675 0.5003
vn -0.9733 -0.2273 -0.0314
vn -0.9102 -0.3836 -0.1563
vn -0.2831 0.4162 0.8641
vn -0.8501 0.4688 0.2400
vn -0.7891 -0.6142 -0.0109
vn -0.5622 -0.6209 0.5462
vn -0.9694 0.2221 0.1046
vn -0.4163 0.0989 0.9038
vn -0.3234 -0.6602 0.6779
vn -0.1974 -0.1286 0.9718
vn -0.6098 0.5867 0.5329
vn -0.4498 -0.6594 0.6024
vn -0.7697 -0.4515 -0.4513
vn -0.1151 -0.4355 0.8928
vn -0.8758 -0.3478 0.3346
vn -0.3601 0.0579 0.9311
vn -0.0731 -0.1218 0.9899
vn -0.1265 -0.2571 0.9581
vn -0.6952 -0.2075 0.6882
vn -0.7909 -0.6102 0.0467
vn -0.8697 -0.4845 0.0940
vn -0.0837 0.8910 0.4462
vn -0.6053 -0.3829 0.6978
vn -0.4614 -0.2163 -0.8604
vn -0.9491 0.0789 -0.3050
vn 0.1273 0.7547 0.6436
vn -0.7709 -0.0595 -0.6341
vn -0.3885 0.8420 0.3744
vn -0.9709 -0.1930 -0.1419
vn -0.0047 0.9183 0.3960
vn -0.8576 -0.4494 -0.2502
vn -0.6506 -0.0411 0.7583
vn -0.0753 0.2702 0.9599
vn -0.8887 0.1266 0.4406
vn -0.6398 -0.6930 -0.3322
vn -0.9146 -0.4040 -0.0156
vn -0.8624 -0.1702 0.4767
vn -0.5608 -0.1303 0.8176
vn -0.7750 -0.1440 0.6153
vn -0.9953 -0.0961 -0.0091
vn -0.9137 0.4057 0.0239
vn -0.2171 -0.4590 -0.8615
vn -0.3138 -0.4205 -0.8513
vn -0.9043 0.2664 0.3336
vn -0.9521 0.1159 0.2831
vn -0.7243 0.5504 0.4152
vn -0.0970 0.9316 0.3502
vn -0.9041 -0.3398 -0.2592
vn -0.5283 0.6800 0.5084
vn -0.2110 0.7810 0.5878
vn -0.3187 0.7754 0.5451
vn -0.1213 -0.4626 -0.8782
vn -0.4945 -0.4249 -0.7583
vn -0.6966 -0.3917 -0.6011
vn -0.7924 -0.3760 -0.4803
vn -0.8582 -0.3646 -0.3613
vn -0.9613 -0.2620 -0.0851
vn -0.9661 0.0573 0.2517
vn -0.9626 0.0320 0.2691
vn -0.9565 0.0198 0.2911
vn -0.9252 -0.3244 -0.1970
vn -0.9413 -0.0939 0.3244
vn 0.5905 -0.4423 -0.6750
vn -0.8007 -0.0810 0.5936
vn 0.0132 -0.6320 -0.7748
vn -0.9423 -0.2944 -0.1595
vn -0.7125 -0.2214 0.6658
vn -0.8692 -0.4184 0.2635
vn -0.9162 -0.2675 0.2983
vn -0.9322 0.2988 -0.2041
vn -0.6339 -0.2617 0.7278
vn -0.0914 0.9515 0.2939
vn 0.0464 0.5331 0.8448
vn -0.9393 -0.2723 -0.2089
vn -0.8209 0.0709 0.5667
vn -0.8077 0.2232 0.5457
vn -0.7849 0.0230 -0.6192
vn -0.9429 0.2678 0.1982
vn -0.1935 0.6453 0.7390
vn -0.8453 -0.5340 0.0186
vn -0.7018 0.5962 0.3899
vn -0.9269 0.2346 0.2929
vn -0.1924 0.4540 -0.8699
vn -0.9982 -0.0422 -0.0431
vn -0.9153 -0.3992 0.0532
vn -0.9365 -0.1712 -0.3060
vn -0.8916 -0.4447 0.0858
vn -0.7860 -0.2152 0.5795
vn -0.3911 -0.3119 0.8659
vn -0.6617 -0.1470 0.7352
vn -0.7871 -0.0398 0.6156
vn -0.8508 0.0111 0.5253
vn -0.7809 0.1460 0.6073
vn -0.7690 0.4541 0.4499
vn -0.8995 -0.1713 -0.4019
vn -0.6590 0.3869 0.6449
vn -0.9462 -0.2410 -0.2161
vn -0.7548 -0.6292 -0.1854
vn -0.9083 0.2320 0.3480
vn -0.5808 -0.5603 0.5905
vn -0.6918 -0.4188 -0.5882
vn -0.8957 0.0524 -0.4415
vn -0.7772 0.1711 0.6055
vn -0.9783 0.1433 0.1499
vn -0.8443 0.1116 0.5241
vn -0.9449 -0.2665 0.1904
vn -0.7816 0.6145 -0.1067
vn -0.8591 0.0885 0.5042
vn -0.9327 -0.1126 0.3426
vn -0.4929 -0.3344 0.8033
vn -0.4719 -0.4765 0.7418
vn -0.3677 -0.6792 0.6352
vn -0.2399 -0.9609 0.1380
vn -0.3987 0.2062 0.8936
vn -0.8048 -0.5646 -0.1832
vn -0.8586 -0.3698 -0.3551
vn -0.9981 -0.0460 -0.0399
vn -0.6680 -0.5687 -0.4799
vn -0.7684 -0.6397 -0.0201
vn -0.6940 -0.5083 -0.5099
vn -0.8145 -0.4222 -0.3979
vn -0.7609 -0.6421 -0.0933
vn -0.6430 -0.7640 -0.0544
vn -0.7542 -0.6353 -0.1659
vn -0.9394 -0.3341 -0.0770
vn -0.9969 0.0623 0.0470
vn -0.9625 0.0869 0.2571
vn -0.8515 -0.0473 0.5222
vn -0.5445 -0.0810 0.8348
vn -0.4716 0.4153 0.7779
vn -0.5393 -0.1183 0.8338
vn -0.6362 -0.0249 0.7711
vn -0.6096 0.0320 0.7921
vn -0.4259 -0.1023 0.8990
vn -0.1556 -0.4185 0.8948
vn -0.0664 -0.8086 0.5846
vn -0.1971 -0.9368 0.2891
vn -0.3048 -0.8916 0.3350
vn -0.4036 -0.8467 0.3468
vn -0.6208 -0.7769 0.1051
vn -0.7046 -0.6302 -0.3262
vn -0.7308 0.0967 0.6757
vn -0.6312 -0.6811 -0.3711
vn -0.5962 -0.0051 0.8028
vn -0.8013 0.0004 0.5982
vn -0.7079 -0.3010 0.6389
vn -0.5993 0.0859 0.7959
vn -0.9761 -0.1891 -0.1066
vn -0.8711 -0.4653 0.1574
vn -0.5064 -0.7890 0.3479
vn -0.9816 -0.0842 -0.1716
vn -0.8529 -0.5136 -0.0938
vn -0.7634 -0.6307 0.1395
vn -0.9823 -0.1781 0.0586
vn -0.6145 -0.4519 0.6467
vn -0.9889 0.0098 0.1481
vn -0.9171 -0.1555 0.3671
vn -0.7739 -0.6227 -0.1155
vn -0.7230 -0.5403 -0.4305
vn -0.8166 -0.2710 -0.5096
vn -0.8215 -0.3379 -0.4594
vn -0.8157 0.1335 0.5629
vn -0.9464 -0.2541 0.1995
vn -0.8103 -0.5798 0.0850
vn -0.3393 -0.9370 0.0826
vn -0.2798 -0.9461 0.1632
vn -0.9232 0.0891 0.3739
vn -0.6846 -0.7100 -0.1652
vn -0.4117 -0.4898 0.7685
vn -0.3096 -0.9409 0.1375
vn -0.8874 0.0423 0.4590
vn -0.8228 -0.4733 0.3147
vn -0.6887 0.0993 0.7182
vn -0.7732 -0.3146 0.5506
vn -0.7701 0.0459 0.6363
vn -0.8626 -0.3681 0.3471
vn -0.6935 -0.7106 0.1187
vn -0.7424 -0.3879 0.5462
vn -0.8237 -0.3438 0.4509
vn -0.3543 0.6399 -0.6819
vn -0.0353 -0.2269 -0.9733
vn -0.8591 0.1731 0.4817
vn -0.9828 0.0770 0.1676
vn -0.9932 -0.0336 -0.1118
vn -0.7726 0.0367 0.6338
vn -0.8360 0.4850 0.2566
vn -0.9374 -0.2842 -0.2014
vn -0.0509 0.8485 0.5267
vn -0.9092 -0.3778 0.1750
vn -0.5682 -0.3308 -0.7535
vn -0.9344 0.3281 -0.1387
vn -0.8769 -0.3553 0.3237
vn -0.8405 -0.4713 0.2671
vn -0.9254 -0.3790 0.0090
vn -0.9649 0.2510 0.0767
vn -0.4331 0.5653 -0.7021
vn -0.5204 -0.5331 -0.6671
vn -0.8790 -0.4524 -0.1503
vn -0.8757 -0.0244 -0.4822
vn -0.8828 -0.4021 0.2428
vn -0.8091 -0.5773 0.1101
vn -0.9411 -0.2631 -0.2123
vn -0.8842 -0.4446 0.1435
vn -0.8097 -0.5395 0.2309
vn -0.9313 -0.2935 -0.2157
vn -0.3955 0.4659 -0.7915
vn -0.2445 -0.1732 -0.9541
vn -0.7636 0.4268 -0.4845
vn -0.0750 0.9123 0.4027
vn 0.3049 0.8436 0.4419
vn 0.3763 0.8148 0.4410
vn 0.2701 0.9075 0.3218
vn 0.1510 0.8506 0.5036
vn -0.0334 0.6908 0.7223
vn -0.1758 0.4465 0.8774
vn -0.3176 -0.0472 0.9471
vn -0.5238 -0.0573 0.8499
vn -0.8356 -0.0179 0.5490
vn -0.8196 0.0803 0.5673
vn -0.7493 0.0768 0.6578
vn -0.6501 0.0446 0.7585
vn -0.9539 0.0541 0.2952
vn -0.8477 0.0643 -0.5266
vn 0.5240 0.8000 -0.2923
vn 0.8254 0.0373 -0.5633
vn -0.8885 -0.1247 0.4416
vn -0.0687 0.5399 -0.8389
vn -0.5316 -0.5425 0.6504
vn 0.3838 -0.3481 -0.8553
vn -0.3463 -0.9034 -0.2528
vn -0.9471 -0.0156 0.3205
vn -0.1603 -0.7057 -0.6901
vn -0.8873 -0.0293 0.4602
vn -0.9658 0.0169 0.2588
vn -0.8400 0.5375 0.0738
vn 0.1155 -0.9802 -0.1611
vn -0.9396 0.2832 0.1922
vn -0.5851 -0.8110 -0.0030
vn 0.8143 -0.0479 -0.5785
vn 0.2918 -0.7382 -0.6082
vn -0.9633 -0.0068 0.2684
vn -0.1061 0.2809 -0.9539
vn 0.5604 0.5622 -0.6082
vn -0.5327 -0.3370 0.7763
vn -0.1620 -0.4911 -0.8559
vn -0.9468 -0.0048 0.3218
vn -0.1958 -0.5075 -0.8391
vn 0.0897 0.9650 -0.2464
vn -0.1578 -0.0202 -0.9873
vn -0.8080 -0.1825 0.5601
vn -0.2432 -0.7859 0.5684
vn 0.1348 -0.5030 -0.8537
vn -0.9401 0.0910 0.3284
vn -0.9036 -0.0577 0.4246
vn -0.1416 -0.3844 -0.9122
vn 0.0328 0.7295 -0.6832
vn -0.0256 -0.7182 0.6954
vn -0.9995 0.0054 0.0299
vn -0.6765 -0.5326 0.5086
vn -0.9353 -0.0303 0.3527
vn -0.5692 -0.6163 -0.5442
vn -0.9946 -0.0979 0.0345
vn -0.2336 -0.9699 -0.0689
vn -0.9979 -0.0120 0.0633
vn -0.6110 -0.0379 0.7907
vn -0.4534 -0.7739 -0.4422
vn -0.9516 0.0144 0.3071
vn -0.9690 -0.0672 -0.2379
vn -0.8390 -0.3228 0.4379
vn -0.6393 -0.4379 -0.6321
vn -0.9508 0.0229 0.3091
vn -0.6081 -0.4437 -0.6583
vn -0.4155 -0.8511 0.3209
vn -0.4214 -0.9052 0.0549
vn -0.1920 -0.6738 0.7135
vn -0.3741 -0.4513 0.8101
vn -0.7023 -0.1431 0.6974
vn -0.9795 0.1450 0.1401
vn -0.9451 0.2325 -0.2298
vn -0.9382 0.2044 -0.2793
vn -0.7141 0.0209 0.6997
vn -0.6365 -0.2601 0.7261
vn -0.2949 0.1414 -0.9450
vn 0.8063 0.1979 -0.5574
vn -0.1196 0.1136 -0.9863
vn -0.8848 -0.0884 -0.4575
vn -0.9584 -0.1827 -0.2193
vn -0.9381 -0.1684 -0.3026
vn -0.9498 -0.1782 -0.2571
vn -0.9044 -0.1806 -0.3867
vn -0.8294 -0.5421 0.1350
vn -0.6359 0.4933 0.5935
vn 0.4520 0.8644 0.2200
vn -0.4418 0.8939 -0.0756
vn -0.9830 -0.1715 0.0651
vn -0.9991 -0.0055 0.0415
vn -0.9969 0.0792 -0.0024
vn -0.9941 0.1026 -0.0360
vn -0.9868 0.1437 -0.0746
vn -0.9203 0.3567 -0.1609
vn -0.7791 0.5634 -0.2751
vn -0.6593 0.6730 -0.3352
vn -0.4190 0.8194 -0.3911
vn -0.2125 0.8776 -0.4297
vn -0.1095 0.8955 -0.4314
vn -0.8182 -0.1798 -0.5460
vn -0.7365 -0.1457 -0.6606
vn -0.5525 -0.1314 -0.8231
vn -0.3436 -0.1162 -0.9319
vn -0.2175 -0.0862 -0.9722
vn -0.1265 -0.0847 -0.9883
vn 0.0306 -0.9902 -0.1361
vn 0.8061 -0.5508 0.2162
vn 0.6694 -0.7257 0.1591
vn 0.3926 -0.9197 0.0116
vn 0.2581 -0.9655 0.0349
vn -0.1861 -0.9825 0.0070
vn -0.2921 -0.1916 0.9370
vn -0.2828 -0.9270 0.2462
vn -0.4273 -0.2978 0.8536
vn -0.0903 0.9597 0.2662
vn -0.3737 -0.2836 0.8831
vn -0.1256 0.9781 0.1657
vn -0.5414 -0.6114 0.5771
vn -0.0602 0.9615 0.2680
vn -0.4837 -0.8419 0.2393
vn -0.3909 -0.9045 -0.1707
vn 0.2483 0.9083 0.3367
vn 0.3317 0.9265 0.1780
vn 0.9005 0.3549 0.2512
vn 0.1956 -0.9807 -0.0001
vn 0.9473 0.1540 0.2809
vn 0.9375 -0.2326 0.2590
vn 0.4218 0.8717 0.2494
vn -0.2044 0.9623 0.1794
vn 0.4471 0.8794 0.1636
vn 0.2447 0.9675 -0.0636
vn 0.0233 0.9989 0.0404
vn -0.1398 0.9587 0.2475
vn 0.1460 -0.0452 0.9883
vn 0.1558 0.1202 0.9804
vn 0.2048 0.1182 0.9716
vn 0.2961 0.2866 0.9111
vn 0.4677 0.3133 0.8265
vn 0.4587 0.1238 0.8799
vn 0.6581 0.1707 0.7333
vn 0.5662 0.1436 0.8117
vn 0.7537 0.2331 0.6145
vn 0.6844 0.0012 0.7291
vn 0.8184 -0.1008 0.5658
vn 0.6489 -0.3867 0.6552
vn 0.7109 -0.2593 0.6537
vn 0.6316 -0.4110 0.6574
vn 0.6539 -0.2675 0.7077
vn 0.6281 -0.2908 0.7217
vn 0.6537 -0.2731 0.7057
vn 0.5636 -0.2893 0.7737
vn 0.6385 -0.2809 0.7165
vn 0.6826 -0.1611 0.7129
vn 0.5033 -0.0797 0.8604
vn 0.5526 -0.2202 0.8038
vn -0.0723 -0.2487 0.9659
vn 0.0022 0.1415 0.9899
vn -0.1345 0.0869 0.9871
vn -0.1459 -0.0126 0.9892
vn -0.1816 0.2535 0.9501
vn -0.1985 0.0332 0.9795
vn -0.0837 -0.4150 0.9060
vn -0.1283 0.0025 0.9917
vn -0.0367 -0.2563 0.9659
vn -0.0574 -0.4979 0.8653
vn 0.1912 -0.4551 0.8697
vn 0.1598 -0.5043 0.8486
vn 0.2109 -0.3716 0.9041
vn 0.2847 -0.6427 0.7112
vn 0.3263 -0.5821 0.7448
vn 0.5070 -0.8035 0.3119
vn 0.7194 -0.3036 0.6247
vn 0.5962 -0.4408 0.6710
vn 0.8987 0.1841 0.3982
vn 0.5037 0.2771 0.8182
vn 0.5691 -0.4486 0.6891
vn -0.1038 0.0992 0.9896
vn -0.1324 -0.0877 0.9873
vn 0.0761 -0.1949 0.9779
vn 0.6420 -0.2182 0.7350
vn 0.6957 -0.2149 0.6854
vn 0.7065 -0.2746 0.6523
vn 0.6933 -0.2225 0.6854
vn 0.7333 -0.0764 0.6756
vn 0.7463 0.1556 0.6472
vn 0.5062 0.5303 0.6801
vn 0.1571 0.2634 0.9518
vn 0.0865 -0.6088 0.7886
vn 0.3321 0.2497 0.9096
vn 0.1513 -0.5209 0.8401
vn 0.2502 -0.7140 0.6539
vn 0.4503 -0.3143 0.8357
vn 0.3498 -0.4534 0.8198
vn 0.5232 -0.2081 0.8264
vn 0.5177 -0.0755 0.8522
vn 0.4022 -0.4313 0.8076
vn 0.3062 -0.3798 0.8729
vn 0.3806 -0.8525 0.3584
vn 0.3491 -0.5721 0.7421
vn 0.4795 -0.5334 0.6969
vn 0.6049 -0.3619 0.7093
vn 0.7251 -0.1454 0.6731
vn 0.7825 0.1664 0.6000
vn 0.7022 -0.4243 0.5717
vn 0.9069 0.0460 0.4187
vn 0.8939 0.2477 0.3736
vn 0.8452 -0.2218 0.4863
vn 0.7226 -0.2680 0.6372
vn 0.8096 -0.0936 0.5794
vn 0.8701 0.1610 0.4658
vn 0.8761 0.2419 0.4170
vn 0.5305 -0.0846 0.8435
vn 0.7626 0.4101 0.5002
vn 0.6473 0.0532 0.7604
vn 0.6954 0.2814 0.6612
vn 0.7507 0.2683 0.6037
vn 0.2420 0.0614 0.9683
vn 0.1023 0.5464 0.8312
vn 0.3339 0.1976 0.9217
vn 0.2840 0.2868 0.9149
vn 0.1559 0.3752 0.9137
vn 0.1544 0.0478 0.9869
vn 0.1550 0.3043 0.9399
vn 0.3490 0.5163 0.7821
vn 0.5018 -0.0071 0.8649
vn 0.6579 -0.2101 0.7232
vn 0.6546 -0.1482 0.7413
vn 0.6501 -0.2683 0.7109
vn 0.6551 -0.2425 0.7156
vn 0.5989 -0.3312 0.7291
vn 0.2280 -0.7065 0.6699
vn 0.2024 -0.7546 0.6242
vn 0.1556 -0.7687 0.6204
vn 0.1655 -0.7833 0.5992
vn 0.2512 -0.6997 0.6688
vn 0.1086 -0.7890 0.6048
vn 0.3810 -0.6080 0.6965
vn 0.4201 -0.5089 0.7514
vn 0.5379 -0.5786 0.6131
vn 0.5606 -0.4192 0.7141
vn 0.3821 -0.1782 0.9068
vn 0.1877 -0.0718 0.9796
vn 0.1996 -0.7047 0.6808
vn 0.1809 -0.6403 0.7465
vn 0.4004 -0.2614 0.8783
vn 0.6168 -0.2733 0.7382
vn 0.2506 -0.4668 0.8481
vn 0.3695 -0.6645 0.6496
vn 0.6757 -0.0975 0.7307
vn 0.7243 -0.1381 0.6755
vn 0.6534 0.0453 0.7557
vn 0.7511 -0.2207 0.6222
vn 0.7547 -0.2907 0.5881
vn 0.7755 -0.3586 0.5196
vn 0.6835 -0.0271 0.7295
vn 0.8847 -0.1187 0.4508
vn 0.2178 -0.3867 0.8961
vn 0.2114 -0.5295 0.8216
vn 0.7401 0.0040 0.6725
vn 0.7980 -0.0347 0.6016
vn 0.6811 0.1018 0.7250
vn 0.8336 -0.1292 0.5371
vn 0.3510 -0.2496 0.9025
vn 0.6538 0.1797 0.7350
vn 0.8464 -0.1336 0.5155
vn 0.4721 -0.1286 0.8721
vn 0.3770 -0.5154 0.7695
vn 0.2150 -0.2937 0.9314
vn 0.1041 -0.1437 0.9841
vn 0.7164 0.2061 0.6666
vn 0.5336 0.2275 0.8146
vn 0.3856 0.1843 0.9041
vn 0.0592 0.0784 0.9952
vn 0.4312 0.2707 0.8607
vn 0.0554 -0.1395 0.9887
vn 0.7233 0.3416 0.6002
vn 0.0478 0.0751 0.9960
vn 0.5679 0.3171 0.7595
vn 0.1081 0.2298 0.9672
vn 0.0575 0.2142 0.9751
vn 0.8402 0.1371 0.5246
vn 0.6957 0.1676 0.6985
vn 0.5154 0.2533 0.8187
vn 0.7871 0.1057 0.6077
vn 0.8520 0.0326 0.5226
vn 0.8264 0.0752 0.5580
vn 0.9009 0.0017 0.4341
vn 0.7508 0.1832 0.6346
vn 0.8880 -0.0100 0.4598
vn 0.9207 0.1402 0.3641
vn 0.9137 0.0742 0.3996
vn 0.9231 0.0967 0.3722
vn 0.9029 0.1033 0.4173
vn 0.8907 0.2479 0.3811
vn 0.9595 0.0551 0.2763
vn 0.9257 0.1094 0.3620
vn 0.8973 0.1407 0.4183
vn 0.9767 0.0358 0.2114
vn 0.5786 0.8107 -0.0892
vn 0.2706 0.4516 0.8502
vn 0.8744 0.3716 0.3119
vn 0.9115 0.3343 0.2397
vn 0.8828 0.3507 0.3126
vn 0.9180 0.2679 0.2924
vn 0.5662 0.5525 0.6117
vn 0.3475 0.5856 0.7324
vn 0.6087 0.5387 0.5825
vn 0.5336 0.4277 0.7296
vn 0.2907 0.6043 0.7419
vn 0.8159 0.1624 0.5549
vn 0.8078 0.4253 0.4081
vn 0.5989 -0.5770 0.5554
vn 0.9314 -0.2592 0.2556
vn 0.5022 -0.4875 0.7142
vn 0.6018 -0.7129 0.3599
vn 0.1718 -0.4670 0.8674
vn 0.5090 -0.6775 0.5310
vn 0.7864 -0.5288 0.3193
vn -0.0187 -0.7682 0.6399
vn 0.3621 -0.7510 0.5522
vn 0.7648 -0.2172 0.6066
vn 0.1471 -0.7993 0.5827
vn 0.6231 0.3799 0.6836
vn 0.7086 -0.0603 0.7030
vn 0.5688 -0.6511 0.5025
vn 0.5221 -0.7353 0.4321
vn 0.5695 -0.6485 0.5051
vn 0.5592 -0.6961 0.4503
vn 0.6156 -0.7442 0.2593
vn 0.8062 -0.5306 0.2618
vn 0.8548 -0.1615 0.4932
vn 0.7799 0.0286 0.6252
vn 0.6874 0.1124 0.7175
vn 0.4882 -0.6571 0.5744
vn 0.7020 -0.5486 0.4542
vn 0.7502 -0.4982 0.4348
vn 0.2808 -0.0142 0.9596
vn 0.7026 -0.5140 0.4921
vn 0.8401 0.4110 0.3539
vn 0.9213 0.3396 0.1896
vn 0.9713 0.1766 0.1591
vn 0.3110 -0.5140 0.7994
vn 0.2610 0.1028 0.9599
vn -0.0045 -0.5283 0.8491
vn 0.0029 -0.3845 0.9231
vn 0.4203 -0.7168 0.5564
vn 0.5360 -0.5442 0.6454
vn 0.8779 -0.1939 0.4379
vn 0.4541 -0.8562 0.2465
vn 0.2775 -0.7650 0.5812
vn 0.5997 -0.7673 0.2273
vn 0.3043 -0.9301 0.2058
vn 0.7852 -0.0633 0.6160
vn -0.0329 -0.9356 0.3516
vn 0.5877 -0.2211 0.7783
vn 0.7870 -0.5960 0.1595
vn 0.0237 -0.1306 0.9912
vn 0.6467 -0.2182 0.7308
vn 0.6285 -0.3257 0.7064
vn 0.7070 0.1383 0.6935
vn 0.5609 0.4237 0.7112
vn 0.5501 -0.6844 0.4785
vn 0.6165 -0.5433 0.5699
vn -0.0891 -0.9666 0.2401
vn 0.6507 0.0159 0.7592
vn -0.0046 0.3741 0.9274
vn -0.0626 0.2383 0.9692
vn 0.8297 -0.0382 0.5570
vn -0.3398 -0.7560 0.5595
vn 0.4278 -0.1531 0.8908
vn -0.0816 -0.6830 0.7258
vn 0.3651 -0.9304 -0.0332
vn 0.6233 -0.7724 -0.1221
vn 0.2673 -0.4027 0.8754
vn -0.6851 -0.7216 -0.1001
vn 0.8605 -0.5059 0.0603
vn -0.0866 -0.9548 -0.2845
vn 0.8657 -0.2954 0.4042
vn -0.6644 -0.7396 0.1079
vn -0.2640 -0.9358 0.2336
vn -0.3570 -0.8662 0.3498
vn 0.0997 -0.9427 0.3183
vn 0.0352 -0.8776 0.4781
vn 0.2456 -0.8923 -0.3788
vn -0.3465 -0.6758 0.6505
vn 0.0262 -0.6118 0.7906
vn 0.3264 -0.6452 0.6907
vn 0.6974 -0.5453 0.4650
vn 0.7715 -0.5992 0.2140
vn 0.3647 -0.8546 -0.3697
vn 0.5295 -0.0541 0.8466
vn 0.5279 -0.1797 0.8301
vn 0.4941 -0.5309 0.6885
vn 0.0292 0.2242 0.9741
vn 0.4172 -0.6456 0.6396
vn 0.5065 -0.5987 0.6205
vn 0.3277 -0.8031 0.4977
vn 0.0776 -0.9554 0.2851
vn 0.2155 -0.9303 0.2967
vn -0.1319 -0.1216 0.9838
vn -0.2572 -0.2317 0.9382
vn -0.9712 -0.2358 0.0347
vn -0.5508 -0.8274 0.1101
vn 0.6397 0.4297 0.6373
vn 0.2835 0.9585 0.0310
vn 0.2648 -0.7703 0.5801
vn 0.3795 -0.7050 0.5991
vn 0.1875 -0.8470 0.4974
vn -0.0991 -0.9853 0.1388
vn 0.0681 -0.9861 0.1512
vn 0.2390 -0.2773 0.9306
vn 0.6527 0.4406 0.6164
vn 0.2846 0.9132 0.2917
vn 0.6350 0.3206 0.7028
vn 0.2400 0.2605 0.9352
vn 0.3279 -0.6286 0.7052
vn 0.2034 -0.7836 0.5871
vn 0.4507 0.4158 0.7899
vn 0.7301 0.2024 0.6527
vn 0.2348 -0.7199 0.6531
vn 0.3077 -0.5636 0.7666
vn 0.2782 -0.7018 0.6559
vn 0.2940 -0.5196 0.8022
vn 0.1840 -0.7530 0.6318
vn 0.2708 -0.5239 0.8076
vn 0.1704 -0.8534 0.4926
vn 0.1165 -0.5990 0.7923
vn 0.1501 -0.8458 0.5119
vn 0.2140 -0.8639 0.4560
vn 0.1895 -0.8560 0.4811
vn 0.1868 -0.8588 0.4771
vn 0.0732 -0.8604 0.5044
vn 0.5655 -0.2995 0.7685
vn 0.4072 -0.2720 0.8719
vn 0.2887 -0.2901 0.9124
vn 0.2459 -0.2742 0.9297
vn 0.1365 -0.3174 0.9384
vn 0.6485 0.1423 0.7478
vn 0.4976 0.7893 0.3597
vn 0.6430 0.3218 0.6950
vn 0.6342 -0.0772 0.7693
vn 0.5783 -0.2758 0.7678
vn 0.5893 -0.0210 0.8077
vn 0.5812 0.1942 0.7902
vn 0.4590 0.6468 0.6091
vn 0.4840 0.6734 0.5589
vn 0.3730 0.0939 0.9231
vn 0.4102 -0.0592 0.9101
vn 0.1896 -0.5298 0.8267
vn 0.4464 -0.3400 0.8277
vn 0.3529 0.4560 0.8170
vn 0.2193 -0.8581 0.4642
vn -0.7117 -0.2746 0.6466
vn 0.0825 -0.9190 0.3854
vn 0.2406 0.9198 0.3100
vn 0.2611 -0.7162 0.6472
vn 0.2755 -0.6319 0.7245
vn 0.2938 -0.6341 0.7152
vn 0.2455 -0.6863 0.6847
vn 0.1600 -0.6902 0.7057
vn 0.4176 0.8190 0.3935
vn 0.4251 0.8226 0.3776
vn 0.3052 0.5271 0.7931
vn 0.3219 0.6791 0.6597
vn 0.2151 -0.9142 0.3436
vn 0.2321 -0.8912 0.3896
vn 0.0037 -0.9406 0.3395
vn -0.2414 0.8813 -0.4062
vn 0.4738 0.8510 0.2263
vn 0.1015 -0.8854 0.4535
vn 0.1825 -0.8812 0.4360
vn -0.1482 -0.9527 -0.2652
vn -0.1031 0.9432 0.3159
vn -0.6772 -0.6229 -0.3917
vn 0.2389 -0.9543 -0.1795
vn -0.1185 0.8377 -0.5331
vn -0.0259 0.9769 -0.2121
vn 0.0534 -0.9689 -0.2415
vn -0.1715 0.9739 -0.1486
vn 0.2482 -0.9660 -0.0720
vn -0.2291 0.7792 -0.5834
vn -0.1055 -0.8921 -0.4393
vn -0.4749 -0.7438 -0.4703
vn -0.1572 -0.3540 -0.9220
vn -0.0705 -0.2681 -0.9608
vn -0.3068 0.8624 -0.4026
vn -0.4040 -0.6525 -0.6411
vn -0.0417 0.9964 -0.0736
vn -0.8087 -0.0134 -0.5881
vn -0.4068 -0.4727 -0.7817
vn -0.1468 -0.4870 -0.8610
vn -0.7174 0.0746 -0.6927
vn 0.2402 0.9694 -0.0505
vn -0.5451 -0.3177 -0.7758
vn -0.4608 0.0358 -0.8868
vn -0.7720 -0.1919 -0.6059
vn -0.4417 -0.1037 -0.8911
vn -0.2446 -0.0316 -0.9691
vn -0.1458 -0.0831 -0.9858
vn -0.4658 0.1886 -0.8645
vn -0.6229 0.0672 -0.7794
vn -0.3527 0.0852 -0.9319
vn -0.7548 0.1491 -0.6388
vn -0.3873 0.2568 -0.8855
vn -0.2953 0.0288 -0.9550
vn -0.6739 0.2268 -0.7032
vn -0.5509 0.3247 -0.7688
vn -0.4351 0.2122 -0.8750
vn -0.8033 -0.0978 -0.5875
vn -0.3653 0.0584 -0.9291
vn -0.1401 0.0951 -0.9856
vn -0.1424 0.0806 -0.9865
vn -0.4858 0.2715 -0.8308
vn -0.4519 0.0993 -0.8865
vn -0.4281 0.2248 -0.8753
vn -0.7196 0.1475 -0.6785
vn -0.5311 0.0969 -0.8418
vn -0.2798 0.0990 -0.9549
vn -0.7590 0.0744 -0.6468
vn -0.5316 0.0878 -0.8424
vn -0.2160 -0.0251 -0.9761
vn -0.1782 0.9647 -0.1940
vn -0.3379 0.1100 -0.9347
vn -0.7985 -0.0112 -0.6019
vn 0.0986 -0.1835 -0.9781
vn -0.1763 0.9830 -0.0512
vn -0.1263 -0.0459 -0.9909
vn -0.0699 -0.0544 -0.9961
vn -0.4399 0.5055 -0.7423
vn -0.2439 0.0526 -0.9684
vn -0.6524 0.1731 -0.7378
vn 0.5757 -0.5748 -0.5815
vn 0.0022 0.9841 -0.1776
vn 0.0456 -0.6962 -0.7164
vn 0.2321 -0.6807 -0.6948
vn -0.3803 0.8958 -0.2301
vn -0.2236 -0.7183 -0.6588
vn -0.7180 0.6750 -0.1700
vn -0.7019 -0.5449 -0.4587
vn -0.4712 -0.7263 -0.5006
vn -0.2805 0.5351 -0.7969
vn -0.1450 -0.6990 -0.7002
vn -0.2973 0.9528 0.0614
vn -0.1405 0.9807 -0.1363
vn -0.3173 0.3073 -0.8972
vn -0.8527 -0.0467 -0.5203
vn -0.3494 0.9181 0.1868
vn -0.2152 0.0217 -0.9763
vn -0.9515 -0.1084 -0.2879
vn 0.6808 -0.6355 -0.3642
vn -0.1339 0.8439 -0.5195
vn 0.1411 -0.8450 -0.5158
vn 0.3158 -0.8173 -0.4819
vn -0.3084 0.9511 0.0191
vn -0.3802 -0.7688 -0.5142
vn -0.5483 0.8249 0.1375
vn -0.4675 -0.7449 -0.4760
vn -0.4276 -0.7856 -0.4473
vn -0.1336 -0.8354 -0.5331
vn 0.0597 -0.0462 0.9971
vn 0.0150 0.3218 0.9467
vn 0.0230 -0.6575 0.7531
vn 0.3143 0.3835 0.8684
vn 0.1088 -0.4649 0.8787
vn 0.3155 -0.2754 0.9081
vn 0.5048 -0.2131 0.8365
vn 0.3167 -0.1650 0.9341
vn 0.4872 -0.3822 0.7852
vn 0.0913 -0.9945 -0.0506
vn 0.8072 -0.5899 -0.0224
vn 0.9655 -0.2598 0.0193
vn 0.9538 -0.2899 0.0796
vn 0.9790 -0.0850 0.1851
vn 0.9921 0.0006 0.1253
vn 0.9851 0.0771 0.1535
vn 0.9497 0.2276 0.2150
vn 0.8755 -0.4408 0.1983
vn 0.8620 -0.4167 0.2887
vn 0.8748 -0.1369 0.4647
vn 0.8746 0.0008 0.4849
vn 0.9169 0.0131 0.3989
vn 0.8773 0.1659 0.4503
vn 0.8684 -0.4938 -0.0459
vn 0.1283 -0.9898 0.0617
vn 0.1678 -0.9036 0.3941
vn 0.2593 -0.5855 0.7681
vn 0.4320 -0.1986 0.8797
vn 0.4389 -0.1294 0.8892
vn 0.2514 -0.1975 0.9475
vn 0.3204 -0.2302 0.9189
vn 0.1743 -0.2756 0.9453
vn 0.3733 -0.1248 0.9193
vn 0.3476 -0.1720 0.9217
vn 0.0423 -0.2834 0.9581
vn 0.5671 -0.2136 0.7955
vn 0.1014 -0.3355 0.9366
vn 0.3962 -0.1700 0.9023
vn 0.8025 0.1032 0.5877
vn 0.8251 -0.0351 0.5639
vn 0.8079 -0.0038 0.5892
vn 0.1598 -0.5544 0.8168
vn 0.7521 -0.6591 0.0052
vn 0.8685 0.1318 0.4779
vn 0.9331 -0.3375 0.1241
vn 0.9282 -0.3486 0.1301
vn 0.9562 -0.0724 0.2838
vn 0.9618 -0.0046 0.2737
vn 0.9676 0.0494 0.2475
vn 0.9314 0.2204 0.2897
vn 0.9870 -0.1603 0.0071
vn 0.9448 0.2163 0.2461
vn 0.9808 0.0578 0.1860
vn 0.9865 -0.0201 0.1624
vn 0.9886 -0.1030 0.1098
vn 0.9726 -0.0304 -0.2303
vn 0.9442 0.3291 0.0143
vn 0.9752 0.0452 -0.2166
vn 0.9777 0.1263 -0.1677
vn 0.9773 0.1833 -0.1061
vn 0.9129 0.0285 -0.4073
vn 0.8967 0.4151 -0.1534
vn 0.9270 0.1168 -0.3565
vn 0.9328 0.1916 -0.3052
vn 0.9316 0.2494 -0.2645
vn 0.8833 0.0027 -0.4688
vn 0.8178 0.4757 -0.3239
vn 0.8520 0.1526 -0.5007
vn 0.8501 0.2300 -0.4737
vn 0.8577 0.2854 -0.4278
vn 0.7739 -0.0854 -0.6275
vn 0.6814 0.5343 -0.5002
vn 0.7356 0.1030 -0.6695
vn 0.7062 0.2246 -0.6714
vn 0.7159 0.3053 -0.6278
vn 0.5724 -0.1047 -0.8133
vn 0.4217 0.4834 -0.7671
vn 0.5570 -0.0100 -0.8304
vn 0.5145 0.1959 -0.8348
vn 0.5215 0.3122 -0.7941
vn 0.0055 -0.1827 -0.9832
vn -0.0298 0.4056 -0.9136
vn -0.0897 -0.1503 -0.9846
vn -0.1538 0.0011 -0.9881
vn -0.1474 0.2136 -0.9657
vn 0.3891 0.6332 -0.6690
vn 0.1753 0.6718 -0.7197
vn 0.8035 0.3588 -0.4750
vn 0.9896 0.0584 -0.1318
vn 0.6529 0.5208 -0.5500
vn 0.9766 0.0811 -0.1990
vn 0.9800 -0.0696 0.1865
vn 0.9831 -0.0159 0.1824
vn 0.9834 0.1770 0.0400
vn 0.9744 -0.1249 0.1871
vn 0.8833 -0.3094 -0.3522
vn 0.9825 0.0279 0.1840
vn 0.7679 0.6352 -0.0829
vn 0.9049 0.4254 -0.0134
vn 0.8023 -0.3286 -0.4984
vn 0.9387 -0.3217 0.1236
vn 0.9297 -0.3670 0.0306
vn 0.8978 -0.3554 -0.2601
vn 0.8394 -0.3959 -0.3725
vn 0.7839 -0.4696 -0.4062
vn 0.6545 -0.4709 -0.5915
vn 0.4431 -0.4572 -0.7711
vn 0.5321 0.2517 0.8084
vn 0.6218 -0.1130 0.7750
vn 0.4751 0.1512 0.8668
vn 0.5673 0.0885 0.8188
vn 0.5948 0.1189 0.7950
vn 0.4074 0.3177 0.8562
vn 0.4319 0.3622 0.8260
vn 0.4491 -0.6339 0.6297
vn 0.6727 -0.2265 0.7043
vn 0.6161 -0.5286 0.5840
vn 0.6402 -0.0538 0.7663
vn 0.1791 -0.7566 0.6289
vn 0.8812 -0.0285 0.4718
vn 0.1090 -0.7767 0.6203
vn 0.5896 -0.4495 0.6710
vn 0.7704 -0.3506 0.5324
vn 0.6597 -0.1721 0.7316
vn 0.2954 -0.7109 0.6383
vn 0.1715 -0.7578 0.6296
vn 0.3034 -0.6996 0.6469
vn 0.4585 -0.6307 0.6261
vn 0.6495 -0.2796 0.7071
vn 0.1991 -0.7512 0.6294
vn 0.8698 0.2107 0.4461
vn 0.9264 -0.3761 -0.0168
vn 0.9648 -0.2233 0.1387
vn 0.2287 -0.2370 0.9442
vn 0.1911 -0.2981 0.9352
vn 0.0160 -0.3267 0.9450
vn 0.0729 -0.9947 -0.0720
vn 0.5118 -0.8496 0.1275
vn 0.3597 -0.9328 0.0226
vn 0.6293 -0.7180 0.2976
vn 0.4783 -0.8746 0.0788
vn 0.4233 -0.8612 0.2814
vn 0.4978 -0.2510 0.8302
vn 0.2790 -0.2461 0.9282
vn 0.1287 -0.2188 0.9672
vn 0.5517 -0.1597 0.8186
vn 0.5092 -0.0782 0.8571
vn 0.5205 -0.0904 0.8491
vn 0.3860 -0.8433 0.3738
vn 0.2786 -0.9603 0.0107
vn 0.3356 -0.9416 0.0276
vn 0.8396 -0.5023 0.2068
vn 0.7565 -0.6217 0.2029
vn 0.7561 -0.0160 0.6542
vn 0.7860 -0.0654 0.6147
vn 0.7330 0.0733 0.6762
vn 0.7510 -0.6528 -0.0995
vn 0.9266 -0.3404 -0.1600
vn 0.7035 -0.7098 -0.0355
vn 0.7690 -0.5568 -0.3140
vn 0.7916 -0.5922 -0.1505
vn 0.9594 -0.2544 0.1218
vn 0.9931 0.0538 -0.1040
vn 0.9999 -0.0091 -0.0135
vn 0.9556 -0.1520 0.2524
vn 0.1401 0.6919 -0.7083
vn 0.8936 0.2084 -0.3976
vn 0.9751 -0.2035 0.0878
vn 0.7506 0.1213 -0.6495
vn 0.9456 -0.3029 -0.1186
vn 0.0387 -0.3852 -0.9220
vn 0.2415 -0.4569 -0.8561
vn 0.3284 -0.4443 -0.8335
vn 0.4907 -0.3380 -0.8031
vn 0.6772 -0.3554 -0.6442
vn 0.8439 -0.3470 -0.4091
vn 0.8722 -0.3357 -0.3559
vn 0.3037 -0.4517 -0.8389
vn 0.8232 -0.2410 -0.5141
vn 0.1075 -0.1984 -0.9742
vn 0.9036 -0.2295 -0.3618
vn 0.5359 -0.2608 -0.8030
vn 0.9398 -0.2342 -0.2490
vn 0.7432 -0.2375 -0.6255
vn 0.9655 -0.0815 -0.2474
vn 0.7332 -0.0119 -0.6799
vn 0.7987 -0.0678 -0.5979
vn 0.1727 0.0513 -0.9836
vn 0.9288 -0.0811 -0.3616
vn 0.5516 0.0271 -0.8336
vn 0.5692 0.2382 -0.7870
vn 0.9792 0.0073 -0.2028
vn 0.8037 0.1677 -0.5709
vn 0.8454 0.1865 -0.5005
vn 0.1436 0.4709 -0.8704
vn 0.9608 0.0333 -0.2753
vn 0.0665 0.9957 0.0642
vn 0.5232 0.8477 0.0877
vn 0.7549 0.4145 0.5082
vn 0.9491 0.1449 0.2796
vn 0.8988 0.2374 0.3686
vn 0.3736 0.9209 -0.1114
vn 0.7231 -0.3387 -0.6020
vn 0.5115 -0.3711 -0.7750
vn 0.1180 0.4808 0.8689
vn 0.5130 0.5684 0.6433
vn 0.1655 0.4529 0.8761
vn 0.9038 0.2734 0.3293
vn 0.9520 0.1326 0.2758
vn 0.3484 -0.3643 -0.8637
vn 0.9714 0.1785 0.1569
vn 0.9060 0.4041 0.1262
vn 0.7581 0.4881 0.4325
vn 0.1014 -0.9945 -0.0280
vn 0.2581 -0.3593 -0.8968
vn 0.2642 -0.9645 -0.0030
vn 0.4233 -0.9060 0.0039
vn 0.7184 -0.6844 -0.1243
vn 0.7479 -0.5459 -0.3777
vn 0.6838 -0.7232 -0.0966
vn 0.8563 -0.4812 -0.1877
vn 0.7806 -0.5884 -0.2107
vn 0.8641 -0.4962 -0.0842
vn 0.9242 -0.3814 -0.0179
vn 0.8957 -0.3624 -0.2578
vn 0.9080 -0.2516 -0.3350
vn 0.9576 -0.0969 -0.2712
vn 0.9829 0.0183 -0.1834
vn 0.9131 0.3649 0.1818
vn 0.9710 0.1633 0.1746
vn 0.1249 -0.3536 -0.9270
vn 0.7217 0.6512 0.2349
vn 0.1079 0.7802 0.6161
vn 0.0162 0.0561 -0.9983
vn 0.0991 0.9856 -0.1373
vn 0.8662 -0.3394 -0.3668
vn 0.3485 0.9033 0.2501
vn 0.2916 0.2582 0.9210
vn 0.1272 0.6966 0.7061
vn 0.2515 -0.2340 -0.9391
vn 0.5021 0.8298 0.2436
vn 0.0224 -0.1450 -0.9892
vn 0.2573 0.4186 -0.8710
vn 0.7371 0.6699 0.0888
vn 0.0709 0.9633 0.2590
vn 0.0352 0.3419 -0.9391
vn 0.0744 -0.1023 -0.9920
vn 0.2162 0.0629 -0.9743
vn 0.0331 -0.4711 -0.8815
vn -0.0101 0.2137 -0.9769
vn 0.1862 0.9801 0.0686
vn 0.5103 0.7463 0.4274
vn 0.2292 0.1206 0.9659
vn 0.2999 -0.2838 0.9108
vn 0.3452 -0.4720 0.8112
vn 0.1225 0.2907 0.9489
vn 0.2694 -0.9627 -0.0259
vn 0.2006 -0.9789 -0.0379
vn 0.1726 -0.9849 -0.0135
vn 0.1818 -0.9827 0.0349
vn 0.2813 -0.8695 0.4060
vn -0.0502 -0.9145 0.4015
vn 0.0091 -0.9979 0.0644
vn 0.0468 -0.9979 -0.0441
vn 0.0640 -0.9972 -0.0390
vn 0.0515 -0.9974 -0.0514
vn 0.7743 0.3346 0.5371
vn 0.7116 -0.5797 0.3969
vn 0.6631 -0.6917 0.2861
vn 0.3859 -0.9015 0.1959
vn 0.1256 -0.9793 0.1585
vn 0.9236 0.1200 0.3642
vn 0.7859 -0.4471 0.4271
vn 0.8392 -0.5165 0.1703
vn 0.8388 -0.4294 0.3347
vn 0.6323 -0.4641 0.6203
vn 0.5045 -0.5170 0.6916
vn 0.2830 -0.5877 0.7580
vn 0.7825 -0.1724 0.5982
vn 0.8434 -0.1465 0.5169
vn 0.9582 -0.2459 -0.1460
vn 0.9598 -0.1242 -0.2517
vn 0.9707 -0.0322 -0.2382
vn 0.1652 0.6808 0.7136
vn 0.2907 0.6458 0.7060
vn 0.1021 -0.4628 -0.8805
vn 0.2344 0.9652 -0.1157
vn 0.2963 0.1318 -0.9460
vn 0.1630 0.9503 0.2654
vn 0.3490 -0.2654 -0.8988
vn 0.3477 -0.1206 -0.9298
vn 0.3437 0.3237 -0.8815
vn 0.1525 0.3631 -0.9192
vn 0.3820 -0.0805 -0.9207
vn 0.3465 0.0553 -0.9364
vn 0.2294 0.2638 -0.9369
vn 0.3607 0.9293 0.0791
vn 0.2137 0.8869 0.4096
vn 0.3392 0.8292 0.4443
vn 0.0078 -1.0000 -0.0001
vn -0.9251 -0.3779 -0.0360
vn -0.6899 -0.7106 -0.1384
vn -0.5009 -0.8603 -0.0948
vn -0.2987 -0.9536 -0.0361
vn 0.2233 -0.9648 -0.1389
vn 0.4920 0.1291 0.8610
vn 0.3316 -0.8001 0.4998
vn 0.3963 -0.4140 0.8195
vn 0.1277 0.9680 0.2160
vn 0.5064 -0.4076 0.7599
vn 0.1166 0.9751 0.1885
vn 0.5894 -0.7832 0.1979
vn 0.1059 0.9940 0.0260
vn 0.5039 -0.8637 -0.0138
vn 0.3556 -0.9323 -0.0664
vn -0.3985 0.9168 0.0260
vn -0.6081 0.7938 -0.0080
vn -0.9471 0.3054 -0.0987
vn -0.1887 -0.9781 -0.0883
vn -0.8789 0.4768 0.0143
vn -0.9910 -0.1337 -0.0030
vn 0.0595 0.9823 0.1774
vn -0.2700 0.9613 0.0548
vn -0.9766 -0.2097 0.0479
vn -0.1256 -0.9793 0.1589
vn 0.6024 -0.7947 -0.0748
vn 0.1266 0.9740 0.1878
vn -0.9982 -0.0579 0.0138
vn -0.1591 -0.9863 0.0427
vn 0.7749 -0.6303 -0.0479
vn 0.9206 -0.3833 -0.0743
vn 0.1462 0.9867 0.0706
vn -0.9808 0.1891 -0.0477
vn -0.4327 -0.9015 0.0058
vn 0.7877 -0.6161 -0.0048
vn -0.7109 0.6970 -0.0935
vn -0.7507 -0.6584 0.0543
vn 0.9926 -0.1136 0.0416
vn 0.1578 -0.9729 0.1692
vn -0.8285 -0.5578 0.0492
vn 0.0484 -0.9837 0.1731
vn 0.7176 0.6900 0.0942
vn 0.2651 -0.9586 0.1036
vn 0.5853 0.3016 0.7526
vn 0.9805 -0.1470 0.1307
vn 0.8946 -0.3846 -0.2275
vn 0.5120 0.3016 0.8043
vn 0.4598 0.2875 0.8402
vn 0.5388 0.1254 0.8330
vn 0.5874 -0.0206 0.8090
vn 0.7096 -0.3368 0.6189
vn 0.5961 0.0053 0.8029
vn 0.6416 -0.2489 0.7255
vn -0.3932 0.8873 0.2410
vn -0.4838 0.8723 -0.0705
vn 0.6594 0.2731 0.7005
vn 0.3859 -0.0197 0.9223
vn 0.1801 -0.0477 0.9825
vn 0.4894 0.0701 0.8692
vn 0.7925 0.3840 0.4738
vn 0.7326 0.6612 -0.1619
vn 0.0261 0.3832 -0.9233
vn 0.8083 0.5885 0.0175
vn 0.0279 0.3366 -0.9412
vn 0.0277 0.4657 -0.8845
vn 0.8376 0.5195 0.1687
vn 0.8306 0.4368 0.3454
vn 0.2050 0.6321 -0.7473
vn 0.8303 0.4700 0.2994
vn 0.6032 0.7270 -0.3281
vn 0.6080 0.7206 0.3334
vn 0.0885 0.6484 -0.7561
vn 0.5930 0.7139 0.3725
vn 0.4836 0.8094 -0.3331
vn 0.5486 0.8332 -0.0697
vn 0.6083 0.7709 0.1889
vn -0.0531 0.4259 -0.9032
vn 0.6121 0.7438 0.2685
vn -0.0628 0.5062 -0.8601
vn -0.0203 0.3580 -0.9335
vn 0.4887 0.6145 0.6193
vn 0.2205 0.7331 0.6434
vn 0.0943 0.6778 0.7292
vn 0.3027 0.7419 0.5983
vn 0.7285 0.3286 0.6010
vn 0.5520 0.6577 0.5126
vn 0.5664 0.7306 0.3812
vn 0.5416 0.6295 0.5572
vn 0.8415 0.4396 0.3141
vn -0.0971 -0.1794 0.9790
vn -0.3481 0.3742 0.8595
vn -0.1285 -0.1020 0.9865
vn -0.2725 0.5033 0.8200
vn 0.5525 0.1966 0.8100
vn 0.6523 -0.0095 0.7579
vn 0.7274 -0.1167 0.6762
vn 0.6831 -0.0129 0.7302
vn 0.7428 -0.2061 0.6371
vn 0.6706 -0.4234 0.6091
vn 0.5815 -0.7765 0.2426
vn 0.5730 -0.8195 0.0073
vn 0.6137 -0.7868 -0.0655
vn 0.5972 -0.8000 0.0582
vn 0.7746 -0.5661 0.2821
vn 0.7190 -0.5281 0.4519
vn 0.2623 0.2898 0.9205
vn 0.5058 0.2274 0.8322
vn 0.4276 -0.1919 0.8834
vn 0.4349 -0.0086 0.9004
vn 0.4580 0.2144 0.8627
vn 0.3674 0.4557 0.8108
vn 0.4663 0.2966 0.8335
vn -0.3612 0.8460 0.3922
vn 0.1690 0.9544 0.2460
vn 0.1632 0.9837 -0.0753
vn -0.1154 0.8941 -0.4328
vn -0.7580 0.3301 -0.5625
vn -0.6496 0.1537 -0.7446
vn -0.8053 0.1712 -0.5677
vn -0.8660 0.2115 -0.4531
vn -0.8680 0.2252 -0.4426
vn -0.8941 0.4332 -0.1135
vn -0.8032 -0.4145 -0.4278
vn -0.8931 -0.2235 -0.3903
vn -0.7891 0.0982 -0.6064
vn -0.7788 0.0261 -0.6267
vn -0.7200 0.1075 -0.6856
vn -0.7368 -0.0646 -0.6730
vn -0.7048 -0.6873 -0.1757
vn -0.3097 -0.9460 0.0960
vn -0.2024 -0.9463 0.2520
vn -0.1198 -0.9613 0.2479
vn -0.2803 -0.6867 0.6707
vn 0.1132 -0.7453 0.6571
vn 0.3727 -0.3105 0.8744
vn 0.1597 -0.3390 0.9272
vn 0.3005 -0.2774 0.9125
vn 0.7483 0.1637 0.6429
vn 0.8187 0.3178 0.4783
vn 0.4013 0.6163 0.6777
vn 0.4891 0.1224 0.8636
vn 0.6344 -0.0969 0.7670
vn 0.6142 -0.1189 0.7801
vn 0.5351 -0.0555 0.8430
vn 0.5255 -0.2623 0.8094
vn 0.5988 -0.4158 0.6845
vn 0.6096 -0.7861 0.1015
vn 0.6308 -0.7759 -0.0092
vn 0.5442 -0.8381 -0.0392
vn 0.6961 -0.7173 0.0289
vn 0.7048 -0.6136 0.3559
vn 0.6690 -0.3810 0.6381
vn 0.8877 0.3953 0.2358
vn 0.9249 0.3461 0.1576
vn 0.3149 -0.2655 0.9112
vn 0.2919 -0.1154 0.9495
vn 0.2980 -0.0849 0.9508
vn -0.0893 0.1830 0.9791
vn 0.0816 0.2214 0.9718
vn 0.1094 0.9465 0.3035
vn -0.5344 0.8136 0.2290
vn -0.7937 0.4995 0.3473
vn -0.8423 0.3652 -0.3964
vn -0.7184 0.5378 -0.4412
vn -0.7970 0.3405 -0.4988
vn -0.8677 0.2627 -0.4220
vn -0.8655 0.2144 -0.4527
vn -0.8882 0.3119 -0.3373
vn -0.9556 0.2338 -0.1792
vn -0.8931 -0.2172 -0.3938
vn -0.8794 -0.1252 -0.4594
vn -0.8215 0.0995 -0.5615
vn -0.7873 0.1474 -0.5987
vn -0.6990 -0.0242 -0.7147
vn -0.7087 -0.0351 -0.7047
vn -0.6514 -0.7128 -0.2601
vn -0.4328 -0.8945 0.1121
vn -0.6366 -0.7555 0.1548
vn -0.4733 -0.6345 0.6111
vn -0.0119 -0.8908 0.4542
vn -0.0816 -0.6105 0.7878
vn 0.3169 -0.5983 0.7360
vn 0.4056 -0.4406 0.8009
vn 0.4076 -0.3243 0.8536
vn 0.9738 0.2161 0.0702
vn 0.9381 0.0434 0.3435
vn 0.9248 0.0681 0.3744
vn 0.9035 0.0631 0.4238
vn 0.7725 0.2023 0.6020
vn 0.6181 0.2697 0.7384
vn 0.4803 0.3122 0.8197
vn 0.3559 0.3147 0.8800
vn 0.1706 0.3123 0.9345
vn 0.3075 0.6714 0.6743
vn 0.1645 0.0216 0.9861
vn 0.1762 0.0602 0.9825
vn 0.4499 0.0206 0.8928
vn 0.4637 -0.0444 0.8849
vn 0.6358 -0.1941 0.7470
vn 0.7287 -0.2555 0.6354
vn 0.7139 -0.4355 0.5484
vn 0.3769 -0.5102 0.7731
vn 0.2365 -0.0948 0.9670
vn 0.5907 0.2911 0.7525
vn 0.5064 -0.1602 0.8473
vn -0.1635 -0.1343 0.9774
vn -0.1722 0.0064 0.9850
vn -0.2552 0.2088 0.9441
vn -0.1533 0.0671 0.9859
vn -0.1905 -0.1251 0.9737
vn 0.0961 -0.3289 0.9395
vn 0.2421 -0.4206 0.8744
vn 0.3137 -0.8028 0.5071
vn 0.8268 -0.3723 0.4215
vn 0.7713 0.1320 0.6226
vn 0.2479 -0.2869 0.9253
vn 0.5838 -0.1436 0.7991
vn 0.1540 -0.6726 0.7238
vn 0.5482 -0.3023 0.7798
vn -0.0148 0.0514 0.9986
vn 0.5664 -0.2633 0.7809
vn 0.3279 -0.4772 0.8154
vn 0.5680 -0.2090 0.7960
vn 0.6074 -0.0059 0.7944
vn 0.7160 0.3912 0.5782
vn 0.6876 -0.2337 0.6875
vn 0.2073 -0.3653 0.9075
vn 0.6453 -0.2528 0.7209
vn 0.6404 -0.1733 0.7483
vn 0.6856 -0.1902 0.7026
vn 0.4656 -0.3563 0.8101
vn 0.1531 -0.6783 0.7187
vn 0.1353 -0.7365 0.6628
vn 0.3075 -0.3196 0.8963
vn 0.2138 -0.6603 0.7200
vn 0.6676 -0.1714 0.7245
vn -0.0159 -0.3216 0.9467
vn 0.1812 -0.6437 0.7435
vn 0.0961 0.2726 0.9573
vn 0.6690 -0.2024 0.7152
vn 0.6922 -0.0395 0.7206
vn 0.9721 0.1220 0.2005
vn 0.5929 -0.1560 0.7900
vn 0.3644 0.4277 0.8272
vn 0.8513 0.3131 0.4210
vn 0.6752 0.3774 0.6337
vn 0.7891 0.3906 0.4741
vn 0.6509 0.4471 0.6135
vn 0.9880 -0.0531 0.1451
vn 0.2948 0.5738 0.7641
vn 0.4065 0.4937 0.7688
vn 0.6148 0.4349 0.6580
vn 0.9531 -0.0968 0.2867
vn 0.3510 0.3076 0.8844
vn 0.0864 0.3402 0.9364
vn 0.1834 0.3338 0.9246
vn 0.3723 0.2866 0.8827
vn 0.5119 0.2941 0.8072
vn 0.5485 0.1090 0.8290
vn 0.5806 0.3417 0.7390
vn 0.2910 0.4539 0.8422
vn 0.4836 -0.4480 0.7520
vn 0.6186 -0.6340 0.4642
vn 0.4107 -0.7139 0.5671
vn 0.4984 -0.4870 0.7172
vn 0.5992 -0.3688 0.7106
vn 0.7681 0.3693 0.5231
vn 0.5633 -0.1554 0.8115
vn 0.4629 -0.3437 0.8171
vn 0.2666 -0.3049 0.9143
vn 0.6921 -0.2561 0.6749
vn -0.1446 0.2692 0.9522
vn -0.0935 0.2171 0.9717
vn 0.1306 0.2847 0.9497
vn 0.7306 -0.1558 0.6648
vn 0.5826 0.4653 0.6664
vn 0.5920 0.2782 0.7564
vn 0.7007 0.2991 0.6477
vn 0.9228 0.3010 0.2404
vn 0.9207 0.2178 0.3240
vn 0.6470 0.3240 0.6902
vn 0.5186 0.0247 0.8547
vn 0.8918 0.3971 0.2168
vn 0.9734 -0.1627 0.1611
vn 0.6290 -0.0410 0.7763
vn 0.6004 -0.0061 0.7997
vn 0.5361 0.2103 0.8175
vn 0.2638 0.2445 0.9331
vn 0.9600 -0.2137 0.1807
vn 0.2688 0.3149 0.9103
vn 0.1277 0.9443 0.3034
vn -0.6545 0.7528 -0.0701
vn 0.1580 0.9742 0.1613
vn -0.6128 0.7902 -0.0076
vn 0.7894 0.2438 0.5634
vn 0.6238 -0.0908 0.7763
vn -0.1485 0.4717 0.8691
vn 0.6742 -0.1588 0.7212
vn 0.3783 0.3687 0.8491
vn 0.0669 -0.3495 0.9345
vn 0.2426 0.2321 0.9419
vn 0.8710 -0.2952 0.3927
vn 0.7856 0.4388 0.4363
vn 0.8089 -0.3611 0.4640
vn 0.3710 -0.1209 0.9207
vn 0.9484 0.1058 0.2989
vn -0.0404 -0.0046 0.9992
vn 0.0959 -0.1566 0.9830
vn 0.1655 0.1438 0.9757
vn 0.2773 0.1536 0.9484
vn 0.4043 -0.1940 0.8938
vn 0.4441 -0.3644 0.8185
vn 0.4859 -0.3337 0.8078
vn 0.4725 -0.1332 0.8712
vn 0.6810 -0.1790 0.7101
vn 0.7707 -0.0809 0.6321
vn 0.9239 0.0009 0.3827
vn 0.9614 0.0538 0.2699
vn 0.5388 -0.0062 0.8424
vn 0.9534 -0.1147 0.2790
vn 0.4632 -0.3132 0.8291
vn 0.4418 -0.3331 0.8330
vn 0.5047 -0.2459 0.8275
vn 0.5243 -0.1370 0.8404
vn 0.4907 -0.1765 0.8532
vn 0.5226 -0.0522 0.8510
vn 0.1925 0.1069 0.9754
vn 0.3739 0.0443 0.9264
vn 0.3038 0.0307 0.9523
vn 0.8466 0.3159 0.4283
vn 0.8682 0.1831 0.4611
vn 0.9277 0.1109 0.3566
vn 0.8273 0.3393 0.4477
vn 0.9455 0.0883 0.3133
vn 0.9670 0.0431 0.2512
vn 0.7080 0.3431 0.6173
vn 0.9440 -0.2708 0.1885
vn 0.9798 0.0807 0.1830
vn 0.9908 0.0080 0.1353
vn 0.9967 -0.0152 0.0797
vn 0.9863 -0.1204 0.1131
vn 0.9715 -0.1780 0.1567
vn 0.9021 -0.3049 0.3053
vn 0.7464 -0.4859 0.4547
vn 0.0389 -0.7201 0.6928
vn 0.1069 0.5550 0.8249
vn 0.7143 0.3838 0.5852
vn 0.6625 -0.1649 0.7306
vn 0.8444 0.2986 0.4449
vn 0.1922 -0.5103 0.8383
vn 0.6927 -0.2492 0.6768
vn 0.6912 -0.2500 0.6780
vn 0.6034 -0.3234 0.7289
vn 0.6574 -0.1815 0.7313
vn 0.6864 -0.3838 0.6177
vn 0.0712 -0.9929 0.0953
vn 0.6637 -0.3919 0.6371
vn 0.2180 -0.7653 0.6056
vn 0.5521 -0.6202 0.5573
vn 0.8082 -0.1745 0.5625
vn 0.9704 -0.2140 0.1122
vn 0.9326 0.0262 0.3599
vn 0.9269 0.0366 0.3736
vn 0.8646 0.2644 0.4273
vn 0.8160 0.2581 0.5172
vn 0.9539 0.0835 0.2881
vn 0.9585 0.0643 0.2778
vn 0.9948 -0.0539 0.0862
vn 0.9936 0.0175 0.1119
vn 0.9123 0.0829 0.4011
vn 0.8780 0.1042 0.4671
vn 0.8599 0.1163 0.4971
vn 0.8616 0.1477 0.4857
vn 0.8340 0.1176 0.5390
vn 0.6841 -0.0164 0.7292
vn 0.9922 -0.0998 0.0747
vn 0.1131 0.4168 0.9019
vn 0.1817 0.4156 0.8912
vn 0.5312 0.2917 0.7954
vn 0.8219 0.1904 0.5369
vn 0.6825 0.2517 0.6862
vn 0.3529 0.3615 0.8630
vn 0.9873 0.0523 0.1498
vn 0.9727 0.0900 0.2141
vn 0.9489 0.0798 0.3053
vn 0.9898 -0.1308 0.0573
vn 0.9721 -0.2095 0.1055
vn 0.9646 -0.2188 0.1475
vn 0.1989 0.1518 0.9682
vn 0.9046 -0.2714 0.3287
vn 0.6973 -0.1943 0.6900
vn 0.2546 -0.2189 0.9420
vn 0.7152 -0.2932 0.6344
vn 0.5923 -0.2538 0.7647
vn 0.5819 -0.0014 0.8133
vn 0.5808 -0.0840 0.8097
vn 0.6743 -0.3582 0.6458
vn 0.6128 -0.4021 0.6803
vn 0.7235 -0.4456 0.5273
vn 0.6911 0.2167 0.6895
vn 0.3962 0.2340 0.8879
vn 0.3080 0.2700 0.9123
vn 0.3488 0.1236 0.9290
vn 0.5844 -0.1120 0.8037
vn 0.7511 -0.3699 0.5468
vn 0.6844 -0.4061 0.6056
vn 0.7035 -0.3878 0.5956
vn 0.7494 -0.3118 0.5841
vn 0.7900 -0.3109 0.5284
vn 0.9451 -0.2412 0.2204
vn 0.7253 0.2406 0.6450
vn 0.5025 0.4116 0.7603
vn 0.9653 0.0308 0.2595
vn 0.9098 0.1205 0.3971
vn 0.9784 0.0638 0.1967
vn 0.2961 0.5273 0.7964
vn 0.9928 -0.0603 0.1038
vn 0.9937 -0.0022 0.1118
vn 0.9878 -0.1149 0.1052
vn 0.9888 0.0457 0.1421
vn 0.9566 -0.2048 0.2073
vn 0.9698 -0.1745 0.1703
vn 0.1240 0.5555 0.8222
vn 0.1633 0.5626 0.8104
vn 0.9773 -0.1657 0.1324
vn 0.9852 -0.1396 0.0998
vn 0.9103 -0.3914 0.1349
vn 0.7415 -0.4679 0.4809
vn 0.4424 0.4414 0.7807
vn 0.6784 0.4218 0.6016
vn 0.4573 0.3214 0.8292
vn 0.8445 0.3452 0.4095
vn 0.8071 -0.3060 0.5050
vn 0.4886 -0.0564 0.8707
vn 0.2858 0.1639 0.9442
vn 0.5648 -0.0914 0.8201
vn 0.5998 -0.1439 0.7871
vn 0.5054 0.1907 0.8416
vn 0.7587 0.1592 0.6317
vn 0.6633 -0.2053 0.7197
vn 0.6081 -0.3311 0.7215
vn 0.8379 0.0439 0.5441
vn 0.5155 -0.3822 0.7669
vn 0.8695 0.2293 0.4374
vn 0.5061 -0.3141 0.8032
vn 0.9029 0.2029 0.3790
vn 0.8790 0.3034 0.3678
vn 0.8271 0.3724 0.4210
vn 0.8662 0.3040 0.3965
vn 0.8414 0.3167 0.4379
vn 0.4869 -0.1559 0.8595
vn 0.5187 0.0147 0.8549
vn 0.2914 0.0767 0.9535
vn 0.4633 0.1229 0.8776
vn 0.8488 0.1358 0.5110
vn 0.1056 -0.4974 -0.8610
vn 0.1820 -0.4034 -0.8967
vn 0.3187 -0.3825 -0.8672
vn 0.4917 -0.4095 -0.7685
vn 0.6796 -0.3950 -0.6182
vn 0.7966 -0.3989 -0.4542
vn 0.8301 -0.4298 -0.3553
vn 0.9355 -0.3254 -0.1380
vn 0.9296 -0.2614 -0.2597
vn 0.4919 -0.3776 -0.7845
vn 0.0716 -0.4516 -0.8893
vn 0.8399 -0.4153 -0.3495
vn 0.9030 -0.3426 -0.2594
vn 0.1543 -0.3618 -0.9194
vn 0.6769 -0.3483 -0.6485
vn 0.8304 -0.3682 -0.4181
vn 0.3314 -0.3440 -0.8785
vn 0.9446 -0.3174 -0.0834
vn 0.5429 0.0136 0.8397
vn 0.6153 -0.1591 0.7721
vn 0.6435 -0.1390 0.7527
vn 0.5530 -0.1078 0.8262
vn 0.4266 -0.0234 0.9041
vn 0.6737 -0.1874 0.7148
vn 0.7340 -0.2420 0.6345
vn 0.7191 -0.5195 0.4616
vn 0.4973 -0.7228 0.4799
vn 0.1899 -0.8824 0.4305
vn 0.7145 -0.4691 0.5191
vn 0.7288 -0.4267 0.5355
vn 0.8417 -0.3549 0.4068
vn 0.7087 -0.2526 0.6587
vn 0.3708 0.0309 0.9282
vn 0.7764 -0.2958 0.5565
vn 0.2253 0.0750 0.9714
vn 0.8815 -0.2851 0.3765
vn 0.4290 0.1714 0.8869
vn 0.3553 0.3136 0.8806
vn 0.8044 -0.2770 0.5256
vn 0.9224 -0.2468 0.2969
vn 0.7163 -0.2365 0.6565
vn 0.5538 0.3812 0.7402
vn 0.6436 -0.2115 0.7355
vn 0.5172 -0.0394 0.8550
vn 0.4191 0.1072 0.9016
vn 0.3120 0.3689 0.8755
vn 0.3154 0.3099 0.8969
vn 0.3596 0.1314 0.9238
vn 0.4168 -0.0378 0.9082
vn 0.4458 -0.2966 0.8446
vn 0.4160 -0.4435 0.7939
vn 0.3874 -0.2590 0.8848
vn 0.3935 -0.2265 0.8910
vn 0.9900 -0.1277 0.0595
vn 0.9962 -0.0746 0.0461
vn 0.9954 -0.0338 0.0893
vn 0.9892 0.0462 0.1387
vn 0.9833 0.0481 0.1753
vn 0.9701 0.1207 0.2106
vn 0.9437 0.1291 0.3046
vn -0.1740 0.9777 0.1179
vn -0.0775 0.9419 0.3268
vn 0.3904 -0.1989 0.8989
vn 0.8861 0.1706 0.4309
vn 0.8002 0.2172 0.5590
vn 0.6630 0.2643 0.7005
vn 0.5406 0.3181 0.7788
vn 0.3849 0.3977 0.8329
vn 0.1890 0.4376 0.8791
vn 0.0589 0.2500 0.9664
vn 0.1986 0.2766 0.9402
vn 0.2480 0.2670 0.9312
vn 0.2786 0.0923 0.9560
vn 0.2682 -0.0534 0.9619
vn 0.8291 0.3831 0.4073
vn 0.7694 0.4207 0.4807
vn 0.6950 0.4063 0.5931
vn -0.0066 0.9866 0.1630
vn -0.0107 0.9578 0.2873
vn 0.0755 -0.2547 0.9641
vn 0.0494 -0.3889 0.9200
vn 0.1144 -0.0899 0.9894
vn 0.2279 -0.4317 0.8728
vn 0.2471 -0.3089 0.9184
vn 0.5743 0.3158 0.7553
vn 0.4559 0.1310 0.8804
vn 0.4017 0.2226 0.8883
vn 0.2280 0.3211 0.9192
vn 0.1240 0.6939 0.7093
vn 0.1123 0.6535 0.7485
vn 0.5592 0.8241 0.0905
vn 0.6483 -0.2156 0.7302
vn 0.5324 -0.0759 0.8431
vn 0.5771 -0.1272 0.8067
vn 0.6300 -0.1274 0.7661
vn 0.5526 0.1102 0.8261
vn 0.6457 0.0186 0.7634
vn 0.6588 -0.2392 0.7133
vn 0.0940 0.3366 0.9369
vn 0.1563 -0.3211 0.9340
vn 0.1689 0.4069 0.8977
vn 0.4577 0.1512 0.8761
vn 0.6684 0.0329 0.7431
vn 0.3171 -0.8605 0.3988
vn 0.4925 -0.6853 0.5364
vn 0.5017 0.0132 0.8649
vn -0.0193 -0.3117 0.9500
vn 0.4686 -0.0704 0.8806
vn 0.0455 -0.7475 0.6627
vn 0.7023 -0.0414 0.7106
vn 0.1805 -0.8753 0.4486
vn 0.3363 -0.7314 0.5932
vn 0.1839 -0.8208 0.5408
vn 0.4737 -0.5603 0.6795
vn 0.5510 -0.4327 0.7136
vn 0.7395 0.0859 0.6677
vn 0.5417 0.2447 0.8042
vn 0.6443 0.1929 0.7401
vn 0.3590 0.1515 0.9209
vn 0.2885 0.0320 0.9569
vn 0.3444 0.0172 0.9387
vn 0.4089 -0.0058 0.9125
vn 0.5268 -0.0270 0.8496
vn 0.5429 -0.1491 0.8265
vn 0.5912 -0.2084 0.7792
vn -0.0790 0.4676 0.8804
vn 0.0245 0.4333 0.9009
vn 0.4663 0.4087 0.7845
vn 0.2425 0.3661 0.8984
vn -0.0262 -0.9550 0.2955
vn 0.2916 -0.7570 0.5848
vn 0.5885 0.3457 0.7309
vn 0.3637 -0.6159 0.6989
vn 0.4839 -0.2518 0.8381
vn 0.5904 0.1264 0.7971
vn 0.3279 -0.6137 0.7182
vn 0.2095 -0.7819 0.5871
vn -0.4281 -0.7608 -0.4878
vn -0.2771 -0.6832 -0.6756
vn -0.2563 0.1869 -0.9484
vn -0.2263 0.1330 -0.9649
vn -0.2629 0.0863 -0.9610
vn -0.2406 -0.7649 -0.5975
vn -0.4134 -0.7611 -0.4998
vn 0.6827 0.1652 0.7118
vn 0.5519 0.4182 0.7215
vn 0.5963 0.3088 0.7410
vn 0.5491 0.3793 0.7448
vn -0.3865 -0.7937 -0.4698
vn -0.2923 -0.7859 -0.5449
vn -0.4273 0.0898 -0.8996
vn -0.4083 0.0941 -0.9080
vn -0.4605 0.2919 -0.8383
vn -0.5853 -0.5047 -0.6346
vn -0.5082 -0.7454 -0.4313
vn 0.0751 -0.9224 0.3789
vn 0.7284 -0.0706 0.6815
vn 0.8905 0.1007 0.4437
vn 0.9079 0.0590 0.4151
vn 0.9228 0.0806 0.3767
vn 0.9391 0.0796 0.3343
vn 0.9480 0.1127 0.2978
vn 0.9411 0.0739 0.3299
vn 0.9173 0.0722 0.3915
vn 0.8991 0.0832 0.4298
vn 0.8751 0.2018 0.4399
vn 0.7515 0.2907 0.5923
vn 0.5998 0.2631 0.7556
vn 0.4657 0.2716 0.8422
vn 0.3095 0.2606 0.9145
vn 0.1346 0.2541 0.9578
vn 0.5597 0.1771 -0.8096
vn 0.8129 0.1193 -0.5701
vn 0.1301 0.2122 -0.9685
vn 0.9490 -0.0140 -0.3149
vn 0.9708 -0.0252 -0.2386
vn 0.2944 0.1876 -0.9371
vn 0.3679 0.2162 -0.9044
vn 0.9952 -0.0009 -0.0983
vn 0.9813 -0.0319 -0.1901
vn 0.9393 -0.3218 -0.1194
vn 0.8455 -0.4240 -0.3244
vn 0.9663 0.0446 0.2536
vn 0.9750 0.0901 0.2033
vn 0.9828 0.1091 0.1489
vn 0.9851 0.0842 0.1500
vn 0.9646 0.0216 0.2628
vn 0.9696 0.0589 0.2375
vn 0.9892 0.0362 0.1421
vn 0.9608 0.0130 0.2770
vn 0.9679 0.0336 0.2489
vn 0.9300 -0.2970 -0.2165
vn 0.9319 -0.3203 -0.1703
vn 0.7901 -0.5578 -0.2540
vn 0.8866 -0.4112 -0.2120
vn 0.8028 -0.5838 -0.1214
vn 0.9303 -0.3422 -0.1323
vn 0.9690 0.0136 0.2468
vn 0.9723 0.0243 0.2326
vn 0.9945 0.0193 0.1030
vn 0.9907 0.1154 0.0725
vn 0.9912 0.0895 0.0978
vn 0.9757 0.0466 0.2141
vn 0.9668 -0.0242 0.2543
vn 0.9596 -0.0761 0.2707
vn 0.9789 -0.1423 0.1467
vn 0.7382 -0.1967 -0.6453
vn 0.8788 -0.1927 0.4366
vn -0.7006 0.3998 -0.5910
vn 0.4141 -0.8651 0.2832
vn 0.5651 -0.5940 -0.5725
vn 0.9969 0.0039 0.0791
vn -0.4158 -0.6262 -0.6595
vn 0.9758 0.0289 0.2169
vn 0.9158 -0.0765 0.3944
vn -0.0196 0.8671 0.4978
vn 0.3092 -0.9252 0.2201
vn 0.7508 0.3067 0.5851
vn 0.6605 -0.3837 -0.6454
vn -0.1738 -0.8143 -0.5539
vn 0.9906 -0.0389 0.1314
vn -0.7734 0.2548 -0.5805
vn 0.9899 -0.0839 0.1139
vn 0.7448 -0.1550 0.6491
vn -0.7792 -0.2647 -0.5682
vn 0.6128 0.0616 0.7878
vn 0.8241 0.1751 0.5386
vn 0.9490 0.0658 0.3084
vn 0.0227 -0.7529 -0.6577
vn 0.4950 0.3029 0.8144
vn 0.9670 -0.0953 0.2364
vn 0.3893 0.3126 -0.8664
vn 0.9003 -0.2630 0.3467
vn 0.9403 -0.0340 0.3387
vn 0.5326 0.6766 -0.5084
vn -0.0348 -0.1277 -0.9912
vn -0.1684 -0.2924 -0.9414
vn 0.4970 -0.8171 -0.2921
vn 0.4666 0.5203 -0.7152
vn 0.9403 0.0740 0.3322
vn 0.4933 0.3801 0.7824
vn -0.0969 -0.5167 -0.8507
vn 0.7093 0.6964 -0.1090
vn 0.9642 0.0114 0.2649
vn -0.1061 -0.4767 -0.8726
vn 0.8537 -0.4983 0.1516
vn 0.8523 -0.3308 -0.4050
vn 0.8047 -0.5239 0.2793
vn 0.9810 -0.0068 0.1938
vn 0.9084 -0.4137 0.0608
vn 0.7265 -0.2338 0.6462
vn 0.7740 0.1132 0.6230
vn 0.9424 0.1519 0.2981
vn 0.9479 -0.2880 -0.1363
vn 0.8789 -0.3335 0.3410
vn 0.9422 -0.1453 0.3020
vn 0.4291 -0.3813 0.8188
vn 0.8504 -0.0251 0.5255
vn 0.9210 -0.0811 0.3810
vn 0.6046 -0.5371 0.5882
vn 0.9874 -0.0493 0.1507
vn 0.8516 -0.3039 -0.4271
vn 0.8937 -0.2267 0.3872
vn 0.4563 -0.4649 0.7587
vn 0.9436 0.1022 0.3148
vn 0.9144 -0.3868 -0.1194
vn 0.8834 0.0154 0.4684
vn 0.9820 0.1849 0.0393
vn 0.7755 0.3542 0.5227
vn 0.4097 -0.6452 -0.6449
vn 0.9461 -0.3240 0.0061
vn 0.9038 -0.0335 -0.4267
vn 0.9472 0.0931 0.3069
vn 0.7956 -0.3794 -0.4723
vn 0.9702 0.2165 -0.1090
vn 0.7772 -0.4490 0.4409
vn 0.4863 0.7148 -0.5025
vn 0.0020 -0.3202 -0.9473
vn 0.9342 0.1077 0.3401
vn 0.9518 0.0693 -0.2989
vn 0.9441 -0.1974 -0.2639
vn 0.8632 -0.0675 0.5003
vn 0.9733 -0.2273 -0.0314
vn 0.9102 -0.3836 -0.1563
vn 0.2831 0.4162 0.8641
vn 0.8501 0.4688 0.2400
vn 0.7891 -0.6142 -0.0109
vn 0.5622 -0.6209 0.5463
vn 0.9694 0.2221 0.1046
vn 0.4163 0.0989 0.9038
vn 0.3234 -0.6602 0.6779
vn 0.1974 -0.1286 0.9718
vn 0.6098 0.5867 0.5329
vn 0.4498 -0.6594 0.6024
vn 0.7697 -0.4515 -0.4513
vn 0.1151 -0.4355 0.8928
vn 0.8758 -0.3478 0.3346
vn 0.3601 0.0579 0.9311
vn 0.0731 -0.1218 0.9899
vn 0.1265 -0.2571 0.9581
vn 0.6952 -0.2075 0.6882
vn 0.7909 -0.6102 0.0467
vn 0.8697 -0.4845 0.0940
vn 0.0837 0.8910 0.4462
vn 0.6053 -0.3829 0.6978
vn 0.4614 -0.2163 -0.8604
vn 0.9491 0.0789 -0.3051
vn -0.1273 0.7547 0.6436
vn 0.7709 -0.0595 -0.6341
vn 0.3885 0.8420 0.3744
vn 0.9709 -0.1930 -0.1418
vn 0.0047 0.9183 0.3960
vn 0.8576 -0.4494 -0.2502
vn 0.6506 -0.0411 0.7583
vn 0.0753 0.2702 0.9599
vn 0.8887 0.1266 0.4406
vn 0.6398 -0.6930 -0.3323
vn 0.9146 -0.4040 -0.0156
vn 0.8624 -0.1702 0.4767
vn 0.5608 -0.1303 0.8176
vn 0.7750 -0.1440 0.6153
vn 0.9953 -0.0961 -0.0091
vn 0.9137 0.4057 0.0239
vn 0.2171 -0.4590 -0.8615
vn 0.3138 -0.4205 -0.8513
vn 0.9043 0.2664 0.3336
vn 0.9521 0.1159 0.2831
vn 0.7243 0.5504 0.4152
vn 0.0970 0.9316 0.3502
vn 0.9041 -0.3398 -0.2592
vn 0.5283 0.6800 0.5084
vn 0.2110 0.7810 0.5878
vn 0.3187 0.7754 0.5451
vn 0.1213 -0.4626 -0.8782
vn 0.4945 -0.4249 -0.7583
vn 0.6966 -0.3917 -0.6011
vn 0.7924 -0.3760 -0.4803
vn 0.8582 -0.3646 -0.3613
vn 0.9613 -0.2620 -0.0851
vn 0.9661 0.0573 0.2517
vn 0.9626 0.0320 0.2691
vn 0.9565 0.0198 0.2911
vn 0.9252 -0.3244 -0.1970
vn 0.9413 -0.0939 0.3244
vn -0.5905 -0.4423 -0.6750
vn 0.8007 -0.0811 0.5936
vn -0.0132 -0.6320 -0.7748
vn 0.9423 -0.2944 -0.1595
vn 0.7125 -0.2214 0.6658
vn 0.8692 -0.4184 0.2634
vn 0.9162 -0.2675 0.2983
vn 0.9322 0.2988 -0.2041
vn 0.6339 -0.2617 0.7278
vn 0.0914 0.9515 0.2939
vn -0.0464 0.5331 0.8448
vn 0.9393 -0.2723 -0.2089
vn 0.8209 0.0709 0.5666
vn 0.8077 0.2232 0.5457
vn 0.7849 0.0230 -0.6192
vn 0.9429 0.2678 0.1982
vn 0.1934 0.6453 0.7390
vn 0.8453 -0.5340 0.0186
vn 0.7018 0.5962 0.3899
vn 0.9269 0.2346 0.2929
vn 0.1924 0.4540 -0.8699
vn 0.9982 -0.0422 -0.0431
vn 0.9153 -0.3992 0.0532
vn 0.9365 -0.1712 -0.3060
vn 0.8915 -0.4447 0.0858
vn 0.7860 -0.2153 0.5795
vn 0.3911 -0.3119 0.8659
vn 0.6617 -0.1470 0.7352
vn 0.7871 -0.0398 0.6156
vn 0.8508 0.0111 0.5253
vn 0.7809 0.1460 0.6073
vn 0.7690 0.4541 0.4499
vn 0.8995 -0.1713 -0.4019
vn 0.6591 0.3869 0.6449
vn 0.9462 -0.2410 -0.2161
vn 0.7548 -0.6292 -0.1854
vn 0.9083 0.2320 0.3480
vn 0.5808 -0.5603 0.5905
vn 0.6918 -0.4188 -0.5882
vn 0.8957 0.0524 -0.4415
vn 0.7772 0.1711 0.6055
vn 0.9783 0.1433 0.1499
vn 0.8443 0.1116 0.5241
vn 0.9449 -0.2665 0.1904
vn 0.7816 0.6145 -0.1067
vn 0.8591 0.0885 0.5042
vn 0.9327 -0.1126 0.3426
vn 0.4928 -0.3344 0.8033
vn 0.4719 -0.4765 0.7418
vn 0.3677 -0.6792 0.6352
vn 0.2399 -0.9609 0.1380
vn 0.3987 0.2062 0.8936
vn 0.8048 -0.5646 -0.1832
vn 0.8586 -0.3698 -0.3551
vn 0.9981 -0.0460 -0.0399
vn 0.6680 -0.5687 -0.4799
vn 0.7683 -0.6397 -0.0202
vn 0.6940 -0.5083 -0.5099
vn 0.8145 -0.4222 -0.3979
vn 0.7609 -0.6422 -0.0933
vn 0.6430 -0.7640 -0.0543
vn 0.7542 -0.6353 -0.1659
vn 0.9394 -0.3341 -0.0770
vn 0.9969 0.0623 0.0470
vn 0.9625 0.0869 0.2571
vn 0.8515 -0.0473 0.5222
vn 0.5445 -0.0810 0.8348
vn 0.4716 0.4153 0.7779
vn 0.5393 -0.1183 0.8338
vn 0.6362 -0.0249 0.7711
vn 0.6095 0.0321 0.7921
vn 0.4259 -0.1023 0.8990
vn 0.1556 -0.4185 0.8948
vn 0.0664 -0.8086 0.5846
vn 0.1971 -0.9368 0.2891
vn 0.3048 -0.8916 0.3350
vn 0.4036 -0.8467 0.3468
vn 0.6208 -0.7769 0.1051
vn 0.7046 -0.6302 -0.3262
vn 0.7308 0.0967 0.6757
vn 0.6312 -0.6811 -0.3711
vn 0.5962 -0.0051 0.8028
vn 0.8013 0.0004 0.5982
vn 0.7079 -0.3010 0.6389
vn 0.5993 0.0859 0.7959
vn 0.9761 -0.1891 -0.1066
vn 0.8711 -0.4653 0.1574
vn 0.5064 -0.7890 0.3479
vn 0.9816 -0.0842 -0.1716
vn 0.8529 -0.5136 -0.0938
vn 0.7634 -0.6307 0.1395
vn 0.9823 -0.1781 0.0587
vn 0.6145 -0.4519 0.6466
vn 0.9889 0.0098 0.1481
vn 0.9171 -0.1555 0.3671
vn 0.7739 -0.6227 -0.1155
vn 0.7230 -0.5403 -0.4305
vn 0.8167 -0.2710 -0.5096
vn 0.8215 -0.3379 -0.4594
vn 0.8157 0.1335 0.5628
vn 0.9464 -0.2542 0.1995
vn 0.8103 -0.5798 0.0850
vn 0.3393 -0.9370 0.0826
vn 0.2798 -0.9461 0.1632
vn 0.9232 0.0892 0.3739
vn 0.6845 -0.7100 -0.1652
vn 0.4117 -0.4898 0.7685
vn 0.3096 -0.9409 0.1375
vn 0.8874 0.0423 0.4590
vn 0.8228 -0.4733 0.3147
vn 0.6887 0.0993 0.7182
vn 0.7732 -0.3146 0.5506
vn 0.7701 0.0459 0.6363
vn 0.8626 -0.3681 0.3472
vn 0.6935 -0.7106 0.1187
vn 0.7424 -0.3879 0.5462
vn 0.8237 -0.3438 0.4509
vn 0.3543 0.6399 -0.6819
vn 0.0353 -0.2269 -0.9733
vn 0.8591 0.1731 0.4817
vn 0.9828 0.0770 0.1676
vn 0.9932 -0.0336 -0.1118
vn 0.7726 0.0367 0.6338
vn 0.8360 0.4849 0.2566
vn 0.9374 -0.2841 -0.2014
vn 0.0509 0.8485 0.5267
vn 0.9092 -0.3778 0.1750
vn 0.5682 -0.3308 -0.7535
vn 0.9344 0.3281 -0.1387
vn 0.8769 -0.3553 0.3237
vn 0.8405 -0.4713 0.2670
vn 0.9254 -0.3790 0.0090
vn 0.9649 0.2510 0.0767
vn 0.4331 0.5653 -0.7021
vn 0.5204 -0.5331 -0.6671
vn 0.8791 -0.4524 -0.1502
vn 0.8757 -0.0244 -0.4822
vn 0.8828 -0.4021 0.2428
vn 0.8091 -0.5773 0.1101
vn 0.9411 -0.2630 -0.2122
vn 0.8842 -0.4446 0.1435
vn 0.8097 -0.5395 0.2309
vn 0.9313 -0.2935 -0.2157
vn 0.3955 0.4659 -0.7915
vn 0.2445 -0.1732 -0.9541
vn 0.7636 0.4268 -0.4846
vn 0.0750 0.9123 0.4027
vn -0.3049 0.8436 0.4419
vn -0.3763 0.8148 0.4410
vn -0.2701 0.9075 0.3218
vn -0.1510 0.8506 0.5036
vn 0.0334 0.6908 0.7223
vn 0.1758 0.4465 0.8774
vn 0.3176 -0.0472 0.9471
vn 0.5238 -0.0573 0.8499
vn 0.8356 -0.0179 0.5490
vn 0.8196 0.0803 0.5673
vn 0.7493 0.0768 0.6578
vn 0.6501 0.0446 0.7585
vn 0.9539 0.0541 0.2952
vn 0.8477 0.0643 -0.5266
vn -0.5240 0.8000 -0.2923
vn -0.8254 0.0373 -0.5633
vn 0.8885 -0.1247 0.4416
vn 0.0687 0.5399 -0.8389
vn 0.5316 -0.5425 0.6504
vn -0.3838 -0.3481 -0.8553
vn 0.3463 -0.9034 -0.2528
vn 0.9471 -0.0157 0.3205
vn 0.1603 -0.7057 -0.6901
vn 0.8873 -0.0293 0.4602
vn 0.9658 0.0169 0.2588
vn 0.8400 0.5375 0.0737
vn -0.1155 -0.9802 -0.1611
vn 0.9396 0.2832 0.1922
vn 0.5851 -0.8110 -0.0030
vn -0.8143 -0.0479 -0.5785
vn -0.2918 -0.7382 -0.6082
vn 0.9633 -0.0068 0.2684
vn 0.1061 0.2809 -0.9539
vn -0.5604 0.5622 -0.6082
vn 0.5327 -0.3370 0.7763
vn 0.1620 -0.4911 -0.8559
vn 0.9468 -0.0048 0.3218
vn 0.1958 -0.5075 -0.8391
vn -0.0897 0.9650 -0.2464
vn 0.1578 -0.0202 -0.9873
vn 0.8081 -0.1825 0.5601
vn 0.2432 -0.7859 0.5685
vn -0.1348 -0.5030 -0.8537
vn 0.9401 0.0910 0.3284
vn 0.9036 -0.0577 0.4246
vn 0.1416 -0.3844 -0.9122
vn -0.0328 0.7294 -0.6832
vn 0.0256 -0.7182 0.6954
vn 0.9995 0.0054 0.0299
vn 0.6765 -0.5326 0.5086
vn 0.9353 -0.0303 0.3527
vn 0.5692 -0.6163 -0.5442
vn 0.9946 -0.0979 0.0345
vn 0.2336 -0.9699 -0.0689
vn 0.9979 -0.0120 0.0633
vn 0.6110 -0.0379 0.7907
vn 0.4534 -0.7739 -0.4422
vn 0.9516 0.0144 0.3071
vn 0.9690 -0.0672 -0.2379
vn 0.8390 -0.3228 0.4379
vn 0.6393 -0.4379 -0.6321
vn 0.9508 0.0229 0.3091
vn 0.6081 -0.4437 -0.6583
vn 0.4155 -0.8511 0.3209
vn 0.4214 -0.9052 0.0549
vn 0.1920 -0.6738 0.7135
vn 0.3741 -0.4513 0.8101
vn 0.7023 -0.1431 0.6974
vn 0.9795 0.1449 0.1401
vn 0.9451 0.2325 -0.2298
vn 0.9382 0.2044 -0.2793
vn 0.7141 0.0209 0.6997
vn 0.6365 -0.2601 0.7261
vn 0.2949 0.1414 -0.9450
vn -0.8063 0.1979 -0.5574
vn 0.1196 0.1136 -0.9863
vn 0.8848 -0.0884 -0.4575
vn 0.9584 -0.1827 -0.2193
vn 0.9381 -0.1684 -0.3026
vn 0.9498 -0.1782 -0.2571
vn 0.9044 -0.1806 -0.3867
vn 0.8294 -0.5421 0.1350
vn 0.6359 0.4933 0.5935
vn -0.4520 0.8644 0.2200
vn 0.4418 0.8939 -0.0756
vn 0.9830 -0.1715 0.0651
vn 0.9991 -0.0055 0.0415
vn 0.9969 0.0792 -0.0024
vn 0.9941 0.1026 -0.0360
vn 0.9868 0.1437 -0.0746
vn 0.9203 0.3567 -0.1609
vn 0.7791 0.5634 -0.2751
vn 0.6593 0.6730 -0.3352
vn 0.4190 0.8194 -0.3911
vn 0.2125 0.8776 -0.4297
vn 0.1095 0.8955 -0.4314
vn 0.8182 -0.1798 -0.5460
vn 0.7365 -0.1457 -0.6606
vn 0.5525 -0.1314 -0.8231
vn 0.3436 -0.1162 -0.9319
vn 0.2175 -0.0862 -0.9722
vn 0.1265 -0.0847 -0.9883
vn -0.0306 -0.9902 -0.1361
vn -0.8061 -0.5508 0.2162
vn -0.6694 -0.7257 0.1591
vn -0.3926 -0.9197 0.0116
vn -0.2581 -0.9655 0.0349
vn 0.1861 -0.9825 0.0070
vn 0.2921 -0.1916 0.9370
vn 0.2828 -0.9270 0.2462
vn 0.4273 -0.2978 0.8536
vn 0.0903 0.9597 0.2662
vn 0.3737 -0.2836 0.8831
vn 0.1256 0.9781 0.1657
vn 0.5414 -0.6114 0.5771
vn 0.0602 0.9615 0.2680
vn 0.4837 -0.8419 0.2393
vn 0.3909 -0.9045 -0.1707
vn -0.2483 0.9083 0.3367
vn -0.3317 0.9265 0.1780
vn -0.9005 0.3549 0.2512
vn -0.1956 -0.9807 -0.0001
vn -0.9473 0.1540 0.2809
vn -0.9375 -0.2326 0.2590
vn -0.4218 0.8717 0.2494
vn 0.2044 0.9623 0.1794
vn -0.4471 0.8794 0.1636
vn -0.2447 0.9675 -0.0636
vn -0.0233 0.9989 0.0404
vn 0.1398 0.9587 0.2475
vn 0.0675 0.2872 0.9555
vn 0.0570 -0.0185 0.9982
vn -0.0962 0.9930 -0.0683
vn 0.0734 0.3150 0.9463
vn 0.0028 0.1324 0.9912
vn 0.1009 -0.3390 0.9354
vn 0.0254 -0.9438 0.3294
vn 0.0752 -0.4378 0.8959
vn 0.1219 -0.0130 0.9925
vn 0.0453 -0.5658 0.8233
vn 0.0799 -0.9081 0.4111
vn 0.0931 0.4331 0.8965
vn -0.2420 -0.1843 -0.9526
vn 0.0829 -0.9545 -0.2864
vn 0.2955 0.4557 -0.8397
vn 0.0921 0.2066 -0.9741
vn -0.2777 -0.4634 -0.8415
vn -0.0982 0.3985 -0.9119
vn -0.1368 0.5100 -0.8492
vn 0.3196 0.4416 -0.8384
vn 0.3027 -0.4499 -0.8402
vn 0.2862 0.0220 -0.9579
vn 0.1510 -0.2130 -0.9653
vn 0.0127 -0.1836 -0.9829
vn 0.0164 0.1865 -0.9823
vn 0.0575 0.1967 -0.9788
vn 0.3477 0.4397 -0.8281
vn 0.3491 -0.4283 -0.8335
vn 0.3404 -0.3611 -0.8682
vn -0.0059 0.3088 -0.9511
vn -0.2290 -0.3907 -0.8916
vn 0.4401 0.4553 -0.7739
vn 0.3287 -0.4889 -0.8081
vn 0.1132 0.2818 -0.9528
vn 0.2207 -0.2440 -0.9443
vn 0.2735 0.4246 -0.8631
vn -0.1197 -0.2594 -0.9583
vn 0.2471 0.3189 -0.9150
vn 0.1199 0.2462 -0.9618
vn 0.3556 0.3944 -0.8473
vn -0.1782 -0.3096 -0.9340
vn 0.0533 0.0235 -0.9983
vn -0.0203 0.1995 -0.9797
vn -0.0877 0.2224 -0.9710
vn -0.3278 -0.4061 -0.8530
vn -0.1496 -0.2469 -0.9574
vn -0.2845 0.4825 -0.8284
vn -0.3044 0.4712 -0.8278
vn 0.2208 -0.4401 -0.8704
vn -0.2379 0.3636 -0.9006
vn -0.2933 -0.4780 -0.8279
vn -0.3328 -0.4692 -0.8180
vn -0.3288 0.4746 -0.8165
vn -0.0000 0.3524 -0.9358
vn -0.2677 0.4482 -0.8529
vn -0.2863 0.0235 -0.9579
vn -0.2134 -0.2791 -0.9363
vn -0.3133 -0.5198 -0.7948
vn 0.2661 -0.5192 -0.8122
vn -0.0153 -0.1949 -0.9807
vn 0.1165 -0.2988 -0.9472
vn 0.0879 0.4450 -0.8912
vn -0.0535 0.0252 -0.9983
vn 0.1210 0.5505 -0.8260
vn -0.1120 0.3246 -0.9392
vn -0.4219 0.5106 -0.7491
vn -0.3377 0.4347 -0.8349
vn 0.1699 -0.3502 -0.9211
vn -0.1132 0.2700 -0.9562
vn -0.0564 0.2090 -0.9763
vt 0.448952 0.688788
vt 0.448657 0.687755
vt 0.453083 0.687608
vt 0.453378 0.688346
vt 0.448657 0.691149
vt 0.448804 0.689821
vt 0.453526 0.689378
vt 0.453821 0.690706
vt 0.444821 0.688198
vt 0.444378 0.689083
vt 0.443788 0.690264
vt 0.440542 0.687460
vt 0.439066 0.688346
vt 0.441427 0.686723
vt 0.437591 0.685395
vt 0.435820 0.685837
vt 0.438919 0.684952
vt 0.435820 0.683477
vt 0.433312 0.683624
vt 0.437443 0.683329
vt 0.434640 0.681706
vt 0.431689 0.681558
vt 0.436411 0.681706
vt 0.433607 0.679640
vt 0.430951 0.679788
vt 0.435968 0.679935
vt 0.433902 0.678017
vt 0.430951 0.677722
vt 0.436115 0.678312
vt 0.434345 0.676099
vt 0.431246 0.675657
vt 0.436706 0.676542
vt 0.435230 0.674476
vt 0.432279 0.673591
vt 0.437443 0.674771
vt 0.442017 0.668279
vt 0.439214 0.670197
vt 0.437296 0.669017
vt 0.440984 0.666804
vt 0.442755 0.669312
vt 0.440099 0.671082
vt 0.455444 0.668132
vt 0.451460 0.667541
vt 0.451608 0.666066
vt 0.456182 0.666656
vt 0.450870 0.664591
vt 0.456182 0.665476
vt 0.459428 0.669460
vt 0.460166 0.668427
vt 0.460608 0.667099
vt 0.461641 0.670640
vt 0.462674 0.669755
vt 0.463559 0.668869
vt 0.457805 0.686723
vt 0.457362 0.685985
vt 0.458838 0.688936
vt 0.458247 0.687608
vt 0.463264 0.685837
vt 0.462526 0.684804
vt 0.461936 0.683919
vt 0.461346 0.683034
vt 0.466510 0.682591
vt 0.465625 0.681706
vt 0.464739 0.681116
vt 0.464149 0.680378
vt 0.468428 0.680083
vt 0.467395 0.679640
vt 0.466658 0.679345
vt 0.465330 0.678460
vt 0.470051 0.676394
vt 0.469461 0.678017
vt 0.468576 0.678017
vt 0.468871 0.676394
vt 0.467838 0.676247
vt 0.467838 0.678017
vt 0.466362 0.676837
vt 0.466805 0.675804
vt 0.470346 0.674771
vt 0.468871 0.675066
vt 0.467395 0.674919
vt 0.466510 0.674919
vt 0.469609 0.673148
vt 0.468428 0.673591
vt 0.466805 0.673886
vt 0.465330 0.673886
vt 0.439066 0.664591
vt 0.434935 0.667247
vt 0.465035 0.667689
vt 0.461936 0.665623
vt 0.456772 0.663410
vt 0.450723 0.662525
vt 0.450575 0.659574
vt 0.457805 0.660902
vt 0.429328 0.672706
vt 0.428591 0.675066
vt 0.428443 0.677575
vt 0.428591 0.679640
vt 0.429476 0.681706
vt 0.431099 0.683772
vt 0.433755 0.686132
vt 0.437886 0.689083
vt 0.442903 0.691296
vt 0.448509 0.692182
vt 0.453969 0.691592
vt 0.459280 0.689821
vt 0.464149 0.686723
vt 0.467543 0.683181
vt 0.436558 0.689821
vt 0.431246 0.686575
vt 0.470641 0.678460
vt 0.471379 0.676542
vt 0.471379 0.674624
vt 0.470346 0.672558
vt 0.469461 0.680673
vt 0.472707 0.678903
vt 0.471379 0.681263
vt 0.469166 0.684509
vt 0.474625 0.682149
vt 0.475953 0.679050
vt 0.473297 0.676689
vt 0.476543 0.676394
vt 0.473150 0.674329
vt 0.476248 0.673886
vt 0.471822 0.671820
vt 0.474920 0.670787
vt 0.484363 0.684657
vt 0.479199 0.683181
vt 0.480527 0.679493
vt 0.485691 0.680673
vt 0.486134 0.676394
vt 0.480822 0.676247
vt 0.480527 0.673148
vt 0.485544 0.672411
vt 0.478904 0.669460
vt 0.483330 0.667837
vt 0.489822 0.685837
vt 0.491003 0.681411
vt 0.491298 0.676837
vt 0.490560 0.671968
vt 0.488347 0.665771
vt 0.495134 0.686870
vt 0.495724 0.682296
vt 0.489527 0.659279
vt 0.495282 0.660902
vt 0.495282 0.667247
vt 0.495872 0.677280
vt 0.495724 0.672263
vt 0.500741 0.687608
vt 0.500741 0.683181
vt 0.500741 0.661639
vt 0.500741 0.667837
vt 0.500741 0.677870
vt 0.500741 0.672706
vt 0.450575 0.655738
vt 0.458690 0.657361
vt 0.465330 0.660459
vt 0.463559 0.663705
vt 0.469018 0.663705
vt 0.466805 0.666214
vt 0.434345 0.658394
vt 0.436853 0.661935
vt 0.431837 0.664885
vt 0.428295 0.661787
vt 0.422098 0.679640
vt 0.426082 0.679640
vt 0.426820 0.681706
vt 0.423131 0.682001
vt 0.421508 0.673591
vt 0.425492 0.674476
vt 0.425640 0.677280
vt 0.421508 0.676837
vt 0.428295 0.683919
vt 0.425049 0.684362
vt 0.428886 0.687460
vt 0.434640 0.690559
vt 0.442312 0.692329
vt 0.441575 0.693510
vt 0.461641 0.692624
vt 0.460018 0.690854
vt 0.465182 0.687755
vt 0.467543 0.689378
vt 0.448509 0.693215
vt 0.448362 0.694838
vt 0.455001 0.694542
vt 0.454264 0.692772
vt 0.472117 0.685690
vt 0.481855 0.689083
vt 0.476396 0.687165
vt 0.487904 0.690706
vt 0.494249 0.691592
vt 0.500741 0.692477
vt 0.469609 0.699116
vt 0.464887 0.695723
vt 0.471969 0.692034
vt 0.477133 0.694395
vt 0.459428 0.700887
vt 0.456772 0.697641
vt 0.439509 0.698969
vt 0.440394 0.695870
vt 0.448509 0.697641
vt 0.449247 0.700887
vt 0.430214 0.695428
vt 0.432132 0.692329
vt 0.410737 0.675361
vt 0.416639 0.676247
vt 0.417377 0.679493
vt 0.411918 0.679640
vt 0.418705 0.682296
vt 0.413541 0.683329
vt 0.410590 0.670640
vt 0.416344 0.672263
vt 0.420918 0.685247
vt 0.416787 0.687165
vt 0.425492 0.688641
vt 0.422541 0.691296
vt 0.428738 0.699264
vt 0.439509 0.703248
vt 0.419590 0.694542
vt 0.463117 0.705756
vt 0.476691 0.703838
vt 0.484068 0.696756
vt 0.404688 0.674329
vt 0.406163 0.679788
vt 0.408819 0.684804
vt 0.404540 0.668722
vt 0.413246 0.689673
vt 0.450870 0.705313
vt 0.405426 0.663115
vt 0.411770 0.665771
vt 0.492773 0.698083
vt 0.500741 0.699412
vt 0.427410 0.703838
vt 0.438771 0.707969
vt 0.451608 0.710477
vt 0.464592 0.711658
vt 0.490265 0.704723
vt 0.500741 0.705166
vt 0.478314 0.711806
vt 0.490413 0.711806
vt 0.451608 0.715789
vt 0.465182 0.717117
vt 0.425640 0.708412
vt 0.438181 0.712986
vt 0.500741 0.712101
vt 0.479347 0.717560
vt 0.491003 0.717560
vt 0.500741 0.718150
vt 0.398934 0.743971
vt 0.405868 0.736151
vt 0.424607 0.743676
vt 0.418262 0.753414
vt 0.442903 0.749430
vt 0.438181 0.759758
vt 0.460166 0.753266
vt 0.457657 0.764037
vt 0.397753 0.666951
vt 0.397901 0.673738
vt 0.399819 0.680378
vt 0.403655 0.686280
vt 0.409409 0.692772
vt 0.417229 0.698379
vt 0.398934 0.660312
vt 0.405131 0.695575
vt 0.414426 0.702362
vt 0.397901 0.688346
vt 0.392737 0.680968
vt 0.367949 0.718888
vt 0.374884 0.714166
vt 0.389491 0.725822
vt 0.382408 0.732167
vt 0.391114 0.753119
vt 0.373703 0.739987
vt 0.411918 0.728773
vt 0.395835 0.719921
vt 0.355998 0.703395
vt 0.360719 0.724052
vt 0.350243 0.705904
vt 0.305979 0.854778
vt 0.352604 0.844745
vt 0.365293 0.867763
vt 0.308635 0.880599
vt 0.500741 0.631245
vt 0.500741 0.634196
vt 0.497200 0.634343
vt 0.497790 0.631540
vt 0.487462 0.633310
vt 0.490855 0.634048
vt 0.489970 0.636999
vt 0.485839 0.636409
vt 0.483626 0.632130
vt 0.482298 0.634491
vt 0.488495 0.640688
vt 0.484216 0.639360
vt 0.479789 0.637442
vt 0.493511 0.637442
vt 0.494249 0.634196
vt 0.496905 0.637589
vt 0.500741 0.637589
vt 0.500741 0.641868
vt 0.496314 0.641573
vt 0.492626 0.641426
vt 0.494839 0.631688
vt 0.475805 0.634048
vt 0.472707 0.629327
vt 0.475215 0.627851
vt 0.478609 0.631835
vt 0.492478 0.623425
vt 0.494249 0.621507
vt 0.495429 0.621802
vt 0.493954 0.624605
vt 0.482150 0.624605
vt 0.478609 0.621802
vt 0.479494 0.619736
vt 0.483035 0.623425
vt 0.496462 0.624900
vt 0.496905 0.621655
vt 0.498675 0.621507
vt 0.498380 0.624753
vt 0.494396 0.618703
vt 0.495872 0.618556
vt 0.500741 0.621655
vt 0.500741 0.624753
vt 0.497200 0.617966
vt 0.498675 0.617671
vt 0.493806 0.616048
vt 0.494987 0.615310
vt 0.500741 0.617228
vt 0.496905 0.614277
vt 0.498675 0.613539
vt 0.492036 0.613835
vt 0.492921 0.612211
vt 0.500741 0.612802
vt 0.484216 0.613539
vt 0.483921 0.611474
vt 0.488937 0.610883
vt 0.488790 0.612359
vt 0.480822 0.615457
vt 0.484658 0.614867
vt 0.482740 0.616343
vt 0.490708 0.622540
vt 0.491888 0.622392
vt 0.491003 0.623868
vt 0.485249 0.621359
vt 0.487757 0.622392
vt 0.487167 0.623720
vt 0.484363 0.622097
vt 0.483035 0.618703
vt 0.481707 0.619294
vt 0.493364 0.621212
vt 0.493364 0.618703
vt 0.492921 0.616638
vt 0.491150 0.615015
vt 0.488642 0.614129
vt 0.486576 0.624900
vt 0.500741 0.628884
vt 0.498085 0.629179
vt 0.498380 0.627114
vt 0.500741 0.626819
vt 0.490560 0.625343
vt 0.491593 0.631540
vt 0.488199 0.631097
vt 0.480232 0.630212
vt 0.481117 0.628589
vt 0.484511 0.630212
vt 0.476986 0.627261
vt 0.478609 0.626819
vt 0.478609 0.615162
vt 0.464740 0.624458
vt 0.457510 0.626819
vt 0.451755 0.618261
vt 0.459870 0.616343
vt 0.496167 0.611621
vt 0.498528 0.611031
vt 0.500741 0.610441
vt 0.484068 0.616933
vt 0.484658 0.618556
vt 0.485396 0.615753
vt 0.491593 0.617228
vt 0.490560 0.615753
vt 0.491003 0.620769
vt 0.491888 0.620031
vt 0.485839 0.620326
vt 0.492036 0.618703
vt 0.489970 0.621507
vt 0.488642 0.615162
vt 0.487904 0.620622
vt 0.500741 0.608228
vt 0.497938 0.608670
vt 0.470051 0.590965
vt 0.465182 0.583292
vt 0.467395 0.581374
vt 0.471822 0.587719
vt 0.473445 0.562341
vt 0.472412 0.560865
vt 0.478314 0.553930
vt 0.479937 0.556144
vt 0.470051 0.566767
vt 0.468871 0.565587
vt 0.500741 0.599375
vt 0.500741 0.602916
vt 0.498380 0.602916
vt 0.498085 0.599522
vt 0.500741 0.605867
vt 0.498085 0.606014
vt 0.489232 0.616933
vt 0.488052 0.616490
vt 0.486724 0.619441
vt 0.485691 0.618703
vt 0.486724 0.617080
vt 0.485839 0.617966
vt 0.490265 0.620326
vt 0.490413 0.619736
vt 0.490708 0.618851
vt 0.489380 0.620326
vt 0.488199 0.620179
vt 0.490265 0.617818
vt 0.489380 0.619589
vt 0.488347 0.619294
vt 0.487167 0.618703
vt 0.489675 0.618999
vt 0.489085 0.618408
vt 0.488052 0.617818
vt 0.465625 0.561308
vt 0.469903 0.556586
vt 0.476543 0.551275
vt 0.469166 0.580489
vt 0.473150 0.585801
vt 0.495429 0.606457
vt 0.495429 0.609113
vt 0.474478 0.584473
vt 0.478756 0.589932
vt 0.477724 0.591260
vt 0.475658 0.583735
vt 0.479789 0.588899
vt 0.476838 0.582850
vt 0.477576 0.581964
vt 0.481707 0.586243
vt 0.480822 0.587128
vt 0.478904 0.580341
vt 0.482888 0.585210
vt 0.479642 0.578866
vt 0.484511 0.582997
vt 0.470936 0.574439
vt 0.469018 0.574439
vt 0.469166 0.572226
vt 0.470346 0.572669
vt 0.471822 0.574292
vt 0.471969 0.573111
vt 0.474625 0.573702
vt 0.472855 0.573997
vt 0.473297 0.573111
vt 0.475215 0.573111
vt 0.476396 0.573554
vt 0.476543 0.573111
vt 0.476691 0.564554
vt 0.473297 0.568390
vt 0.471822 0.567800
vt 0.475363 0.563668
vt 0.478166 0.571046
vt 0.477428 0.572079
vt 0.476248 0.570751
vt 0.478609 0.568243
vt 0.470936 0.579604
vt 0.472559 0.579013
vt 0.474035 0.578423
vt 0.475215 0.578423
vt 0.476396 0.577685
vt 0.477576 0.576210
vt 0.465035 0.574439
vt 0.465330 0.570751
vt 0.467248 0.571341
vt 0.466953 0.574439
vt 0.477724 0.565587
vt 0.474478 0.568833
vt 0.475363 0.569570
vt 0.478314 0.566619
vt 0.495429 0.603211
vt 0.492183 0.604096
vt 0.492773 0.600850
vt 0.495429 0.600260
vt 0.485986 0.596867
vt 0.482445 0.594211
vt 0.483035 0.593030
vt 0.486576 0.595834
vt 0.487314 0.593621
vt 0.484216 0.591112
vt 0.485396 0.589637
vt 0.488199 0.591702
vt 0.492036 0.606900
vt 0.492183 0.609408
vt 0.488495 0.609260
vt 0.488347 0.606752
vt 0.484363 0.602178
vt 0.479937 0.598932
vt 0.481560 0.595391
vt 0.485396 0.598490
vt 0.493364 0.595981
vt 0.490708 0.595244
vt 0.491150 0.593178
vt 0.493659 0.593621
vt 0.492921 0.599522
vt 0.489822 0.598785
vt 0.490265 0.597752
vt 0.493068 0.598637
vt 0.495724 0.595686
vt 0.496019 0.593473
vt 0.495429 0.599080
vt 0.495577 0.598047
vt 0.498380 0.595244
vt 0.498528 0.593473
vt 0.498085 0.598342
vt 0.498233 0.597457
vt 0.500741 0.595244
vt 0.500741 0.593325
vt 0.500741 0.598194
vt 0.500741 0.597162
vt 0.489380 0.589784
vt 0.491741 0.590522
vt 0.493806 0.590522
vt 0.496314 0.590670
vt 0.498380 0.590670
vt 0.500741 0.590817
vt 0.489380 0.600408
vt 0.482298 0.559832
vt 0.481265 0.558209
vt 0.485101 0.564406
vt 0.484511 0.561898
vt 0.483478 0.560865
vt 0.487167 0.550684
vt 0.488052 0.553488
vt 0.489380 0.555701
vt 0.490117 0.557029
vt 0.490560 0.558357
vt 0.491150 0.559242
vt 0.496167 0.555111
vt 0.495872 0.553635
vt 0.495429 0.551570
vt 0.494249 0.545373
vt 0.485544 0.548619
vt 0.484658 0.545815
vt 0.493659 0.542569
vt 0.494987 0.548471
vt 0.496314 0.558062
vt 0.496314 0.556881
vt 0.491741 0.560127
vt 0.485544 0.566177
vt 0.496314 0.558504
vt 0.492331 0.587128
vt 0.494101 0.587571
vt 0.496610 0.587276
vt 0.491003 0.586391
vt 0.468984 0.095516
vt 0.470865 0.099466
vt 0.450553 0.119213
vt 0.455255 0.111502
vt 0.498380 0.587276
vt 0.500741 0.587866
vt 0.431745 0.129558
vt 0.433626 0.124668
vt 0.434378 0.126360
vt 0.433626 0.132191
vt 0.387172 0.072007
vt 0.385291 0.074264
vt 0.381718 0.070878
vt 0.383410 0.068057
vt 0.425727 0.113947
vt 0.427608 0.110938
vt 0.430241 0.116768
vt 0.427984 0.119966
vt 0.403910 0.083855
vt 0.401842 0.086677
vt 0.397328 0.082915
vt 0.399397 0.080282
vt 0.437576 0.132191
vt 0.437952 0.125232
vt 0.441149 0.121846
vt 0.443406 0.125796
vt 0.468608 0.107553
vt 0.453750 0.124668
vt 0.392250 0.075392
vt 0.390933 0.078025
vt 0.483842 0.089498
vt 0.482525 0.095328
vt 0.407108 0.086865
vt 0.405227 0.089874
vt 0.417640 0.104167
vt 0.421025 0.100406
vt 0.380777 0.079530
vt 0.378144 0.075956
vt 0.389617 0.089498
vt 0.384727 0.084420
vt 0.480457 0.102663
vt 0.398080 0.096644
vt 0.394883 0.093823
vt 0.442842 0.135012
vt 0.449048 0.130686
vt 0.418580 0.118273
vt 0.421966 0.123915
vt 0.410869 0.109057
vt 0.459769 0.128805
vt 0.471429 0.116957
vt 0.429865 0.134636
vt 0.433062 0.137080
vt 0.454126 0.135012
vt 0.425351 0.137080
vt 0.432122 0.140278
vt 0.373254 0.089498
vt 0.370433 0.086488
vt 0.381906 0.097397
vt 0.377392 0.093071
vt 0.484030 0.112067
vt 0.389241 0.103979
vt 0.386231 0.101534
vt 0.447544 0.138961
vt 0.408988 0.122223
vt 0.413502 0.127113
vt 0.401842 0.115264
vt 0.474438 0.124668
vt 0.464282 0.132943
vt 0.468796 0.141782
vt 0.475943 0.137269
vt 0.457888 0.138209
vt 0.421213 0.140466
vt 0.430993 0.143099
vt 0.367236 0.098713
vt 0.364415 0.096268
vt 0.374947 0.105484
vt 0.370997 0.102099
vt 0.486475 0.119590
vt 0.381906 0.110938
vt 0.379085 0.108869
vt 0.450553 0.141782
vt 0.400901 0.126548
vt 0.406167 0.131062
vt 0.393943 0.119966
vt 0.393566 0.134071
vt 0.399397 0.138021
vt 0.386420 0.129558
vt 0.372314 0.119778
vt 0.368740 0.116769
vt 0.477448 0.149681
vt 0.470301 0.153819
vt 0.461837 0.145168
vt 0.416888 0.146108
vt 0.429865 0.148365
vt 0.361218 0.110750
vt 0.358020 0.109057
vt 0.499076 0.167925
vt 0.486663 0.169805
vt 0.487415 0.146860
vt 0.499076 0.147989
vt 0.364415 0.113571
vt 0.489296 0.132002
vt 0.375135 0.121846
vt 0.453562 0.147801
vt 0.352378 0.133695
vt 0.349181 0.132755
vt 0.499076 0.132567
vt 0.361029 0.138585
vt 0.356704 0.136140
vt 0.368740 0.142347
vt 0.365920 0.141218
vt 0.454126 0.157957
vt 0.463342 0.156076
vt 0.387360 0.149870
vt 0.393943 0.152315
vt 0.380213 0.147801
vt 0.499076 0.117709
vt 0.467480 0.172250
vt 0.475755 0.170746
vt 0.499076 0.112067
vt 0.413878 0.157393
vt 0.427984 0.158333
vt 0.460709 0.173755
vt 0.499076 0.102663
vt 0.412186 0.175260
vt 0.426856 0.175260
vt 0.346548 0.165668
vt 0.342786 0.164916
vt 0.499076 0.095516
vt 0.356892 0.168489
vt 0.352002 0.167360
vt 0.364791 0.169994
vt 0.361970 0.169429
vt 0.453750 0.174319
vt 0.383598 0.171498
vt 0.390181 0.172062
vt 0.378144 0.171310
vt 0.499076 0.090438
vt 0.500741 0.557619
vt 0.500741 0.558799
vt 0.500741 0.556291
vt 0.500741 0.554816
vt 0.500741 0.553340
vt 0.500741 0.551127
vt 0.500741 0.548176
vt 0.475658 0.755627
vt 0.475510 0.766398
vt 0.492921 0.538585
vt 0.483478 0.541832
vt 0.457362 0.573554
vt 0.457510 0.567947
vt 0.460903 0.569275
vt 0.461789 0.574439
vt 0.462821 0.557914
vt 0.468281 0.552750
vt 0.474625 0.546848
vt 0.489527 0.495354
vt 0.475953 0.497125
vt 0.472412 0.487092
vt 0.488642 0.486206
vt 0.366768 0.529142
vt 0.374441 0.540651
vt 0.356145 0.550389
vt 0.349063 0.540356
vt 0.423298 0.425736
vt 0.425754 0.433513
vt 0.416954 0.438424
vt 0.413679 0.429420
vt 0.419614 0.410797
vt 0.409177 0.417141
vt 0.411019 0.391151
vt 0.400991 0.399950
vt 0.395875 0.367411
vt 0.384005 0.374165
vt 0.373364 0.341216
vt 0.361085 0.351449
vt 0.348806 0.320342
vt 0.337141 0.328323
vt 0.440284 0.416527
vt 0.443558 0.425327
vt 0.434758 0.428806
vt 0.432098 0.420211
vt 0.435782 0.401792
vt 0.426573 0.406909
vt 0.429642 0.379281
vt 0.420842 0.385011
vt 0.418591 0.354109
vt 0.407745 0.360249
vt 0.398945 0.327914
vt 0.385847 0.334053
vt 0.372954 0.306221
vt 0.362313 0.312156
vt 0.337259 0.567210
vt 0.328701 0.557619
vt 0.466805 0.473517
vt 0.454411 0.454336
vt 0.479789 0.451385
vt 0.486724 0.472485
vt 0.493288 0.427783
vt 0.492265 0.414685
vt 0.496767 0.416732
vt 0.496972 0.429420
vt 0.491242 0.390332
vt 0.496358 0.390741
vt 0.491037 0.362500
vt 0.495335 0.362295
vt 0.468116 0.335486
vt 0.479781 0.332416
vt 0.483056 0.363114
vt 0.473028 0.363932
vt 0.484284 0.296398
vt 0.488377 0.330370
vt 0.473642 0.300286
vt 0.493697 0.329961
vt 0.492879 0.295170
vt 0.460953 0.302128
vt 0.479167 0.263654
vt 0.490423 0.260380
vt 0.474051 0.389513
vt 0.465865 0.390537
vt 0.462795 0.365774
vt 0.501065 0.294556
vt 0.501065 0.329346
vt 0.448470 0.268566
vt 0.464228 0.263654
vt 0.386871 0.296807
vt 0.411838 0.320751
vt 0.428619 0.348174
vt 0.438237 0.374165
vt 0.501065 0.390537
vt 0.501065 0.418369
vt 0.382261 0.522060
vt 0.389638 0.530913
vt 0.411033 0.764480
vt 0.401605 0.435764
vt 0.396489 0.425122
vt 0.349420 0.361681
vt 0.323839 0.337328
vt 0.371522 0.384193
vt 0.388917 0.409569
vt 0.388098 0.442108
vt 0.382573 0.432285
vt 0.337550 0.372937
vt 0.311355 0.350835
vt 0.375410 0.418164
vt 0.358834 0.396471
vt 0.374387 0.448452
vt 0.368657 0.439857
vt 0.325885 0.386239
vt 0.301941 0.364546
vt 0.360675 0.427578
vt 0.346350 0.408341
vt 0.362722 0.455410
vt 0.357401 0.447838
vt 0.316062 0.399541
vt 0.292527 0.379690
vt 0.349010 0.436787
vt 0.335708 0.420415
vt 0.354331 0.462368
vt 0.348601 0.455820
vt 0.304806 0.413867
vt 0.285364 0.396881
vt 0.340006 0.445383
vt 0.326090 0.430239
vt 0.346145 0.471168
vt 0.340006 0.465029
vt 0.297439 0.425327
vt 0.279839 0.411002
vt 0.331410 0.456024
vt 0.317699 0.442108
vt 0.332843 0.486312
vt 0.329159 0.490405
vt 0.323020 0.483857
vt 0.326499 0.480173
vt 0.287411 0.444973
vt 0.283727 0.451522
vt 0.267765 0.442517
vt 0.271653 0.434536
vt 0.314425 0.475466
vt 0.317904 0.471987
vt 0.301941 0.464006
vt 0.305420 0.460322
vt 0.205205 0.861713
vt 0.252567 0.875140
vt 0.246665 0.901698
vt 0.193549 0.883993
vt 0.241206 0.928699
vt 0.181302 0.907010
vt 0.229107 0.813760
vt 0.263928 0.824679
vt 0.256846 0.851237
vt 0.215385 0.839728
vt 0.258912 0.746627
vt 0.276322 0.752086
vt 0.272634 0.774956
vt 0.250207 0.767431
vt 0.267912 0.798268
vt 0.240173 0.790005
vt 0.340210 0.652492
vt 0.343604 0.668722
vt 0.335784 0.668869
vt 0.331800 0.651901
vt 0.348915 0.685542
vt 0.341095 0.687165
vt 0.327964 0.797383
vt 0.300077 0.801957
vt 0.298159 0.777611
vt 0.318668 0.774218
vt 0.338439 0.636114
vt 0.328111 0.635081
vt 0.195614 0.657656
vt 0.197827 0.679198
vt 0.175843 0.687755
vt 0.171417 0.662968
vt 0.303323 0.827925
vt 0.340210 0.821580
vt 0.151940 0.698231
vt 0.146186 0.671820
vt 0.365883 0.562783
vt 0.349653 0.578866
vt 0.406312 0.443745
vt 0.393624 0.450908
vt 0.378071 0.455410
vt 0.366406 0.460936
vt 0.357606 0.468508
vt 0.350443 0.475875
vt 0.417229 0.639803
vt 0.423574 0.645114
vt 0.415164 0.650869
vt 0.408672 0.646295
vt 0.426230 0.671673
vt 0.422098 0.670197
vt 0.424312 0.658246
vt 0.431246 0.654115
vt 0.417082 0.668132
vt 0.419738 0.663558
vt 0.424164 0.666066
vt 0.427705 0.649688
vt 0.420328 0.654852
vt 0.324570 0.590817
vt 0.309963 0.584325
vt 0.339472 0.597752
vt 0.501065 0.362090
vt 0.501065 0.261608
vt 0.489970 0.499338
vt 0.477133 0.501404
vt 0.461641 0.504797
vt 0.443788 0.510847
vt 0.438624 0.505387
vt 0.458542 0.499781
vt 0.431837 0.498158
vt 0.453526 0.491076
vt 0.420475 0.513207
vt 0.426377 0.518962
vt 0.413246 0.506715
vt 0.471595 0.425532
vt 0.468321 0.413253
vt 0.475893 0.413253
vt 0.478758 0.425736
vt 0.483260 0.390127
vt 0.447856 0.305607
vt 0.432507 0.272045
vt 0.457475 0.337532
vt 0.484488 0.413457
vt 0.486330 0.426350
vt 0.422246 0.488420
vt 0.445263 0.479272
vt 0.404098 0.497568
vt 0.391704 0.485616
vt 0.407934 0.475878
vt 0.397901 0.539471
vt 0.382703 0.550684
vt 0.454405 0.413457
vt 0.458293 0.424304
vt 0.451130 0.424099
vt 0.447856 0.414071
vt 0.437214 0.343672
vt 0.444991 0.371504
vt 0.424117 0.313998
vt 0.401196 0.289031
vt 0.358358 0.518814
vt 0.341095 0.529142
vt 0.332390 0.516158
vt 0.348178 0.506568
vt 0.301110 0.560865
vt 0.280454 0.571784
vt 0.272486 0.554668
vt 0.294028 0.542422
vt 0.373998 0.511289
vt 0.362785 0.499781
vt 0.321472 0.543750
vt 0.314389 0.528700
vt 0.258322 0.581669
vt 0.245633 0.566029
vt 0.265699 0.728036
vt 0.280749 0.732757
vt 0.271453 0.711953
vt 0.282667 0.715052
vt 0.318373 0.635524
vt 0.323980 0.651754
vt 0.236190 0.966176
vt 0.165072 0.937110
vt 0.324718 0.615162
vt 0.309078 0.615605
vt 0.181450 0.775693
vt 0.202401 0.795760
vt 0.184843 0.817154
vt 0.161826 0.792071
vt 0.237960 0.594063
vt 0.211697 0.580341
vt 0.033165 0.641131
vt 0.018410 0.643344
vt 0.017083 0.630950
vt 0.031247 0.627409
vt 0.062822 0.665771
vt 0.069314 0.690264
vt 0.043641 0.693657
vt 0.037592 0.667984
vt 0.090266 0.661197
vt 0.095725 0.684509
vt 0.110627 0.620474
vt 0.084364 0.628589
vt 0.081560 0.613687
vt 0.107676 0.605572
vt 0.139546 0.612359
vt 0.137186 0.596129
vt 0.170089 0.604834
vt 0.170384 0.587424
vt 0.204024 0.600112
vt 0.339392 0.479354
vt 0.343894 0.483857
vt 0.180564 0.713576
vt 0.158728 0.725675
vt 0.055002 0.727741
vt 0.066806 0.763299
vt 0.039805 0.773775
vt 0.029624 0.733790
vt 0.200631 0.702658
vt 0.128480 0.708560
vt 0.136595 0.737921
vt 0.114758 0.747807
vt 0.104725 0.716084
vt 0.215533 0.673001
vt 0.218336 0.691592
vt 0.226304 0.715789
vt 0.236337 0.728331
vt 0.218336 0.742790
vt 0.207566 0.726265
vt 0.166990 0.753561
vt 0.146186 0.767136
vt 0.187794 0.739544
vt 0.199893 0.759316
vt 0.081413 0.802252
vt 0.105611 0.840024
vt 0.081560 0.858615
vt 0.056773 0.815974
vt 0.144415 0.807268
vt 0.126710 0.778792
vt 0.169646 0.835597
vt 0.246813 0.738216
vt 0.231763 0.756807
vt 0.217746 0.775989
vt 0.135710 0.873222
vt 0.116382 0.900223
vt 0.442460 0.878533
vt 0.462674 0.896977
vt 0.410000 0.940060
vt 0.392737 0.910846
vt 0.384769 0.828515
vt 0.402917 0.845778
vt 0.431837 0.772742
vt 0.424312 0.786317
vt 0.402770 0.776136
vt 0.382703 0.762562
vt 0.365736 0.747217
vt 0.380638 0.890485
vt 0.313357 0.906567
vt 0.121251 0.680083
vt 0.488642 0.767726
vt 0.489527 0.757398
vt 0.500741 0.757988
vt 0.500741 0.768316
vt 0.452345 0.778054
vt 0.446001 0.793989
vt 0.374588 0.771267
vt 0.394950 0.786022
vt 0.357768 0.755037
vt 0.080528 0.722576
vt 0.335341 0.768759
vt 0.349063 0.789267
vt 0.366621 0.809924
vt 0.416787 0.798120
vt 0.429328 0.464370
vt 0.288421 0.588899
vt 0.268355 0.595244
vt 0.252862 0.605129
vt 0.227779 0.606605
vt 0.230583 0.667541
vt 0.233534 0.682444
vt 0.241501 0.705313
vt 0.250207 0.714314
vt 0.257436 0.722724
vt 0.364408 0.779972
vt 0.384474 0.796940
vt 0.348177 0.762414
vt 0.024165 0.696165
vt 0.405573 0.811547
vt 0.479494 0.821580
vt 0.484658 0.803875
vt 0.500741 0.804612
vt 0.500741 0.823498
vt 0.324043 0.464210
vt 0.310741 0.451522
vt 0.326931 0.969127
vt 0.318521 0.931503
vt 0.217009 0.636704
vt 0.232206 0.638917
vt 0.230435 0.652492
vt 0.215681 0.653229
vt 0.424459 0.862893
vt 0.426673 0.823351
vt 0.451165 0.833089
vt 0.487462 0.782923
vt 0.500741 0.783808
vt 0.091594 0.755479
vt 0.333048 0.473215
vt 0.153416 0.853893
vt 0.471379 0.841204
vt 0.500741 0.849614
vt 0.292118 0.435559
vt 0.275746 0.424099
vt 0.104578 0.790005
vt 0.125677 0.823203
vt 0.337755 0.491429
vt 0.334071 0.495726
vt 0.438181 0.807858
vt 0.500741 0.541389
vt 0.500741 0.544635
vt 0.500741 0.537848
vt 0.501065 0.431057
vt 0.500741 0.449320
vt 0.500741 0.472927
vt 0.500741 0.485764
vt 0.500741 0.494322
vt 0.500741 0.499338
vt 0.471379 0.661197
vt 0.473445 0.658836
vt 0.478019 0.663115
vt 0.475068 0.665033
vt 0.431394 0.523831
vt 0.447181 0.515126
vt 0.463707 0.508781
vt 0.478166 0.505535
vt 0.490265 0.503617
vt 0.450516 0.393606
vt 0.442740 0.396062
vt 0.242977 0.665328
vt 0.245337 0.676984
vt 0.251830 0.694395
vt 0.258174 0.702362
vt 0.468133 0.800038
vt 0.473150 0.780267
vt 0.461641 0.815974
vt 0.448657 0.686723
vt 0.448657 0.685690
vt 0.452788 0.686132
vt 0.452936 0.686870
vt 0.439066 0.681558
vt 0.438476 0.683034
vt 0.437738 0.681411
vt 0.438476 0.680083
vt 0.439804 0.682591
vt 0.439361 0.684067
vt 0.441870 0.684509
vt 0.441722 0.685837
vt 0.444968 0.685985
vt 0.444821 0.687165
vt 0.457215 0.685395
vt 0.463559 0.674329
vt 0.465330 0.675066
vt 0.464002 0.678312
vt 0.462231 0.678607
vt 0.462526 0.677575
vt 0.464444 0.676837
vt 0.465625 0.675952
vt 0.460608 0.671820
vt 0.461051 0.671230
vt 0.462379 0.672263
vt 0.461789 0.673001
vt 0.455149 0.669312
vt 0.455149 0.668722
vt 0.458985 0.669902
vt 0.458690 0.670492
vt 0.463264 0.679788
vt 0.451313 0.668574
vt 0.451460 0.668132
vt 0.461051 0.682591
vt 0.440984 0.671968
vt 0.440690 0.671673
vt 0.443345 0.669902
vt 0.443640 0.670345
vt 0.438771 0.675509
vt 0.438181 0.674771
vt 0.438771 0.673886
vt 0.439066 0.674329
vt 0.438771 0.678017
vt 0.437591 0.678017
vt 0.437886 0.676247
vt 0.438771 0.676689
vt 0.438624 0.678903
vt 0.437296 0.679493
vt 0.451460 0.672853
vt 0.451460 0.669312
vt 0.455001 0.669902
vt 0.454559 0.673296
vt 0.443050 0.675361
vt 0.442017 0.672853
vt 0.444083 0.671230
vt 0.444673 0.674329
vt 0.442165 0.678607
vt 0.440247 0.679050
vt 0.440247 0.678460
vt 0.442312 0.678165
vt 0.448067 0.682739
vt 0.445263 0.684509
vt 0.444968 0.682001
vt 0.459723 0.678460
vt 0.461936 0.679640
vt 0.460756 0.682001
vt 0.458985 0.679788
vt 0.458395 0.671230
vt 0.457657 0.674476
vt 0.440247 0.677870
vt 0.442312 0.677870
vt 0.442608 0.682739
vt 0.443198 0.681116
vt 0.460018 0.677722
vt 0.460313 0.676984
vt 0.458543 0.675066
vt 0.460166 0.672411
vt 0.460903 0.673443
vt 0.459133 0.675361
vt 0.440099 0.676837
vt 0.442312 0.677575
vt 0.441280 0.680968
vt 0.442460 0.679935
vt 0.460461 0.676394
vt 0.462821 0.676394
vt 0.442312 0.677280
vt 0.439952 0.676099
vt 0.440099 0.675066
vt 0.442312 0.676689
vt 0.440690 0.680083
vt 0.442165 0.679345
vt 0.460461 0.676099
vt 0.462674 0.675509
vt 0.456182 0.681558
vt 0.457067 0.684952
vt 0.451903 0.682739
vt 0.460166 0.675657
vt 0.461641 0.674329
vt 0.409114 0.657066
vt 0.402622 0.653229
vt 0.337407 0.618999
vt 0.290044 0.614425
vt 0.414869 0.660312
vt 0.427853 0.668574
vt 0.434050 0.671378
vt 0.431394 0.670050
vt 0.436706 0.672558
vt 0.438329 0.673148
vt 0.373159 0.263859
vt 0.355559 0.273273
vt 0.450926 0.227841
vt 0.431075 0.234799
vt 0.469549 0.225589
vt 0.410814 0.244212
vt 0.340006 0.283301
vt 0.327727 0.290463
vt 0.275541 0.345923
vt 0.271039 0.363114
vt 0.261830 0.415299
vt 0.259374 0.428397
vt 0.281476 0.331598
vt 0.257328 0.439243
vt 0.263262 0.400360
vt 0.289457 0.319523
vt 0.312787 0.299263
vt 0.299895 0.309291
vt 0.265513 0.384193
vt 0.267355 0.291896
vt 0.258965 0.302742
vt 0.247709 0.373551
vt 0.247709 0.392174
vt 0.279225 0.281459
vt 0.250369 0.350221
vt 0.250983 0.330984
vt 0.254053 0.316249
vt 0.247300 0.408546
vt 0.246481 0.424099
vt 0.244639 0.436378
vt 0.341848 0.238073
vt 0.325066 0.246668
vt 0.435168 0.196529
vt 0.410814 0.203487
vt 0.459112 0.193869
vt 0.387075 0.216585
vt 0.307876 0.259766
vt 0.292527 0.271226
vt 0.490832 0.223338
vt 0.501065 0.225589
vt 0.482646 0.192641
vt 0.501065 0.198780
vt 0.391373 0.254445
vt 0.416749 0.280435
vt 0.435168 0.308472
vt 0.447037 0.340807
vt 0.453177 0.368230
vt 0.457065 0.391560
vt 0.461158 0.413048
vt 0.464637 0.424713
vt 0.388458 0.504797
vt 0.376506 0.493141
vt 0.397163 0.514388
vt 0.404393 0.521913
vt 0.411475 0.528405
vt 0.418410 0.534307
vt 0.495577 0.629327
vt 0.462231 0.565292
vt 0.459723 0.563226
vt 0.467248 0.568095
vt 0.470641 0.570013
vt 0.468723 0.568980
vt 0.472117 0.570456
vt 0.473297 0.570456
vt 0.474330 0.570898
vt 0.475510 0.571784
vt 0.476838 0.572669
vt 0.435695 0.132191
vt 0.436259 0.125796
vt 0.437952 0.135952
vt 0.440209 0.138961
vt 0.441149 0.141406
vt 0.442278 0.146860
vt 0.441149 0.157016
vt 0.440397 0.174131
vt 0.404099 0.154383
vt 0.401465 0.173191
vt 0.408424 0.141782
vt 0.413878 0.135388
vt 0.419709 0.131814
vt 0.426103 0.128993
vt 0.429865 0.124668
vt 0.431934 0.120718
vt 0.475215 0.575915
vt 0.476691 0.574587
vt 0.474035 0.576505
vt 0.473002 0.576653
vt 0.471969 0.576505
vt 0.469756 0.576653
vt 0.467690 0.576505
vt 0.466067 0.577243
vt 0.462379 0.578423
vt 0.459133 0.579309
vt 0.492331 0.629327
vt 0.489085 0.629032
vt 0.363950 0.228250
vt 0.493068 0.627261
vt 0.489822 0.627114
vt 0.484658 0.628294
vt 0.481117 0.626671
vt 0.462821 0.585801
vt 0.478166 0.624458
vt 0.386392 0.681116
vt 0.391999 0.690116
vt 0.385359 0.691887
vt 0.379015 0.681411
vt 0.400557 0.698674
vt 0.395097 0.701625
vt 0.411180 0.706199
vt 0.407196 0.710035
vt 0.423574 0.712838
vt 0.437148 0.717855
vt 0.435230 0.722871
vt 0.420623 0.717560
vt 0.451165 0.721101
vt 0.450280 0.726560
vt 0.465330 0.723019
vt 0.464739 0.729216
vt 0.478756 0.723904
vt 0.478461 0.730544
vt 0.491003 0.724052
vt 0.491003 0.730986
vt 0.500741 0.724494
vt 0.500741 0.731577
vt 0.475953 0.622982
vt 0.473592 0.621949
vt 0.450280 0.641131
vt 0.457657 0.637884
vt 0.466510 0.644229
vt 0.462231 0.647327
vt 0.475510 0.656180
vt 0.478019 0.652197
vt 0.483478 0.655738
vt 0.480970 0.660459
vt 0.495872 0.647180
vt 0.495429 0.653524
vt 0.490560 0.652344
vt 0.491593 0.646442
vt 0.469903 0.652049
vt 0.472559 0.648508
vt 0.500741 0.647327
vt 0.500741 0.653820
vt 0.476543 0.618408
vt 0.460903 0.650426
vt 0.468281 0.654705
vt 0.467100 0.657361
vt 0.459870 0.653525
vt 0.500741 0.739397
vt 0.490708 0.738954
vt 0.477724 0.737921
vt 0.463559 0.736003
vt 0.448657 0.733052
vt 0.484068 0.609408
vt 0.473297 0.614425
vt 0.477724 0.609998
vt 0.496019 0.627261
vt 0.467986 0.594211
vt 0.463707 0.671820
vt 0.464887 0.671230
vt 0.466067 0.670640
vt 0.467395 0.669755
vt 0.471969 0.667099
vt 0.469166 0.668722
vt 0.432722 0.728626
vt 0.470051 0.622835
vt 0.450575 0.647180
vt 0.417082 0.722576
vt 0.492183 0.534159
vt 0.500741 0.532831
vt 0.450722 0.651459
vt 0.485544 0.626523
vt 0.375916 0.670935
vt 0.383884 0.671820
vt 0.482740 0.537110
vt 0.467100 0.615015
vt 0.473002 0.541389
vt 0.464297 0.546848
vt 0.457067 0.552602
vt 0.473297 0.636704
vt 0.469166 0.631392
vt 0.452050 0.558209
vt 0.450870 0.565144
vt 0.451165 0.572521
vt 0.453969 0.580046
vt 0.458690 0.587719
vt 0.464297 0.596719
vt 0.454854 0.607933
vt 0.450132 0.599522
vt 0.458542 0.598342
vt 0.462969 0.606605
vt 0.402032 0.714609
vt 0.388310 0.705461
vt 0.377982 0.694395
vt 0.370457 0.682296
vt 0.378720 0.622687
vt 0.367949 0.615457
vt 0.377097 0.602473
vt 0.388163 0.612064
vt 0.367211 0.670050
vt 0.366031 0.658098
vt 0.375031 0.660164
vt 0.367506 0.646147
vt 0.376654 0.649688
vt 0.371638 0.634196
vt 0.380933 0.639507
vt 0.387720 0.629622
vt 0.397163 0.620326
vt 0.407786 0.547438
vt 0.490560 0.519552
vt 0.500741 0.518814
vt 0.500741 0.525601
vt 0.491298 0.526782
vt 0.440542 0.581079
vt 0.437148 0.570161
vt 0.444378 0.571341
vt 0.447772 0.580636
vt 0.485544 0.650131
vt 0.480970 0.521470
vt 0.479494 0.514978
vt 0.489822 0.513060
vt 0.436411 0.558799
vt 0.444083 0.562193
vt 0.446886 0.539618
vt 0.441722 0.533864
vt 0.453673 0.525454
vt 0.457067 0.531208
vt 0.469461 0.525306
vt 0.467100 0.518519
vt 0.439804 0.548619
vt 0.428148 0.555553
vt 0.432722 0.543750
vt 0.490117 0.508781
vt 0.500741 0.508191
vt 0.500741 0.512470
vt 0.478904 0.510847
vt 0.465920 0.514093
vt 0.404540 0.627704
vt 0.395540 0.635671
vt 0.361457 0.629032
vt 0.389048 0.644229
vt 0.384769 0.653377
vt 0.480379 0.647623
vt 0.475215 0.644377
vt 0.383441 0.662525
vt 0.356588 0.655885
vt 0.358358 0.669607
vt 0.350096 0.669312
vt 0.347440 0.654115
vt 0.362342 0.683181
vt 0.354670 0.684509
vt 0.390819 0.673001
vt 0.390228 0.665033
vt 0.391704 0.656918
vt 0.395688 0.648803
vt 0.402327 0.640836
vt 0.410885 0.634048
vt 0.357473 0.642458
vt 0.347292 0.639212
vt 0.490265 0.746036
vt 0.500741 0.746627
vt 0.476838 0.745741
vt 0.446296 0.740430
vt 0.462379 0.743823
vt 0.429328 0.735413
vt 0.370752 0.697198
vt 0.363522 0.700002
vt 0.381523 0.709740
vt 0.349948 0.623572
vt 0.355407 0.607342
vt 0.364555 0.591260
vt 0.390523 0.591702
vt 0.399966 0.603506
vt 0.431246 0.581079
vt 0.428000 0.568685
vt 0.482150 0.529142
vt 0.451313 0.545963
vt 0.460756 0.539176
vt 0.471527 0.533274
vt 0.446149 0.553635
vt 0.451313 0.520437
vt 0.470051 0.640098
vt 0.464002 0.634343
vt 0.448362 0.629179
vt 0.442312 0.620917
vt 0.452788 0.589046
vt 0.445116 0.590522
vt 0.436411 0.528552
vt 0.425640 0.539028
vt 0.418705 0.551865
vt 0.500741 0.503174
vt 0.414869 0.566472
vt 0.397458 0.565144
vt 0.379310 0.577685
vt 0.408229 0.613097
vt 0.477576 0.640540
vt 0.482445 0.643196
vt 0.487167 0.644967
vt 0.468723 0.605129
vt 0.021066 0.669017
vt 0.019591 0.654853
vt 0.035083 0.653229
vt 0.058396 0.636262
vt 0.060461 0.649836
vt 0.087315 0.643491
vt 0.116234 0.656033
vt 0.113283 0.636704
vt 0.142055 0.648360
vt 0.139104 0.629327
vt 0.169646 0.641573
vt 0.168908 0.621802
vt 0.197237 0.635966
vt 0.198713 0.617671
vt 0.220992 0.620917
vt 0.242534 0.614867
vt 0.236780 0.625933
vt 0.055740 0.621359
vt 0.435673 0.591702
vt 0.440542 0.601145
vt 0.430804 0.603801
vt 0.424754 0.593621
vt 0.445854 0.609998
vt 0.419147 0.581227
vt 0.412951 0.597162
vt 0.419738 0.607490
vt 0.432427 0.624163
vt 0.439656 0.632130
vt 0.428000 0.635081
vt 0.421803 0.628146
vt 0.405131 0.583882
vt 0.435230 0.641573
vt 0.438329 0.646737
vt 0.440247 0.651459
vt 0.442165 0.656180
vt 0.443493 0.660017
vt 0.444673 0.662820
vt 0.445706 0.665033
vt 0.446739 0.666509
vt 0.447034 0.667837
vt 0.447477 0.669902
vt 0.447182 0.673296
vt 0.447182 0.668869
vt 0.447181 0.668427
vt 0.415016 0.620769
vt 0.436558 0.612507
vt 0.426230 0.616048
vt 0.472412 0.602326
vt 0.474182 0.598342
vt 0.475953 0.594211
vt 0.488642 0.603801
vt 0.478904 0.603949
vt 0.486576 0.588309
vt 0.487757 0.584768
vt 0.483921 0.605867
vt 0.414443 0.094199
vt 0.412186 0.097397
vt 0.404099 0.103039
vt 0.395071 0.109622
vt 0.387736 0.116392
vt 0.380777 0.126736
vt 0.374571 0.145732
vt 0.372126 0.170558
vt 0.264518 0.707674
vt 0.344931 0.736593
vt 0.352752 0.729954
vt 0.336226 0.743085
vt 0.325455 0.748692
vt 0.312471 0.752971
vt 0.308192 0.733642
vt 0.318373 0.730396
vt 0.335489 0.717855
vt 0.342423 0.710477
vt 0.328111 0.724494
vt 0.305241 0.717265
vt 0.313209 0.714166
vt 0.326931 0.700444
vt 0.331800 0.688641
vt 0.321029 0.708264
vt 0.253895 0.624605
vt 0.248436 0.633458
vt 0.244895 0.643639
vt 0.243124 0.653967
vt 0.273224 0.613539
vt 0.260830 0.618556
vt 0.296684 0.734970
vt 0.296241 0.718150
vt 0.297717 0.754299
vt 0.328111 0.668279
vt 0.282372 0.703985
vt 0.276470 0.698969
vt 0.257436 0.677280
vt 0.254485 0.665181
vt 0.312471 0.638180
vt 0.318226 0.651311
vt 0.273666 0.684952
vt 0.278536 0.680821
vt 0.279863 0.682886
vt 0.276912 0.687018
vt 0.289454 0.622982
vt 0.302881 0.625786
vt 0.263191 0.633310
vt 0.269093 0.627409
vt 0.318373 0.672706
vt 0.314684 0.669312
vt 0.313504 0.660754
vt 0.317045 0.662230
vt 0.268945 0.639360
vt 0.276765 0.644672
vt 0.274552 0.651606
vt 0.266141 0.646590
vt 0.316160 0.695575
vt 0.309815 0.700887
vt 0.321767 0.664591
vt 0.295946 0.697198
vt 0.293438 0.691592
vt 0.300077 0.693362
vt 0.302586 0.695723
vt 0.289159 0.627851
vt 0.289454 0.631540
vt 0.284290 0.634196
vt 0.282519 0.629769
vt 0.307307 0.688788
vt 0.307897 0.692919
vt 0.254485 0.656328
vt 0.280158 0.637589
vt 0.277355 0.632720
vt 0.316898 0.681263
vt 0.313799 0.676689
vt 0.270420 0.681263
vt 0.277208 0.678312
vt 0.271158 0.695428
vt 0.309225 0.640393
vt 0.307160 0.642606
vt 0.299044 0.633901
vt 0.300668 0.630802
vt 0.263781 0.653524
vt 0.273371 0.657066
vt 0.272781 0.662230
vt 0.263781 0.658689
vt 0.307455 0.679493
vt 0.311143 0.683034
vt 0.303914 0.683919
vt 0.291962 0.636704
vt 0.298602 0.638917
vt 0.307307 0.653082
vt 0.311143 0.651606
vt 0.309373 0.660164
vt 0.279421 0.646737
vt 0.276912 0.655148
vt 0.298307 0.688788
vt 0.304651 0.646442
vt 0.278831 0.677427
vt 0.279716 0.679640
vt 0.286798 0.638475
vt 0.309815 0.673886
vt 0.310258 0.667247
vt 0.282519 0.683772
vt 0.281339 0.684804
vt 0.280896 0.681263
vt 0.277060 0.673886
vt 0.275437 0.674181
vt 0.273814 0.668869
vt 0.276027 0.669460
vt 0.275585 0.664443
vt 0.282372 0.641868
vt 0.293585 0.688641
vt 0.276027 0.659869
vt 0.286946 0.686575
vt 0.286798 0.688936
vt 0.294323 0.686870
vt 0.298749 0.685247
vt 0.277945 0.660459
vt 0.277208 0.665181
vt 0.287536 0.685395
vt 0.283404 0.683034
vt 0.307307 0.665918
vt 0.306422 0.659574
vt 0.281044 0.649098
vt 0.283847 0.644229
vt 0.305536 0.677132
vt 0.302733 0.681411
vt 0.292700 0.640688
vt 0.298159 0.643049
vt 0.304799 0.653377
vt 0.278683 0.656475
vt 0.303176 0.649246
vt 0.279568 0.676247
vt 0.280601 0.678755
vt 0.287831 0.641573
vt 0.307160 0.671820
vt 0.281486 0.680821
vt 0.278536 0.673296
vt 0.277355 0.668869
vt 0.305536 0.670345
vt 0.304356 0.669312
vt 0.304356 0.664295
vt 0.305536 0.664885
vt 0.288716 0.644967
vt 0.289306 0.646590
vt 0.286208 0.648803
vt 0.285323 0.647327
vt 0.281486 0.678017
vt 0.282667 0.677132
vt 0.283109 0.679935
vt 0.282519 0.680230
vt 0.300815 0.651164
vt 0.299635 0.652934
vt 0.297717 0.651164
vt 0.297717 0.648360
vt 0.295061 0.683624
vt 0.294913 0.682591
vt 0.297421 0.681263
vt 0.297569 0.682444
vt 0.280158 0.661197
vt 0.280896 0.661197
vt 0.280454 0.664443
vt 0.279716 0.664443
vt 0.303471 0.659131
vt 0.304651 0.659279
vt 0.282814 0.651016
vt 0.283552 0.651754
vt 0.281782 0.658098
vt 0.280896 0.657951
vt 0.301110 0.677427
vt 0.302143 0.679050
vt 0.281339 0.675214
vt 0.281782 0.674771
vt 0.293143 0.643786
vt 0.292995 0.646295
vt 0.300372 0.656033
vt 0.301848 0.655295
vt 0.302290 0.659279
vt 0.298602 0.654410
vt 0.286798 0.680673
vt 0.286208 0.681263
vt 0.284880 0.679050
vt 0.281634 0.670492
vt 0.281044 0.671082
vt 0.280454 0.666804
vt 0.281191 0.666656
vt 0.281191 0.664591
vt 0.289454 0.681263
vt 0.289159 0.682296
vt 0.283995 0.652787
vt 0.286503 0.649983
vt 0.301995 0.672411
vt 0.303176 0.673738
vt 0.300372 0.676247
vt 0.292847 0.649098
vt 0.297421 0.652787
vt 0.294175 0.656918
vt 0.293585 0.658689
vt 0.292110 0.658689
vt 0.292847 0.656918
vt 0.299930 0.665476
vt 0.298307 0.664738
vt 0.298602 0.662377
vt 0.299930 0.662672
vt 0.291077 0.672263
vt 0.289749 0.674624
vt 0.288421 0.674181
vt 0.289749 0.672263
vt 0.295651 0.657066
vt 0.294766 0.658836
vt 0.287683 0.664295
vt 0.286060 0.663558
vt 0.287241 0.661049
vt 0.288274 0.662230
vt 0.286355 0.672115
vt 0.287978 0.671230
vt 0.288716 0.671820
vt 0.287388 0.673443
vt 0.287536 0.667689
vt 0.285470 0.667837
vt 0.285618 0.665771
vt 0.287683 0.666066
vt 0.290782 0.658836
vt 0.290634 0.657361
vt 0.295798 0.658836
vt 0.296831 0.657656
vt 0.297717 0.658246
vt 0.296536 0.658984
vt 0.287241 0.669164
vt 0.285618 0.669607
vt 0.293585 0.674919
vt 0.294618 0.671673
vt 0.295651 0.670345
vt 0.296094 0.673886
vt 0.283847 0.667837
vt 0.283995 0.665623
vt 0.284142 0.670050
vt 0.288864 0.676837
vt 0.287241 0.676099
vt 0.301258 0.666509
vt 0.301258 0.663115
vt 0.300077 0.669755
vt 0.298897 0.667984
vt 0.294323 0.655295
vt 0.291962 0.654852
vt 0.285028 0.673001
vt 0.286060 0.674919
vt 0.297717 0.656475
vt 0.298749 0.657361
vt 0.297421 0.676542
vt 0.297717 0.670492
vt 0.299044 0.673591
vt 0.286355 0.656623
vt 0.288274 0.658689
vt 0.285323 0.659721
vt 0.300225 0.659574
vt 0.298897 0.659721
vt 0.296094 0.656033
vt 0.287683 0.655000
vt 0.291372 0.674919
vt 0.291520 0.677427
vt 0.284585 0.662820
vt 0.295061 0.677427
vt 0.304356 0.675214
vt 0.303618 0.654557
vt 0.313504 0.687755
vt 0.284880 0.653820
vt 0.283995 0.658836
vt 0.282372 0.658836
vt 0.297126 0.680230
vt 0.296979 0.679198
vt 0.299782 0.675066
vt 0.282519 0.674329
vt 0.283257 0.674034
vt 0.284585 0.676247
vt 0.283404 0.676984
vt 0.293880 0.652197
vt 0.290339 0.650869
vt 0.289749 0.648360
vt 0.303323 0.668427
vt 0.302290 0.667541
vt 0.302438 0.663410
vt 0.303471 0.663853
vt 0.287093 0.651754
vt 0.286060 0.678312
vt 0.298307 0.655443
vt 0.296979 0.654115
vt 0.294913 0.681411
vt 0.294766 0.680230
vt 0.281782 0.661345
vt 0.283109 0.662230
vt 0.282077 0.665328
vt 0.301405 0.659279
vt 0.301110 0.671230
vt 0.280011 0.666951
vt 0.296389 0.668279
vt 0.297569 0.659721
vt 0.292257 0.672411
vt 0.280306 0.671378
vt 0.284290 0.682149
vt 0.289159 0.683329
vt 0.289306 0.660164
vt 0.297421 0.666656
vt 0.295503 0.667247
vt 0.296241 0.665033
vt 0.296979 0.664148
vt 0.296979 0.662377
vt 0.296241 0.660754
vt 0.295503 0.660607
vt 0.294618 0.660754
vt 0.293585 0.660902
vt 0.292552 0.660902
vt 0.291372 0.660754
vt 0.290487 0.660459
vt 0.289897 0.661639
vt 0.289454 0.663263
vt 0.289306 0.665033
vt 0.289601 0.666509
vt 0.289454 0.667689
vt 0.289159 0.668722
vt 0.289601 0.669902
vt 0.290339 0.670197
vt 0.291372 0.670345
vt 0.292257 0.670492
vt 0.293143 0.670640
vt 0.294471 0.669902
vt 0.294913 0.668722
vt 0.290487 0.665476
vt 0.290782 0.666509
vt 0.294175 0.667984
vt 0.294471 0.666804
vt 0.289897 0.679935
vt 0.290634 0.663705
vt 0.290782 0.662230
vt 0.295208 0.664738
vt 0.293438 0.666509
vt 0.293880 0.664738
vt 0.292405 0.667837
vt 0.292700 0.666509
vt 0.293290 0.667837
vt 0.295503 0.663558
vt 0.293880 0.663410
vt 0.295061 0.662230
vt 0.294028 0.662230
vt 0.292995 0.662377
vt 0.292847 0.664885
vt 0.292700 0.663558
vt 0.291520 0.665328
vt 0.291667 0.663705
vt 0.291667 0.666509
vt 0.291520 0.667837
vt 0.290634 0.667837
vt 0.291815 0.662377
vt 0.299340 0.656770
vt 0.287683 0.679050
vt 0.282519 0.670197
vt 0.282077 0.667689
vt 0.285913 0.695723
vt 0.280158 0.690559
vt 0.265994 0.675804
vt 0.264518 0.666214
vt 0.313947 0.651311
vt 0.266732 0.690706
vt 0.323242 0.678312
vt 0.259207 0.640688
vt 0.294618 0.704723
vt 0.303618 0.703690
vt 0.279273 0.622245
vt 0.320586 0.688493
vt 0.262305 0.685542
vt 0.256403 0.648951
vt 0.552382 0.688788
vt 0.548103 0.688346
vt 0.548251 0.687608
vt 0.552677 0.687755
vt 0.552677 0.691149
vt 0.547661 0.690706
vt 0.547956 0.689378
vt 0.552530 0.689821
vt 0.556514 0.688198
vt 0.556956 0.689083
vt 0.557694 0.690264
vt 0.560793 0.687460
vt 0.562268 0.688346
vt 0.559907 0.686723
vt 0.563743 0.685395
vt 0.565661 0.685837
vt 0.562415 0.684952
vt 0.565661 0.683477
vt 0.568022 0.683624
vt 0.564038 0.683329
vt 0.566694 0.681706
vt 0.569645 0.681558
vt 0.564924 0.681706
vt 0.567727 0.679640
vt 0.570383 0.679788
vt 0.565514 0.679935
vt 0.567580 0.678017
vt 0.570383 0.677722
vt 0.565219 0.678312
vt 0.566989 0.676099
vt 0.570088 0.675657
vt 0.564629 0.676542
vt 0.566252 0.674476
vt 0.569055 0.673591
vt 0.564038 0.674771
vt 0.559317 0.668279
vt 0.560497 0.666804
vt 0.564038 0.669017
vt 0.562268 0.670197
vt 0.558727 0.669312
vt 0.561235 0.671082
vt 0.545890 0.668132
vt 0.545300 0.666656
vt 0.549726 0.666066
vt 0.549874 0.667541
vt 0.545300 0.665476
vt 0.550464 0.664591
vt 0.542054 0.669460
vt 0.541169 0.668427
vt 0.540726 0.667099
vt 0.539693 0.670640
vt 0.538808 0.669755
vt 0.537775 0.668869
vt 0.543529 0.686723
vt 0.543972 0.685985
vt 0.542497 0.688936
vt 0.543087 0.687608
vt 0.538218 0.685837
vt 0.538956 0.684804
vt 0.539546 0.683919
vt 0.539988 0.683034
vt 0.534824 0.682591
vt 0.535709 0.681706
vt 0.536595 0.681116
vt 0.537185 0.680378
vt 0.533054 0.680083
vt 0.533939 0.679640
vt 0.534824 0.679345
vt 0.536005 0.678460
vt 0.531283 0.676394
vt 0.532463 0.676394
vt 0.532906 0.678017
vt 0.531873 0.678017
vt 0.533496 0.676247
vt 0.534529 0.675804
vt 0.534972 0.676837
vt 0.533644 0.678017
vt 0.531135 0.674771
vt 0.532463 0.675066
vt 0.533939 0.674919
vt 0.534824 0.674919
vt 0.531726 0.673148
vt 0.533054 0.673591
vt 0.534529 0.673886
vt 0.536005 0.673886
vt 0.562268 0.664591
vt 0.566399 0.667247
vt 0.536300 0.667689
vt 0.539546 0.665623
vt 0.544562 0.663410
vt 0.543677 0.660902
vt 0.550759 0.659574
vt 0.550759 0.662525
vt 0.572154 0.672706
vt 0.572891 0.675066
vt 0.572891 0.677575
vt 0.572744 0.679640
vt 0.572006 0.681706
vt 0.570236 0.683772
vt 0.567580 0.686132
vt 0.563448 0.689083
vt 0.558432 0.691296
vt 0.552825 0.692182
vt 0.547366 0.691592
vt 0.542054 0.689821
vt 0.537332 0.686723
vt 0.533791 0.683181
vt 0.570088 0.686575
vt 0.564776 0.689821
vt 0.530693 0.678460
vt 0.530103 0.676542
vt 0.530103 0.674624
vt 0.530988 0.672558
vt 0.531873 0.680673
vt 0.529955 0.681263
vt 0.528627 0.678903
vt 0.532316 0.684509
vt 0.526709 0.682149
vt 0.525381 0.679050
vt 0.524939 0.676394
vt 0.528037 0.676689
vt 0.525234 0.673886
vt 0.528185 0.674329
vt 0.526414 0.670787
vt 0.529512 0.671820
vt 0.517119 0.684657
vt 0.515643 0.680673
vt 0.520955 0.679493
vt 0.522283 0.683181
vt 0.515348 0.676394
vt 0.515791 0.672411
vt 0.520807 0.673148
vt 0.520512 0.676247
vt 0.518004 0.667837
vt 0.522430 0.669460
vt 0.511512 0.685837
vt 0.510479 0.681411
vt 0.510184 0.676837
vt 0.510774 0.671968
vt 0.513135 0.665771
vt 0.506200 0.686870
vt 0.505758 0.682296
vt 0.511807 0.659279
vt 0.506200 0.667247
vt 0.506053 0.660902
vt 0.505462 0.677280
vt 0.505610 0.672263
vt 0.542644 0.657361
vt 0.550759 0.655738
vt 0.536005 0.660459
vt 0.537775 0.663705
vt 0.532316 0.663705
vt 0.534529 0.666214
vt 0.567137 0.658394
vt 0.573039 0.661787
vt 0.569645 0.664885
vt 0.564481 0.661935
vt 0.579236 0.679640
vt 0.578203 0.682001
vt 0.574514 0.681706
vt 0.575400 0.679640
vt 0.579974 0.673591
vt 0.579826 0.676837
vt 0.575695 0.677280
vt 0.575842 0.674476
vt 0.576285 0.684362
vt 0.573039 0.683919
vt 0.572596 0.687460
vt 0.566694 0.690559
vt 0.559907 0.693510
vt 0.559022 0.692329
vt 0.539693 0.692624
vt 0.533791 0.689378
vt 0.536152 0.687755
vt 0.541464 0.690854
vt 0.552972 0.694838
vt 0.552972 0.693215
vt 0.546333 0.694542
vt 0.547218 0.692772
vt 0.529365 0.685690
vt 0.524939 0.687165
vt 0.519479 0.689083
vt 0.513430 0.690706
vt 0.507085 0.691592
vt 0.531726 0.699116
vt 0.524201 0.694395
vt 0.529365 0.692034
vt 0.536447 0.695723
vt 0.541906 0.700887
vt 0.544562 0.697641
vt 0.561825 0.698969
vt 0.552235 0.700887
vt 0.552825 0.697641
vt 0.560940 0.695870
vt 0.571121 0.695428
vt 0.569203 0.692329
vt 0.590597 0.675361
vt 0.589416 0.679640
vt 0.583957 0.679493
vt 0.584695 0.676247
vt 0.587794 0.683329
vt 0.582777 0.682296
vt 0.590744 0.670640
vt 0.584990 0.672263
vt 0.584547 0.687165
vt 0.580416 0.685247
vt 0.578793 0.691296
vt 0.575842 0.688641
vt 0.572596 0.699264
vt 0.561973 0.703248
vt 0.581744 0.694542
vt 0.538218 0.705756
vt 0.524791 0.703838
vt 0.517266 0.696756
vt 0.596794 0.674329
vt 0.595171 0.679788
vt 0.592515 0.684804
vt 0.596941 0.668722
vt 0.588236 0.689673
vt 0.550464 0.705313
vt 0.595909 0.663115
vt 0.589712 0.665771
vt 0.508561 0.698083
vt 0.574072 0.703838
vt 0.562563 0.707969
vt 0.549874 0.710477
vt 0.536742 0.711658
vt 0.523021 0.711806
vt 0.510922 0.711806
vt 0.511217 0.704723
vt 0.549874 0.715789
vt 0.536152 0.717117
vt 0.575842 0.708412
vt 0.563301 0.712986
vt 0.521988 0.717560
vt 0.510479 0.717560
vt 0.602548 0.743971
vt 0.583072 0.753414
vt 0.576727 0.743676
vt 0.595614 0.736151
vt 0.563153 0.759758
vt 0.558432 0.749430
vt 0.543825 0.764037
vt 0.541169 0.753266
vt 0.603729 0.666951
vt 0.603433 0.673738
vt 0.601515 0.680378
vt 0.597679 0.686280
vt 0.592072 0.692772
vt 0.584252 0.698379
vt 0.602401 0.660312
vt 0.596204 0.695575
vt 0.586908 0.702362
vt 0.603581 0.688346
vt 0.608598 0.680968
vt 0.633533 0.718888
vt 0.619073 0.732167
vt 0.611991 0.725822
vt 0.626451 0.714166
vt 0.627631 0.739987
vt 0.610221 0.753119
vt 0.589416 0.728773
vt 0.605499 0.719921
vt 0.645484 0.703395
vt 0.651239 0.705904
vt 0.640615 0.724052
vt 0.695355 0.854778
vt 0.692699 0.880599
vt 0.636189 0.867762
vt 0.648730 0.844745
vt 0.503692 0.631540
vt 0.504134 0.634343
vt 0.514020 0.633310
vt 0.515496 0.636409
vt 0.511512 0.636999
vt 0.510479 0.634048
vt 0.517709 0.632130
vt 0.519184 0.634491
vt 0.512840 0.640688
vt 0.517119 0.639360
vt 0.521545 0.637442
vt 0.507823 0.637442
vt 0.504577 0.637589
vt 0.507085 0.634196
vt 0.505020 0.641573
vt 0.508708 0.641426
vt 0.506495 0.631688
vt 0.525676 0.634048
vt 0.522725 0.631835
vt 0.526267 0.627851
vt 0.528627 0.629327
vt 0.508856 0.623425
vt 0.507528 0.624605
vt 0.505905 0.621802
vt 0.507085 0.621507
vt 0.519184 0.624605
vt 0.518299 0.623425
vt 0.521840 0.619736
vt 0.522873 0.621802
vt 0.504872 0.624900
vt 0.502954 0.624753
vt 0.502807 0.621507
vt 0.504430 0.621655
vt 0.505610 0.618556
vt 0.506938 0.618703
vt 0.502659 0.617671
vt 0.504134 0.617966
vt 0.506348 0.615310
vt 0.507528 0.616048
vt 0.502807 0.613539
vt 0.504430 0.614277
vt 0.508413 0.612211
vt 0.509299 0.613835
vt 0.517119 0.613539
vt 0.512545 0.612359
vt 0.512397 0.610883
vt 0.517414 0.611474
vt 0.520512 0.615457
vt 0.518594 0.616343
vt 0.516824 0.614867
vt 0.510626 0.622540
vt 0.510331 0.623868
vt 0.509446 0.622392
vt 0.516086 0.621359
vt 0.517119 0.622097
vt 0.514168 0.623720
vt 0.513578 0.622392
vt 0.518447 0.618703
vt 0.519627 0.619294
vt 0.507971 0.621212
vt 0.507971 0.618703
vt 0.508561 0.616638
vt 0.510184 0.615015
vt 0.512692 0.614129
vt 0.514758 0.624900
vt 0.502954 0.627114
vt 0.503397 0.629179
vt 0.510922 0.625343
vt 0.509741 0.631540
vt 0.513135 0.631097
vt 0.516971 0.630212
vt 0.520365 0.628589
vt 0.521250 0.630212
vt 0.522873 0.626819
vt 0.524348 0.627261
vt 0.522725 0.615162
vt 0.536595 0.624458
vt 0.541464 0.616343
vt 0.549726 0.618261
vt 0.543824 0.626819
vt 0.502954 0.611031
vt 0.505315 0.611621
vt 0.516824 0.618556
vt 0.517266 0.616933
vt 0.516086 0.615753
vt 0.510922 0.615753
vt 0.509741 0.617228
vt 0.509594 0.620031
vt 0.510331 0.620769
vt 0.515496 0.620326
vt 0.509299 0.618703
vt 0.511512 0.621507
vt 0.512840 0.615162
vt 0.513578 0.620622
vt 0.503397 0.608670
vt 0.531283 0.590965
vt 0.529660 0.587719
vt 0.534086 0.581374
vt 0.536152 0.583292
vt 0.527889 0.562341
vt 0.521397 0.556144
vt 0.523021 0.553930
vt 0.528922 0.560865
vt 0.531431 0.566767
vt 0.532463 0.565587
vt 0.503249 0.599522
vt 0.502954 0.602916
vt 0.503397 0.606014
vt 0.513282 0.616490
vt 0.512250 0.616933
vt 0.514610 0.619441
vt 0.515643 0.618703
vt 0.514610 0.617080
vt 0.515496 0.617966
vt 0.510922 0.619736
vt 0.511069 0.620326
vt 0.510626 0.618851
vt 0.511954 0.620326
vt 0.513135 0.620179
vt 0.511217 0.617818
vt 0.511954 0.619589
vt 0.512987 0.619294
vt 0.514168 0.618703
vt 0.511659 0.618999
vt 0.512250 0.618408
vt 0.513430 0.617818
vt 0.531431 0.556586
vt 0.535710 0.561308
vt 0.524791 0.551275
vt 0.528185 0.585801
vt 0.532316 0.580489
vt 0.506053 0.606457
vt 0.506053 0.609113
vt 0.523758 0.591260
vt 0.522725 0.589932
vt 0.526857 0.584473
vt 0.521692 0.588899
vt 0.525676 0.583735
vt 0.524496 0.582850
vt 0.520512 0.587128
vt 0.519627 0.586243
vt 0.523758 0.581964
vt 0.518447 0.585210
vt 0.522430 0.580341
vt 0.516971 0.582997
vt 0.521693 0.578866
vt 0.530545 0.574439
vt 0.530988 0.572669
vt 0.532168 0.572226
vt 0.532316 0.574439
vt 0.529512 0.574292
vt 0.529365 0.573111
vt 0.526709 0.573702
vt 0.526267 0.573111
vt 0.528037 0.573111
vt 0.528480 0.573997
vt 0.524939 0.573554
vt 0.524939 0.573111
vt 0.524791 0.564554
vt 0.526119 0.563668
vt 0.529512 0.567800
vt 0.528037 0.568390
vt 0.523315 0.571046
vt 0.522873 0.568243
vt 0.525234 0.570751
vt 0.524053 0.572079
vt 0.530398 0.579604
vt 0.528922 0.579013
vt 0.527299 0.578423
vt 0.525086 0.577685
vt 0.526267 0.578423
vt 0.523758 0.576210
vt 0.536300 0.574439
vt 0.534382 0.574439
vt 0.534086 0.571341
vt 0.536005 0.570751
vt 0.523611 0.565587
vt 0.526856 0.568833
vt 0.523021 0.566619
vt 0.526119 0.569570
vt 0.506053 0.603211
vt 0.505905 0.600260
vt 0.508708 0.600850
vt 0.509299 0.604096
vt 0.515496 0.596867
vt 0.514905 0.595834
vt 0.518299 0.593030
vt 0.518889 0.594211
vt 0.514020 0.593621
vt 0.513282 0.591702
vt 0.516086 0.589637
vt 0.517119 0.591112
vt 0.509299 0.606900
vt 0.512987 0.606752
vt 0.512840 0.609260
vt 0.509151 0.609408
vt 0.517119 0.602178
vt 0.515938 0.598490
vt 0.519774 0.595391
vt 0.521397 0.598932
vt 0.508118 0.595981
vt 0.507823 0.593621
vt 0.510331 0.593178
vt 0.510774 0.595244
vt 0.508561 0.599522
vt 0.508266 0.598637
vt 0.511069 0.597752
vt 0.511659 0.598785
vt 0.505610 0.595686
vt 0.505462 0.593473
vt 0.505905 0.599080
vt 0.505905 0.598047
vt 0.503102 0.595244
vt 0.502954 0.593473
vt 0.503249 0.598342
vt 0.503249 0.597457
vt 0.512102 0.589784
vt 0.509741 0.590522
vt 0.507528 0.590522
vt 0.505020 0.590670
vt 0.503102 0.590670
vt 0.511954 0.600408
vt 0.519184 0.559832
vt 0.520070 0.558209
vt 0.516233 0.564406
vt 0.516971 0.561898
vt 0.517856 0.560865
vt 0.514168 0.550684
vt 0.513282 0.553488
vt 0.511954 0.555701
vt 0.511364 0.557029
vt 0.510774 0.558357
vt 0.510184 0.559242
vt 0.505167 0.555111
vt 0.505462 0.553635
vt 0.505905 0.551570
vt 0.507233 0.545373
vt 0.507676 0.542569
vt 0.516676 0.545815
vt 0.515791 0.548619
vt 0.506495 0.548471
vt 0.505020 0.558062
vt 0.505167 0.556881
vt 0.515791 0.566177
vt 0.509741 0.560127
vt 0.505020 0.558504
vt 0.507233 0.587571
vt 0.509151 0.587128
vt 0.504725 0.587276
vt 0.510331 0.586391
vt 0.529168 0.095516
vt 0.542898 0.111502
vt 0.547600 0.119213
vt 0.527287 0.099466
vt 0.502954 0.587276
vt 0.566407 0.129558
vt 0.564338 0.132191
vt 0.563774 0.126360
vt 0.564526 0.124668
vt 0.572425 0.113947
vt 0.570168 0.119966
vt 0.567912 0.116768
vt 0.570544 0.110938
vt 0.594054 0.083855
vt 0.598756 0.080282
vt 0.600824 0.082915
vt 0.596311 0.086677
vt 0.560576 0.132191
vt 0.554746 0.125796
vt 0.556815 0.121846
vt 0.560200 0.125232
vt 0.544214 0.124668
vt 0.529544 0.107553
vt 0.605714 0.075392
vt 0.610981 0.072007
vt 0.612861 0.074264
vt 0.607219 0.078025
vt 0.515627 0.095328
vt 0.514310 0.089498
vt 0.591045 0.086865
vt 0.592925 0.089874
vt 0.577127 0.100406
vt 0.580512 0.104167
vt 0.613237 0.084420
vt 0.608348 0.089498
vt 0.617375 0.079530
vt 0.517696 0.102663
vt 0.603269 0.093823
vt 0.600072 0.096644
vt 0.555310 0.135012
vt 0.549104 0.130686
vt 0.579572 0.118273
vt 0.576187 0.123915
vt 0.587283 0.109057
vt 0.538384 0.128805
vt 0.526723 0.116957
vt 0.568288 0.134636
vt 0.565090 0.137080
vt 0.543838 0.135012
vt 0.572801 0.137080
vt 0.565843 0.140278
vt 0.619820 0.075956
vt 0.627531 0.086488
vt 0.624898 0.089498
vt 0.620572 0.093071
vt 0.616247 0.097397
vt 0.514122 0.112067
vt 0.611921 0.101534
vt 0.608912 0.103979
vt 0.550608 0.138961
vt 0.589164 0.122223
vt 0.584462 0.127113
vt 0.596311 0.115264
vt 0.533682 0.132943
vt 0.523526 0.124668
vt 0.529356 0.141782
vt 0.522209 0.137269
vt 0.540264 0.138209
vt 0.576939 0.140466
vt 0.567159 0.143099
vt 0.633737 0.096268
vt 0.630916 0.098713
vt 0.627155 0.102099
vt 0.623017 0.105484
vt 0.511677 0.119590
vt 0.619068 0.108869
vt 0.616247 0.110938
vt 0.547600 0.141782
vt 0.597251 0.126548
vt 0.591985 0.131062
vt 0.604210 0.119966
vt 0.604586 0.134071
vt 0.598755 0.138021
vt 0.611733 0.129558
vt 0.629412 0.116769
vt 0.625650 0.119778
vt 0.527852 0.153819
vt 0.520705 0.149681
vt 0.536127 0.145168
vt 0.581077 0.146108
vt 0.568288 0.148365
vt 0.640132 0.109057
vt 0.636935 0.110750
vt 0.510549 0.146860
vt 0.511489 0.169805
vt 0.633549 0.113571
vt 0.508856 0.132002
vt 0.623017 0.121846
vt 0.544402 0.147801
vt 0.648972 0.132755
vt 0.645774 0.133695
vt 0.641449 0.136140
vt 0.636935 0.138585
vt 0.632045 0.141218
vt 0.629412 0.142347
vt 0.543838 0.157957
vt 0.534810 0.156076
vt 0.610604 0.149870
vt 0.604022 0.152315
vt 0.617939 0.147801
vt 0.530673 0.172250
vt 0.522209 0.170746
vt 0.584274 0.157393
vt 0.570168 0.158333
vt 0.537443 0.173755
vt 0.585778 0.175260
vt 0.571297 0.175260
vt 0.655178 0.164916
vt 0.651605 0.165668
vt 0.646150 0.167360
vt 0.641072 0.168489
vt 0.636182 0.169429
vt 0.633361 0.169994
vt 0.544214 0.174319
vt 0.614554 0.171498
vt 0.607783 0.172062
vt 0.620008 0.171310
vt 0.525971 0.766398
vt 0.525824 0.755627
vt 0.508413 0.538585
vt 0.517856 0.541832
vt 0.543972 0.573554
vt 0.539546 0.574439
vt 0.540431 0.569275
vt 0.543824 0.567947
vt 0.533201 0.552750
vt 0.538513 0.557914
vt 0.526856 0.546848
vt 0.511807 0.495354
vt 0.512692 0.486206
vt 0.528922 0.487092
vt 0.525529 0.497125
vt 0.634566 0.529142
vt 0.652271 0.540356
vt 0.645189 0.550389
vt 0.627041 0.540651
vt 0.579036 0.425736
vt 0.588450 0.429420
vt 0.585380 0.438424
vt 0.576376 0.433513
vt 0.582720 0.410797
vt 0.593157 0.417141
vt 0.591315 0.391151
vt 0.601343 0.399950
vt 0.606459 0.367411
vt 0.618329 0.374165
vt 0.628970 0.341216
vt 0.641249 0.351449
vt 0.653528 0.320342
vt 0.665193 0.328323
vt 0.562050 0.416527
vt 0.570032 0.420211
vt 0.567371 0.428806
vt 0.558776 0.425327
vt 0.566552 0.401792
vt 0.575557 0.406909
vt 0.572487 0.379281
vt 0.581287 0.385011
vt 0.583538 0.354109
vt 0.594589 0.360249
vt 0.603185 0.327914
vt 0.616282 0.334053
vt 0.629175 0.306221
vt 0.640021 0.312156
vt 0.672633 0.557619
vt 0.664223 0.567210
vt 0.534529 0.473517
vt 0.514610 0.472485
vt 0.521693 0.451385
vt 0.546923 0.454336
vt 0.509046 0.427783
vt 0.505362 0.429420
vt 0.505567 0.416732
vt 0.510069 0.414685
vt 0.505976 0.390741
vt 0.511092 0.390332
vt 0.506795 0.362295
vt 0.511297 0.362500
vt 0.534013 0.335486
vt 0.529102 0.363932
vt 0.519279 0.363114
vt 0.522553 0.332416
vt 0.517846 0.296398
vt 0.528692 0.300286
vt 0.513753 0.330370
vt 0.508432 0.329961
vt 0.509455 0.295170
vt 0.541176 0.302128
vt 0.511911 0.260380
vt 0.522962 0.263654
vt 0.539334 0.365774
vt 0.536469 0.390537
vt 0.528078 0.389513
vt 0.553864 0.268566
vt 0.538106 0.263654
vt 0.590496 0.320751
vt 0.615464 0.296807
vt 0.573511 0.348174
vt 0.564096 0.374165
vt 0.619073 0.522060
vt 0.611696 0.530913
vt 0.590302 0.764480
vt 0.605845 0.425122
vt 0.600729 0.435764
vt 0.678496 0.337328
vt 0.652915 0.361681
vt 0.630812 0.384193
vt 0.613417 0.409569
vt 0.619761 0.432285
vt 0.614236 0.442108
vt 0.690774 0.350835
vt 0.664784 0.372937
vt 0.626924 0.418164
vt 0.643501 0.396471
vt 0.633473 0.439857
vt 0.627947 0.448452
vt 0.700393 0.364546
vt 0.676449 0.386239
vt 0.641659 0.427578
vt 0.655984 0.408341
vt 0.644933 0.447838
vt 0.639612 0.455410
vt 0.709807 0.379690
vt 0.686272 0.399541
vt 0.653324 0.436787
vt 0.666421 0.420415
vt 0.653733 0.455820
vt 0.648003 0.462368
vt 0.716970 0.396881
vt 0.697323 0.413867
vt 0.662328 0.445383
vt 0.676244 0.430239
vt 0.662328 0.465029
vt 0.656189 0.471168
vt 0.722495 0.411002
vt 0.704691 0.425327
vt 0.670719 0.456024
vt 0.684635 0.442108
vt 0.669286 0.486312
vt 0.675835 0.480173
vt 0.679314 0.483857
vt 0.673175 0.490405
vt 0.714923 0.444973
vt 0.730476 0.434536
vt 0.734569 0.442517
vt 0.718402 0.451522
vt 0.684430 0.471987
vt 0.687705 0.475466
vt 0.696709 0.460322
vt 0.700188 0.464006
vt 0.796129 0.861713
vt 0.807786 0.883993
vt 0.754669 0.901698
vt 0.748767 0.875140
vt 0.820032 0.907010
vt 0.760128 0.928699
vt 0.772375 0.813760
vt 0.786096 0.839728
vt 0.744488 0.851237
vt 0.737406 0.824679
vt 0.742422 0.746626
vt 0.751275 0.767431
vt 0.728701 0.774956
vt 0.725160 0.752086
vt 0.761161 0.790005
vt 0.733422 0.798268
vt 0.661124 0.652492
vt 0.669682 0.651901
vt 0.665698 0.668869
vt 0.657731 0.668722
vt 0.660239 0.687165
vt 0.652419 0.685542
vt 0.673518 0.797383
vt 0.682666 0.774218
vt 0.703175 0.777611
vt 0.701405 0.801957
vt 0.662895 0.636114
vt 0.673371 0.635081
vt 0.805720 0.657656
vt 0.830065 0.662968
vt 0.825491 0.687755
vt 0.803654 0.679198
vt 0.698011 0.827925
vt 0.661272 0.821580
vt 0.855296 0.671820
vt 0.849542 0.698231
vt 0.635451 0.562783
vt 0.651681 0.578866
vt 0.596022 0.443745
vt 0.608710 0.450908
vt 0.624263 0.455410
vt 0.635724 0.460936
vt 0.644728 0.468508
vt 0.651891 0.475875
vt 0.584105 0.639803
vt 0.592662 0.646295
vt 0.586318 0.650869
vt 0.577760 0.645114
vt 0.575104 0.671673
vt 0.579236 0.670197
vt 0.570236 0.654115
vt 0.577023 0.658246
vt 0.584252 0.668132
vt 0.577318 0.666066
vt 0.581597 0.663558
vt 0.573629 0.649688
vt 0.581154 0.654852
vt 0.691371 0.584325
vt 0.676764 0.590817
vt 0.661862 0.597752
vt 0.524348 0.501404
vt 0.511364 0.499338
vt 0.539693 0.504797
vt 0.542792 0.499781
vt 0.562711 0.505387
vt 0.557694 0.510847
vt 0.569498 0.498158
vt 0.547956 0.491076
vt 0.581006 0.513207
vt 0.574957 0.518962
vt 0.588089 0.506715
vt 0.530739 0.425532
vt 0.523372 0.425736
vt 0.526237 0.413253
vt 0.534013 0.413253
vt 0.519074 0.390127
vt 0.554478 0.305607
vt 0.569827 0.272045
vt 0.544655 0.337532
vt 0.516004 0.426350
vt 0.517641 0.413457
vt 0.579088 0.488420
vt 0.556071 0.479272
vt 0.593400 0.475878
vt 0.609778 0.485616
vt 0.597237 0.497568
vt 0.603581 0.539471
vt 0.618631 0.550684
vt 0.547725 0.413457
vt 0.554478 0.414071
vt 0.550999 0.424099
vt 0.544041 0.424304
vt 0.557343 0.371504
vt 0.564915 0.343672
vt 0.578217 0.313998
vt 0.601138 0.289031
vt 0.642976 0.518814
vt 0.653304 0.506568
vt 0.668944 0.516158
vt 0.660239 0.529142
vt 0.700224 0.560865
vt 0.707454 0.542422
vt 0.728996 0.554668
vt 0.720881 0.571784
vt 0.627336 0.511289
vt 0.638550 0.499781
vt 0.680010 0.543750
vt 0.687093 0.528700
vt 0.743013 0.581669
vt 0.755702 0.566029
vt 0.735635 0.728036
vt 0.720733 0.732757
vt 0.729881 0.711953
vt 0.718668 0.715052
vt 0.682961 0.635524
vt 0.677354 0.651754
vt 0.836262 0.937109
vt 0.765145 0.966176
vt 0.692404 0.615605
vt 0.676617 0.615162
vt 0.819885 0.775693
vt 0.839508 0.792071
vt 0.816639 0.817154
vt 0.799081 0.795760
vt 0.763522 0.594063
vt 0.789638 0.580341
vt 0.968169 0.641131
vt 0.970087 0.627409
vt 0.984399 0.630950
vt 0.983071 0.643344
vt 0.938512 0.665771
vt 0.963743 0.667984
vt 0.957693 0.693657
vt 0.932020 0.690264
vt 0.911069 0.661197
vt 0.905757 0.684509
vt 0.890707 0.620474
vt 0.893658 0.605572
vt 0.919774 0.613687
vt 0.917118 0.628589
vt 0.861788 0.612359
vt 0.864296 0.596129
vt 0.831246 0.604834
vt 0.830951 0.587424
vt 0.797310 0.600112
vt 0.662942 0.479354
vt 0.658235 0.483857
vt 0.842754 0.725675
vt 0.820917 0.713576
vt 0.946332 0.727741
vt 0.971710 0.733790
vt 0.961677 0.773775
vt 0.934528 0.763299
vt 0.800704 0.702658
vt 0.872854 0.708560
vt 0.896609 0.716084
vt 0.886576 0.747807
vt 0.864739 0.737921
vt 0.785801 0.673001
vt 0.782998 0.691592
vt 0.775178 0.715789
vt 0.793916 0.726265
vt 0.782998 0.742790
vt 0.764997 0.728331
vt 0.834492 0.753561
vt 0.855148 0.767136
vt 0.813688 0.739544
vt 0.801441 0.759315
vt 0.919922 0.802252
vt 0.944562 0.815974
vt 0.919774 0.858615
vt 0.895723 0.840024
vt 0.874624 0.778792
vt 0.856919 0.807268
vt 0.831688 0.835597
vt 0.754521 0.738216
vt 0.769571 0.756807
vt 0.783588 0.775988
vt 0.865772 0.873222
vt 0.884953 0.900223
vt 0.558874 0.878533
vt 0.608745 0.910846
vt 0.591482 0.940060
vt 0.538660 0.896977
vt 0.616565 0.828515
vt 0.598565 0.845778
vt 0.598565 0.776136
vt 0.577170 0.786317
vt 0.569498 0.772742
vt 0.618778 0.762562
vt 0.635599 0.747217
vt 0.620696 0.890485
vt 0.687978 0.906567
vt 0.880084 0.680083
vt 0.512692 0.767726
vt 0.511807 0.757398
vt 0.555481 0.793989
vt 0.549136 0.778054
vt 0.626893 0.771267
vt 0.606384 0.786022
vt 0.643566 0.755037
vt 0.920954 0.722576
vt 0.666141 0.768759
vt 0.652271 0.789267
vt 0.634713 0.809924
vt 0.584548 0.798120
vt 0.572006 0.464370
vt 0.713061 0.588899
vt 0.732979 0.595244
vt 0.748472 0.605129
vt 0.773555 0.606605
vt 0.770899 0.667541
vt 0.767801 0.682444
vt 0.759833 0.705313
vt 0.751128 0.714314
vt 0.743898 0.722724
vt 0.616860 0.796940
vt 0.636927 0.779972
vt 0.653157 0.762414
vt 0.977170 0.696165
vt 0.595909 0.811547
vt 0.521988 0.821580
vt 0.516676 0.803875
vt 0.678086 0.464210
vt 0.691593 0.451522
vt 0.682814 0.931503
vt 0.674403 0.969127
vt 0.784326 0.636704
vt 0.785801 0.653229
vt 0.770899 0.652492
vt 0.769129 0.638917
vt 0.576875 0.862893
vt 0.550317 0.833089
vt 0.574809 0.823351
vt 0.513873 0.782923
vt 0.909888 0.755479
vt 0.669286 0.473215
vt 0.848066 0.853893
vt 0.530103 0.841204
vt 0.710216 0.435559
vt 0.726588 0.424099
vt 0.896757 0.790005
vt 0.875657 0.823203
vt 0.668263 0.495726
vt 0.664579 0.491429
vt 0.563301 0.807858
vt 0.509151 0.534159
vt 0.529955 0.661197
vt 0.526267 0.665033
vt 0.523315 0.663115
vt 0.527889 0.658836
vt 0.569940 0.523831
vt 0.554300 0.515126
vt 0.537628 0.508781
vt 0.523168 0.505535
vt 0.511069 0.503617
vt 0.551613 0.393606
vt 0.559390 0.396062
vt 0.756144 0.676984
vt 0.758358 0.665328
vt 0.749505 0.694395
vt 0.743308 0.702362
vt 0.528185 0.780267
vt 0.533201 0.800038
vt 0.539841 0.815974
vt 0.552677 0.686723
vt 0.548399 0.686870
vt 0.548546 0.686132
vt 0.552677 0.685690
vt 0.562268 0.681558
vt 0.562858 0.680083
vt 0.563743 0.681411
vt 0.562858 0.683034
vt 0.561530 0.682591
vt 0.561973 0.684067
vt 0.559465 0.684509
vt 0.559612 0.685837
vt 0.556514 0.685985
vt 0.556514 0.687165
vt 0.544120 0.685395
vt 0.537923 0.674329
vt 0.536152 0.675066
vt 0.537480 0.678312
vt 0.536890 0.676837
vt 0.538956 0.677575
vt 0.539103 0.678607
vt 0.535857 0.675952
vt 0.540873 0.671820
vt 0.539546 0.673001
vt 0.538956 0.672263
vt 0.540431 0.671230
vt 0.546333 0.669312
vt 0.542644 0.670492
vt 0.542497 0.669902
vt 0.546333 0.668722
vt 0.538218 0.679788
vt 0.550022 0.668574
vt 0.550022 0.668132
vt 0.540283 0.682591
vt 0.560350 0.671968
vt 0.557841 0.670345
vt 0.557989 0.669902
vt 0.560645 0.671673
vt 0.562711 0.675509
vt 0.562415 0.674329
vt 0.562563 0.673886
vt 0.563153 0.674771
vt 0.562711 0.678017
vt 0.562711 0.676689
vt 0.563596 0.676247
vt 0.563891 0.678017
vt 0.562711 0.678903
vt 0.564038 0.679493
vt 0.550022 0.672853
vt 0.546775 0.673296
vt 0.546333 0.669902
vt 0.550022 0.669312
vt 0.558284 0.675361
vt 0.556661 0.674329
vt 0.557251 0.671230
vt 0.559465 0.672853
vt 0.559169 0.678607
vt 0.559169 0.678165
vt 0.561087 0.678460
vt 0.561087 0.679050
vt 0.553268 0.682739
vt 0.556514 0.682001
vt 0.556219 0.684509
vt 0.541611 0.678460
vt 0.542349 0.679788
vt 0.540579 0.682001
vt 0.539398 0.679640
vt 0.543677 0.674476
vt 0.542939 0.671230
vt 0.559022 0.677870
vt 0.561235 0.677870
vt 0.558284 0.681116
vt 0.558727 0.682739
vt 0.541169 0.676984
vt 0.541464 0.677722
vt 0.542792 0.675066
vt 0.542202 0.675361
vt 0.540431 0.673443
vt 0.541316 0.672411
vt 0.559169 0.677575
vt 0.561235 0.676837
vt 0.559022 0.679935
vt 0.560202 0.680968
vt 0.540874 0.676394
vt 0.538513 0.676394
vt 0.559022 0.677280
vt 0.559022 0.676689
vt 0.561383 0.675066
vt 0.561530 0.676099
vt 0.559169 0.679345
vt 0.560793 0.680083
vt 0.540874 0.676099
vt 0.538808 0.675509
vt 0.545152 0.681558
vt 0.549431 0.682739
vt 0.544267 0.684952
vt 0.541169 0.675657
vt 0.539693 0.674329
vt 0.592368 0.657066
vt 0.598860 0.653229
vt 0.663928 0.618999
vt 0.711290 0.614425
vt 0.586465 0.660312
vt 0.573482 0.668574
vt 0.570088 0.670050
vt 0.567284 0.671378
vt 0.564629 0.672558
vt 0.563006 0.673148
vt 0.629175 0.263859
vt 0.646570 0.273273
vt 0.551408 0.227841
vt 0.571259 0.234799
vt 0.532785 0.225589
vt 0.591315 0.244212
vt 0.662124 0.283301
vt 0.674607 0.290463
vt 0.726588 0.345923
vt 0.731295 0.363114
vt 0.740504 0.415299
vt 0.742960 0.428397
vt 0.720858 0.331598
vt 0.745007 0.439243
vt 0.739072 0.400360
vt 0.712672 0.319523
vt 0.689342 0.299263
vt 0.702440 0.309291
vt 0.736821 0.384193
vt 0.734979 0.291896
vt 0.743369 0.302742
vt 0.754625 0.373551
vt 0.754625 0.392174
vt 0.723109 0.281459
vt 0.751964 0.350221
vt 0.751351 0.330984
vt 0.748281 0.316249
vt 0.755034 0.408546
vt 0.755853 0.424099
vt 0.757695 0.436378
vt 0.660487 0.238073
vt 0.677268 0.246668
vt 0.566962 0.196529
vt 0.591520 0.203487
vt 0.543018 0.193869
vt 0.615054 0.216585
vt 0.694458 0.259766
vt 0.709807 0.271226
vt 0.511297 0.223338
vt 0.519483 0.192641
vt 0.610757 0.254445
vt 0.585585 0.280435
vt 0.566961 0.308472
vt 0.555297 0.340807
vt 0.549157 0.368230
vt 0.545064 0.391560
vt 0.540971 0.413048
vt 0.537492 0.424713
vt 0.612876 0.504797
vt 0.624975 0.493141
vt 0.604171 0.514388
vt 0.596941 0.521913
vt 0.590007 0.528405
vt 0.583072 0.534307
vt 0.505905 0.629327
vt 0.539103 0.565292
vt 0.541759 0.563226
vt 0.534086 0.568095
vt 0.530693 0.570013
vt 0.532611 0.568980
vt 0.529217 0.570456
vt 0.528037 0.570456
vt 0.527152 0.570898
vt 0.525971 0.571784
vt 0.524496 0.572669
vt 0.562457 0.132191
vt 0.561893 0.125796
vt 0.560200 0.135952
vt 0.557943 0.138961
vt 0.557003 0.141406
vt 0.555875 0.146860
vt 0.557003 0.157016
vt 0.557567 0.174131
vt 0.594054 0.154383
vt 0.596687 0.173191
vt 0.589728 0.141782
vt 0.584274 0.135388
vt 0.578444 0.131814
vt 0.572049 0.128993
vt 0.568288 0.124668
vt 0.566031 0.120718
vt 0.526119 0.575915
vt 0.524643 0.574587
vt 0.527299 0.576505
vt 0.528332 0.576653
vt 0.529512 0.576505
vt 0.531578 0.576653
vt 0.533644 0.576505
vt 0.535414 0.577243
vt 0.539103 0.578423
vt 0.542202 0.579309
vt 0.509004 0.629327
vt 0.512397 0.629032
vt 0.638384 0.228250
vt 0.508266 0.627261
vt 0.511512 0.627114
vt 0.516676 0.628294
vt 0.520217 0.626671
vt 0.538513 0.585801
vt 0.523168 0.624458
vt 0.614942 0.681116
vt 0.622467 0.681411
vt 0.615975 0.691887
vt 0.609335 0.690116
vt 0.606237 0.701625
vt 0.600925 0.698674
vt 0.594285 0.710035
vt 0.590154 0.706199
vt 0.577908 0.712838
vt 0.580711 0.717560
vt 0.566104 0.722871
vt 0.564334 0.717855
vt 0.551054 0.726560
vt 0.550317 0.721101
vt 0.536742 0.729216
vt 0.536152 0.723019
vt 0.523021 0.730544
vt 0.522725 0.723904
vt 0.510331 0.730986
vt 0.510331 0.724052
vt 0.525381 0.622982
vt 0.527742 0.621949
vt 0.551054 0.641131
vt 0.539103 0.647327
vt 0.534824 0.644229
vt 0.543677 0.637884
vt 0.525824 0.656180
vt 0.520365 0.660459
vt 0.517856 0.655738
vt 0.523315 0.652197
vt 0.505462 0.647180
vt 0.509741 0.646442
vt 0.510774 0.652344
vt 0.505905 0.653524
vt 0.531431 0.652049
vt 0.528775 0.648508
vt 0.524939 0.618408
vt 0.540579 0.650426
vt 0.541464 0.653525
vt 0.534234 0.657361
vt 0.533201 0.654705
vt 0.510627 0.738954
vt 0.523758 0.737921
vt 0.537775 0.736003
vt 0.552677 0.733052
vt 0.517414 0.609408
vt 0.528037 0.614425
vt 0.523611 0.609998
vt 0.505315 0.627261
vt 0.533349 0.594211
vt 0.537775 0.671820
vt 0.536447 0.671230
vt 0.535267 0.670640
vt 0.533939 0.669755
vt 0.529512 0.667099
vt 0.532168 0.668722
vt 0.568613 0.728626
vt 0.531283 0.622835
vt 0.550759 0.647180
vt 0.584400 0.722576
vt 0.510922 0.519552
vt 0.510036 0.526782
vt 0.550759 0.651459
vt 0.515791 0.626523
vt 0.625418 0.670935
vt 0.617450 0.671820
vt 0.518594 0.537110
vt 0.534382 0.615015
vt 0.528332 0.541389
vt 0.537037 0.546848
vt 0.544415 0.552602
vt 0.528037 0.636704
vt 0.532168 0.631392
vt 0.549431 0.558209
vt 0.550612 0.565144
vt 0.550169 0.572521
vt 0.547366 0.580046
vt 0.542792 0.587719
vt 0.537037 0.596719
vt 0.546480 0.607933
vt 0.538365 0.606605
vt 0.542939 0.598342
vt 0.551349 0.599522
vt 0.599302 0.714609
vt 0.613024 0.705461
vt 0.623500 0.694395
vt 0.630877 0.682296
vt 0.622762 0.622687
vt 0.613172 0.612064
vt 0.624238 0.602473
vt 0.633385 0.615457
vt 0.634271 0.670050
vt 0.635303 0.658098
vt 0.626303 0.660164
vt 0.624680 0.649688
vt 0.633828 0.646147
vt 0.620401 0.639507
vt 0.629697 0.634196
vt 0.613614 0.629622
vt 0.604319 0.620326
vt 0.593695 0.547438
vt 0.511217 0.508781
vt 0.511659 0.513060
vt 0.560793 0.581079
vt 0.553710 0.580636
vt 0.556956 0.571341
vt 0.564186 0.570161
vt 0.515938 0.650131
vt 0.520512 0.521470
vt 0.521840 0.514978
vt 0.557251 0.562193
vt 0.564924 0.558799
vt 0.554448 0.539618
vt 0.544267 0.531208
vt 0.547661 0.525454
vt 0.559760 0.533864
vt 0.531873 0.525306
vt 0.534234 0.518519
vt 0.561678 0.548619
vt 0.568613 0.543750
vt 0.573186 0.555553
vt 0.522578 0.510847
vt 0.535414 0.514093
vt 0.596794 0.627704
vt 0.605794 0.635671
vt 0.639877 0.629032
vt 0.612286 0.644229
vt 0.616565 0.653377
vt 0.521102 0.647623
vt 0.526119 0.644377
vt 0.617893 0.662525
vt 0.644894 0.655885
vt 0.654042 0.654115
vt 0.651386 0.669312
vt 0.642976 0.669607
vt 0.646665 0.684509
vt 0.639140 0.683181
vt 0.610516 0.673001
vt 0.611106 0.665033
vt 0.609630 0.656918
vt 0.605646 0.648803
vt 0.599155 0.640836
vt 0.590449 0.634048
vt 0.643861 0.642458
vt 0.654190 0.639212
vt 0.511069 0.746036
vt 0.524643 0.745741
vt 0.539103 0.743823
vt 0.555038 0.740430
vt 0.572006 0.735413
vt 0.637959 0.700002
vt 0.630730 0.697198
vt 0.619811 0.709740
vt 0.651386 0.623572
vt 0.645927 0.607342
vt 0.636927 0.591260
vt 0.601368 0.603506
vt 0.610811 0.591702
vt 0.570235 0.581079
vt 0.573334 0.568685
vt 0.519184 0.529142
vt 0.550169 0.545963
vt 0.540579 0.539176
vt 0.529808 0.533274
vt 0.555186 0.553635
vt 0.550169 0.520437
vt 0.531283 0.640098
vt 0.537332 0.634343
vt 0.552972 0.629179
vt 0.559169 0.620917
vt 0.556218 0.590522
vt 0.548546 0.589046
vt 0.565071 0.528552
vt 0.575695 0.539028
vt 0.582629 0.551865
vt 0.586465 0.566472
vt 0.603876 0.565144
vt 0.622172 0.577685
vt 0.593105 0.613097
vt 0.523758 0.640540
vt 0.518889 0.643196
vt 0.514168 0.644967
vt 0.532758 0.605129
vt 0.966399 0.653229
vt 0.981743 0.654852
vt 0.980268 0.669017
vt 0.943086 0.636262
vt 0.941021 0.649836
vt 0.914019 0.643491
vt 0.885248 0.656033
vt 0.888051 0.636704
vt 0.859280 0.648360
vt 0.862230 0.629327
vt 0.831688 0.641573
vt 0.832426 0.621802
vt 0.804245 0.635966
vt 0.802622 0.617671
vt 0.780342 0.620917
vt 0.764702 0.625933
vt 0.758800 0.614867
vt 0.945742 0.621359
vt 0.565809 0.591702
vt 0.576580 0.593621
vt 0.570530 0.603801
vt 0.560793 0.601145
vt 0.555628 0.609998
vt 0.582334 0.581227
vt 0.581596 0.607490
vt 0.588531 0.597162
vt 0.568907 0.624163
vt 0.579531 0.628146
vt 0.573334 0.635081
vt 0.561678 0.632130
vt 0.596351 0.583882
vt 0.566252 0.641573
vt 0.563006 0.646737
vt 0.561087 0.651459
vt 0.559317 0.656180
vt 0.557841 0.660017
vt 0.556661 0.662820
vt 0.555628 0.665033
vt 0.554596 0.666509
vt 0.554300 0.667837
vt 0.554153 0.673296
vt 0.554005 0.669902
vt 0.554153 0.668869
vt 0.554153 0.668427
vt 0.586465 0.620769
vt 0.564924 0.612507
vt 0.575104 0.616048
vt 0.529070 0.602326
vt 0.527152 0.598342
vt 0.525529 0.594211
vt 0.512840 0.603801
vt 0.522430 0.603949
vt 0.514758 0.588309
vt 0.513578 0.584768
vt 0.517414 0.605867
vt 0.583521 0.094199
vt 0.585967 0.097397
vt 0.594054 0.103039
vt 0.603081 0.109622
vt 0.610416 0.116392
vt 0.617375 0.126736
vt 0.623581 0.145732
vt 0.626027 0.170558
vt 0.736963 0.707674
vt 0.648583 0.729954
vt 0.656550 0.736593
vt 0.665108 0.743085
vt 0.675879 0.748692
vt 0.688863 0.752971
vt 0.683109 0.730396
vt 0.693289 0.733642
vt 0.658911 0.710477
vt 0.665846 0.717855
vt 0.673223 0.724494
vt 0.688125 0.714166
vt 0.696240 0.717265
vt 0.669535 0.688641
vt 0.674551 0.700444
vt 0.680305 0.708264
vt 0.753046 0.633458
vt 0.747439 0.624605
vt 0.758210 0.653967
vt 0.756587 0.643639
vt 0.740505 0.618556
vt 0.728258 0.613539
vt 0.705241 0.718150
vt 0.704651 0.734970
vt 0.703765 0.754299
vt 0.673223 0.668279
vt 0.718963 0.703985
vt 0.725012 0.698969
vt 0.743898 0.677280
vt 0.746997 0.665181
vt 0.688863 0.638180
vt 0.683109 0.651311
vt 0.727668 0.684952
vt 0.724422 0.687018
vt 0.721619 0.682886
vt 0.722946 0.680821
vt 0.712028 0.622982
vt 0.698454 0.625786
vt 0.738144 0.633310
vt 0.732242 0.627409
vt 0.682961 0.672706
vt 0.684437 0.662230
vt 0.687830 0.660754
vt 0.686798 0.669312
vt 0.732390 0.639360
vt 0.735340 0.646590
vt 0.726930 0.651606
vt 0.724717 0.644672
vt 0.685174 0.695575
vt 0.691666 0.700887
vt 0.679568 0.664591
vt 0.705536 0.697198
vt 0.698749 0.695723
vt 0.701405 0.693362
vt 0.707897 0.691592
vt 0.712323 0.627851
vt 0.718815 0.629769
vt 0.717192 0.634196
vt 0.711880 0.631540
vt 0.693437 0.692919
vt 0.694027 0.688788
vt 0.746849 0.656328
vt 0.723979 0.632720
vt 0.721176 0.637589
vt 0.684584 0.681263
vt 0.687683 0.676689
vt 0.731061 0.681263
vt 0.724127 0.678312
vt 0.730324 0.695428
vt 0.692109 0.640393
vt 0.700814 0.630802
vt 0.702290 0.633901
vt 0.694175 0.642606
vt 0.737554 0.653524
vt 0.737554 0.658689
vt 0.728701 0.662230
vt 0.728111 0.657066
vt 0.694027 0.679493
vt 0.697421 0.683919
vt 0.690191 0.683034
vt 0.709520 0.636704
vt 0.702733 0.638917
vt 0.694027 0.653082
vt 0.691962 0.660164
vt 0.690191 0.651606
vt 0.724569 0.655148
vt 0.721914 0.646737
vt 0.703027 0.688788
vt 0.696830 0.646442
vt 0.721619 0.679640
vt 0.722651 0.677427
vt 0.714536 0.638475
vt 0.691076 0.667247
vt 0.691666 0.673886
vt 0.718815 0.683772
vt 0.720586 0.681263
vt 0.720143 0.684804
vt 0.724274 0.673886
vt 0.725455 0.669460
vt 0.727520 0.668869
vt 0.725897 0.674181
vt 0.725897 0.664443
vt 0.718963 0.641868
vt 0.707749 0.688641
vt 0.725307 0.659869
vt 0.714536 0.686575
vt 0.714536 0.688936
vt 0.702733 0.685247
vt 0.707159 0.686870
vt 0.724127 0.665181
vt 0.723389 0.660459
vt 0.713946 0.685395
vt 0.718077 0.683034
vt 0.694913 0.659574
vt 0.694027 0.665918
vt 0.720438 0.649098
vt 0.717487 0.644229
vt 0.695945 0.677132
vt 0.698601 0.681411
vt 0.708782 0.640688
vt 0.703175 0.643049
vt 0.696683 0.653377
vt 0.722651 0.656475
vt 0.698159 0.649246
vt 0.720733 0.678755
vt 0.721766 0.676247
vt 0.713503 0.641573
vt 0.694175 0.671820
vt 0.719848 0.680821
vt 0.722799 0.673296
vt 0.724127 0.668869
vt 0.695945 0.670345
vt 0.695945 0.664885
vt 0.696978 0.664295
vt 0.697126 0.669312
vt 0.712618 0.644967
vt 0.716012 0.647327
vt 0.715274 0.648803
vt 0.712028 0.646590
vt 0.719995 0.678017
vt 0.718963 0.680230
vt 0.718225 0.679935
vt 0.718668 0.677132
vt 0.700519 0.651164
vt 0.703618 0.648360
vt 0.703618 0.651164
vt 0.701847 0.652934
vt 0.706274 0.683624
vt 0.703765 0.682444
vt 0.704060 0.681263
vt 0.706569 0.682591
vt 0.721176 0.661197
vt 0.721619 0.664443
vt 0.720881 0.664443
vt 0.720438 0.661197
vt 0.696830 0.659279
vt 0.698011 0.659131
vt 0.718520 0.651016
vt 0.720438 0.657951
vt 0.719700 0.658098
vt 0.717782 0.651754
vt 0.699339 0.679050
vt 0.700224 0.677427
vt 0.720143 0.675214
vt 0.719553 0.674771
vt 0.708339 0.643786
vt 0.708339 0.646295
vt 0.701109 0.656033
vt 0.699044 0.659279
vt 0.699634 0.655295
vt 0.702733 0.654410
vt 0.714536 0.680673
vt 0.716602 0.679050
vt 0.715126 0.681263
vt 0.719848 0.670492
vt 0.720290 0.666656
vt 0.720881 0.666804
vt 0.720438 0.671082
vt 0.720143 0.664591
vt 0.711880 0.681263
vt 0.712176 0.682296
vt 0.717340 0.652787
vt 0.714831 0.649983
vt 0.699339 0.672411
vt 0.700962 0.676247
vt 0.698306 0.673738
vt 0.708487 0.649098
vt 0.703913 0.652787
vt 0.707159 0.656918
vt 0.708634 0.656918
vt 0.709224 0.658689
vt 0.707897 0.658689
vt 0.701552 0.665476
vt 0.701405 0.662672
vt 0.702880 0.662377
vt 0.703027 0.664738
vt 0.710257 0.672263
vt 0.711585 0.672263
vt 0.712913 0.674181
vt 0.711585 0.674624
vt 0.706569 0.658836
vt 0.705831 0.657066
vt 0.713651 0.664295
vt 0.713061 0.662230
vt 0.714241 0.661049
vt 0.715274 0.663558
vt 0.714979 0.672115
vt 0.714094 0.673443
vt 0.712618 0.671820
vt 0.713503 0.671230
vt 0.713799 0.667689
vt 0.713651 0.666066
vt 0.715717 0.665771
vt 0.715864 0.667837
vt 0.710700 0.657361
vt 0.710553 0.658836
vt 0.705536 0.658836
vt 0.704946 0.658984
vt 0.703618 0.658246
vt 0.704651 0.657656
vt 0.714094 0.669164
vt 0.715717 0.669607
vt 0.707749 0.674919
vt 0.705241 0.673886
vt 0.705683 0.670345
vt 0.706716 0.671673
vt 0.717340 0.665623
vt 0.717487 0.667837
vt 0.717192 0.670050
vt 0.714094 0.676099
vt 0.712618 0.676837
vt 0.700224 0.666509
vt 0.700077 0.663115
vt 0.702585 0.667984
vt 0.701257 0.669755
vt 0.707011 0.655295
vt 0.709372 0.654852
vt 0.716454 0.673001
vt 0.715422 0.674919
vt 0.702585 0.657361
vt 0.703765 0.656475
vt 0.703913 0.676542
vt 0.702437 0.673591
vt 0.703618 0.670492
vt 0.714979 0.656623
vt 0.716012 0.659721
vt 0.713208 0.658689
vt 0.702437 0.659721
vt 0.701257 0.659574
vt 0.705241 0.656033
vt 0.713651 0.655000
vt 0.710110 0.674919
vt 0.709962 0.677427
vt 0.716897 0.662820
vt 0.706274 0.677427
vt 0.696978 0.675214
vt 0.697863 0.654557
vt 0.687978 0.687755
vt 0.718963 0.658836
vt 0.717340 0.658836
vt 0.716454 0.653820
vt 0.704208 0.680230
vt 0.701552 0.675066
vt 0.704356 0.679198
vt 0.718815 0.674329
vt 0.717930 0.676984
vt 0.716897 0.676247
vt 0.718077 0.674034
vt 0.711585 0.648360
vt 0.711143 0.650869
vt 0.707602 0.652197
vt 0.698011 0.668427
vt 0.698011 0.663853
vt 0.698896 0.663410
vt 0.699044 0.667541
vt 0.714389 0.651754
vt 0.715274 0.678312
vt 0.704503 0.654115
vt 0.703175 0.655443
vt 0.706421 0.681411
vt 0.706716 0.680230
vt 0.719700 0.661345
vt 0.719258 0.665328
vt 0.718225 0.662230
vt 0.700077 0.659279
vt 0.700372 0.671230
vt 0.721323 0.666951
vt 0.704946 0.668279
vt 0.703765 0.659721
vt 0.709077 0.672411
vt 0.721028 0.671378
vt 0.717044 0.682149
vt 0.712323 0.683329
vt 0.712028 0.660164
vt 0.703913 0.666656
vt 0.705093 0.665033
vt 0.705979 0.667247
vt 0.704503 0.664148
vt 0.704356 0.662377
vt 0.705241 0.660754
vt 0.705831 0.660607
vt 0.706716 0.660754
vt 0.707749 0.660902
vt 0.708930 0.660902
vt 0.709962 0.660754
vt 0.710848 0.660459
vt 0.711585 0.661639
vt 0.712028 0.663263
vt 0.712028 0.665033
vt 0.711880 0.666509
vt 0.711880 0.667689
vt 0.712175 0.668722
vt 0.711733 0.669902
vt 0.710995 0.670197
vt 0.710110 0.670345
vt 0.709077 0.670492
vt 0.708192 0.670640
vt 0.706864 0.669902
vt 0.706421 0.668722
vt 0.710848 0.665476
vt 0.710700 0.666509
vt 0.707306 0.667984
vt 0.706864 0.666804
vt 0.711585 0.679935
vt 0.710847 0.663705
vt 0.710700 0.662230
vt 0.706126 0.664738
vt 0.707602 0.664738
vt 0.707897 0.666509
vt 0.708930 0.667837
vt 0.708192 0.667837
vt 0.708782 0.666509
vt 0.705831 0.663558
vt 0.707454 0.663410
vt 0.706274 0.662230
vt 0.707306 0.662230
vt 0.708487 0.662377
vt 0.708634 0.663558
vt 0.708634 0.664885
vt 0.709667 0.663705
vt 0.709815 0.665328
vt 0.709815 0.666509
vt 0.709815 0.667837
vt 0.710700 0.667837
vt 0.709520 0.662377
vt 0.702142 0.656770
vt 0.713651 0.679050
vt 0.718963 0.670197
vt 0.719258 0.667689
vt 0.721323 0.690559
vt 0.715421 0.695723
vt 0.736816 0.666214
vt 0.735340 0.675804
vt 0.687388 0.651311
vt 0.734603 0.690706
vt 0.678092 0.678312
vt 0.742275 0.640688
vt 0.706716 0.704723
vt 0.697716 0.703690
vt 0.722061 0.622245
vt 0.680748 0.688493
vt 0.739176 0.685542
vt 0.745078 0.648951
vt 0.616435 0.070878
vt 0.614742 0.068057
s 0
usemtl Mat-LowPolyFemale
f 1/1/1 2/2/1 3/3/1 4/4/1
f 5/5/2 6/6/2 7/7/2 8/8/2
f 9/9/3 1/1/3 6/6/3 10/10/3
f 10/10/4 6/6/4 5/5/4 11/11/4
f 12/12/5 10/10/5 11/11/5 13/13/5
f 14/14/6 9/9/6 10/10/6 12/12/6
f 15/15/7 12/12/7 13/13/7 16/16/7
f 17/17/8 14/14/8 12/12/8 15/15/8
f 18/18/9 15/15/9 16/16/9 19/19/9
f 20/20/10 17/17/10 15/15/10 18/18/10
f 21/21/11 18/18/11 19/19/11 22/22/11
f 23/23/12 20/20/12 18/18/12 21/21/12
f 24/24/13 21/21/13 22/22/13 25/25/13
f 26/26/14 23/23/14 21/21/14 24/24/14
f 27/27/15 24/24/15 25/25/15 28/28/15
f 29/29/16 26/26/16 24/24/16 27/27/16
f 30/30/17 27/27/17 28/28/17 31/31/17
f 32/32/18 29/29/18 27/27/18 30/30/18
f 33/33/19 30/30/19 31/31/19 34/34/19
f 35/35/20 32/32/20 30/30/20 33/33/20
f 36/36/21 37/37/21 38/38/21 39/39/21
f 40/40/22 41/41/22 37/37/22 36/36/22
f 42/42/23 43/43/23 44/44/23 45/45/23
f 45/45/24 44/44/24 46/46/24 47/47/24
f 48/48/25 42/42/25 45/45/25 49/49/25
f 49/49/26 45/45/26 47/47/26 50/50/26
f 51/51/27 48/48/27 49/49/27 52/52/27
f 52/52/28 49/49/28 50/50/28 53/53/28
f 54/54/29 4/4/29 3/3/29 55/55/29
f 56/56/30 8/8/30 7/7/30 57/57/30
f 58/58/31 56/56/31 57/57/31 59/59/31
f 60/60/32 54/54/32 55/55/32 61/61/32
f 62/62/33 58/58/33 59/59/33 63/63/33
f 64/64/34 60/60/34 61/61/34 65/65/34
f 66/66/35 62/62/35 63/63/35 67/67/35
f 68/68/36 64/64/36 65/65/36 69/69/36
f 70/70/37 71/71/37 72/72/37 73/73/37
f 74/74/38 75/75/38 76/76/38 77/77/38
f 78/78/39 70/70/39 73/73/39 79/79/39
f 80/80/40 74/74/40 77/77/40 81/81/40
f 82/82/41 78/78/41 79/79/41 83/83/41
f 84/84/42 80/80/42 81/81/42 85/85/42
f 86/86/43 39/39/43 38/38/43 87/87/43
f 88/88/44 53/53/44 50/50/44 89/89/44
f 89/89/45 50/50/45 47/47/45 90/90/45
f 90/90/46 91/91/46 92/92/46 93/93/46
f 94/94/47 34/34/47 31/31/47 95/95/47
f 95/95/48 31/31/48 28/28/48 96/96/48
f 96/96/49 28/28/49 25/25/49 97/97/49
f 97/97/50 25/25/50 22/22/50 98/98/50
f 98/98/51 22/22/51 19/19/51 99/99/51
f 99/99/52 19/19/52 16/16/52 100/100/52
f 101/101/53 13/13/53 11/11/53 102/102/53
f 103/103/54 5/5/54 8/8/54 104/104/54
f 104/104/55 8/8/55 56/56/55 105/105/55
f 102/102/56 11/11/56 5/5/56 103/103/56
f 106/106/57 58/58/57 62/62/57 107/107/57
f 105/105/58 56/56/58 58/58/58 106/106/58
f 100/100/59 101/101/59 108/108/59 109/109/59
f 110/110/60 71/71/60 70/70/60 111/111/60
f 111/111/61 70/70/61 78/78/61 112/112/61
f 112/112/62 78/78/62 82/82/62 113/113/62
f 114/114/63 110/110/63 115/115/63 116/116/63
f 71/71/64 66/66/64 67/67/64 72/72/64
f 75/75/65 68/68/65 69/69/65 76/76/65
f 107/107/66 114/114/66 116/116/66 117/117/66
f 118/118/67 116/116/67 115/115/67 119/119/67
f 119/119/68 115/115/68 120/120/68 121/121/68
f 121/121/69 120/120/69 122/122/69 123/123/69
f 123/123/70 122/122/70 124/124/70 125/125/70
f 126/126/71 127/127/71 128/128/71 129/129/71
f 130/130/72 131/131/72 132/132/72 133/133/72
f 133/133/73 132/132/73 134/134/73 135/135/73
f 129/129/74 128/128/74 131/131/74 130/130/74
f 136/136/75 126/126/75 129/129/75 137/137/75
f 137/137/76 129/129/76 130/130/76 138/138/76
f 138/138/77 130/130/77 133/133/77 139/139/77
f 139/139/78 133/133/78 135/135/78 140/140/78
f 141/141/79 136/136/79 137/137/79 142/142/79
f 143/143/80 144/144/80 145/145/80 140/140/80
f 142/142/81 137/137/81 138/138/81 146/146/81
f 146/146/82 138/138/82 139/139/82 147/147/82
f 147/147/83 139/139/83 140/140/83 145/145/83
f 148/148/84 141/141/84 142/142/84 149/149/84
f 144/144/85 150/150/85 151/151/85 145/145/85
f 149/149/86 142/142/86 146/146/86 152/152/86
f 152/152/87 146/146/87 147/147/87 153/153/87
f 153/153/88 147/147/88 145/145/88 151/151/88
f 92/92/89 154/154/89 155/155/89 93/93/89
f 156/156/90 157/157/90 93/93/90 155/155/90
f 158/158/91 159/159/91 157/157/91 156/156/91
f 160/160/92 161/161/92 162/162/92 163/163/92
f 164/164/93 165/165/93 166/166/93 167/167/93
f 168/168/94 169/169/94 170/170/94 171/171/94
f 167/167/95 166/166/95 172/172/95 173/173/95
f 171/171/96 170/170/96 165/165/96 164/164/96
f 173/173/97 172/172/97 109/109/97 174/174/97
f 175/175/98 108/108/98 176/176/98 177/177/98
f 178/178/99 179/179/99 180/180/99 181/181/99
f 177/177/100 176/176/100 182/182/100 183/183/100
f 184/184/101 185/185/101 179/179/101 178/178/101
f 181/181/102 180/180/102 117/117/102 186/186/102
f 183/183/103 182/182/103 185/185/103 184/184/103
f 118/118/104 186/186/104 117/117/104 116/116/104
f 109/109/105 108/108/105 175/175/105 174/174/105
f 127/127/106 126/126/106 187/187/106 188/188/106
f 126/126/107 136/136/107 189/189/107 187/187/107
f 136/136/108 141/141/108 190/190/108 189/189/108
f 141/141/109 148/148/109 191/191/109 190/190/109
f 192/192/110 193/193/110 194/194/110 195/195/110
f 196/196/111 197/197/111 193/193/111 192/192/111
f 198/198/112 199/199/112 200/200/112 201/201/112
f 202/202/113 203/203/113 199/199/113 198/198/113
f 201/201/114 200/200/114 197/197/114 196/196/114
f 188/188/115 187/187/115 195/195/115 194/194/115
f 204/204/116 205/205/116 206/206/116 207/207/116
f 207/207/117 206/206/117 208/208/117 209/209/117
f 210/210/118 211/211/118 205/205/118 204/204/118
f 209/209/119 208/208/119 212/212/119 213/213/119
f 213/213/120 212/212/120 214/214/120 215/215/120
f 203/203/121 202/202/121 215/215/121 214/214/121
f 216/216/122 202/202/122 198/198/122 217/217/122
f 202/202/123 216/216/123 218/218/123 215/215/123
f 219/219/124 196/196/124 192/192/124 220/220/124
f 220/220/125 192/192/125 195/195/125 221/221/125
f 222/222/126 204/204/126 207/207/126 223/223/126
f 223/223/127 207/207/127 209/209/127 224/224/127
f 225/225/128 210/210/128 204/204/128 222/222/128
f 224/224/129 209/209/129 213/213/129 226/226/129
f 227/227/130 201/201/130 196/196/130 219/219/130
f 228/228/131 229/229/131 210/210/131 225/225/131
f 226/226/132 213/213/132 215/215/132 218/218/132
f 217/217/133 198/198/133 201/201/133 227/227/133
f 187/187/134 189/189/134 221/221/134 195/195/134
f 189/189/135 190/190/135 230/230/135 221/221/135
f 190/190/136 191/191/136 231/231/136 230/230/136
f 232/232/137 216/216/137 217/217/137 233/233/137
f 233/233/138 217/217/138 227/227/138 234/234/138
f 234/234/139 227/227/139 219/219/139 235/235/139
f 236/236/140 230/230/140 231/231/140 237/237/140
f 238/238/141 220/220/141 236/236/141 239/239/141
f 240/240/142 234/234/142 235/235/142 241/241/142
f 220/220/143 221/221/143 230/230/143 236/236/143
f 242/242/144 232/232/144 233/233/144 243/243/144
f 239/239/145 236/236/145 237/237/145 244/244/145
f 243/243/146 233/233/146 234/234/146 240/240/146
f 245/245/147 238/238/147 239/239/147 246/246/147
f 246/246/148 239/239/148 244/244/148 247/247/148
f 248/248/149 249/249/149 250/250/149 251/251/149
f 251/251/150 250/250/150 252/252/150 253/253/150
f 253/253/151 252/252/151 254/254/151 255/255/151
f 256/256/152 225/225/152 222/222/152 257/257/152
f 258/258/153 223/223/153 224/224/153 259/259/153
f 257/257/154 222/222/154 223/223/154 258/258/154
f 260/260/155 226/226/155 218/218/155 261/261/155
f 262/262/156 228/228/156 225/225/156 256/256/156
f 259/259/157 224/224/157 226/226/157 260/260/157
f 263/263/158 260/260/158 261/261/158 264/264/158
f 265/265/159 259/259/159 260/260/159 263/263/159
f 266/266/160 258/258/160 259/259/160 265/265/160
f 232/232/161 261/261/161 218/218/161 216/216/161
f 232/232/162 242/242/162 264/264/162 261/261/162
f 267/267/163 268/268/163 269/269/163 270/270/163
f 248/248/164 271/271/164 272/272/164 270/270/164
f 273/273/165 249/249/165 269/269/165 274/274/165
f 275/275/166 267/267/166 276/276/166 277/277/166
f 278/278/167 279/279/167 280/280/167 281/281/167
f 282/282/168 283/283/168 284/284/168 285/285/168
f 286/286/169 287/287/169 288/288/169 289/289/169
f 290/290/170 286/286/170 289/289/170 291/291/170
f 292/292/171 293/293/171 289/289/171 288/288/171
f 291/291/172 289/289/172 293/293/172 294/294/172
f 295/295/173 296/296/173 284/284/173 297/297/173
f 298/298/174 299/299/174 300/300/174 297/297/174
f 300/300/175 301/301/175 295/295/175 297/297/175
f 296/296/176 302/302/176 285/285/176 284/284/176
f 283/283/177 298/298/177 297/297/177 284/284/177
f 303/303/178 304/304/178 305/305/178 306/306/178
f 301/301/179 292/292/179 288/288/179 295/295/179
f 307/307/180 308/308/180 309/309/180 310/310/180
f 311/311/181 312/312/181 313/313/181 314/314/181
f 315/315/182 316/316/182 317/317/182 318/318/182
f 308/308/183 319/319/183 320/320/183 309/309/183
f 321/321/184 322/322/184 318/318/184 317/317/184
f 316/316/185 323/323/185 324/324/185 317/317/185
f 319/319/186 325/325/186 326/326/186 320/320/186
f 327/327/187 321/321/187 317/317/187 324/324/187
f 323/323/188 328/328/188 329/329/188 324/324/188
f 325/325/189 330/330/189 331/331/189 326/326/189
f 332/332/190 327/327/190 324/324/190 329/329/190
f 333/333/191 334/334/191 335/335/191 336/336/191
f 337/337/192 333/333/192 338/338/192 339/339/192
f 340/340/193 341/341/193 307/307/193 342/342/193
f 343/343/194 344/344/194 345/345/194 346/346/194
f 347/347/195 343/343/195 346/346/195 348/348/195
f 308/308/196 307/307/196 341/341/196 349/349/196
f 319/319/197 308/308/197 349/349/197 350/350/197
f 325/325/198 319/319/198 350/350/198 351/351/198
f 330/330/199 325/325/199 351/351/199 352/352/199
f 336/336/200 330/330/200 352/352/200 353/353/200
f 333/333/201 336/336/201 353/353/201 338/338/201
f 337/337/202 339/339/202 347/347/202 348/348/202
f 313/313/203 348/348/203 346/346/203 314/314/203
f 314/314/204 346/346/204 345/345/204 354/354/204
f 355/355/205 356/356/205 357/357/205 358/358/205
f 342/342/206 359/359/206 354/354/206 345/345/206
f 360/360/207 287/287/207 286/286/207 361/361/207
f 290/290/208 362/362/208 363/363/208 364/364/208
f 362/362/209 365/365/209 366/366/209 363/363/209
f 367/367/210 337/337/210 348/348/210 313/313/210
f 368/368/211 369/369/211 370/370/211 371/371/211
f 328/328/212 372/372/212 373/373/212 329/329/212
f 374/374/213 332/332/213 329/329/213 373/373/213
f 339/339/214 375/375/214 376/376/214 347/347/214
f 375/375/215 339/339/215 338/338/215 377/377/215
f 351/351/216 378/378/216 379/379/216 352/352/216
f 341/341/217 380/380/217 381/381/217 349/349/217
f 382/382/218 343/343/218 347/347/218 376/376/218
f 349/349/219 381/381/219 383/383/219 350/350/219
f 340/340/220 384/384/220 380/380/220 341/341/220
f 352/352/221 379/379/221 385/385/221 353/353/221
f 386/386/222 344/344/222 343/343/222 382/382/222
f 377/377/223 338/338/223 353/353/223 385/385/223
f 350/350/224 383/383/224 378/378/224 351/351/224
f 387/387/225 374/374/225 373/373/225 388/388/225
f 389/389/226 390/390/226 391/391/226 392/392/226
f 393/393/227 394/394/227 395/395/227 396/396/227
f 336/336/228 335/335/228 331/331/228 330/330/228
f 334/334/229 333/333/229 337/337/229 367/367/229
f 344/344/230 340/340/230 342/342/230 345/345/230
f 307/307/231 310/310/231 359/359/231 342/342/231
f 344/344/232 386/386/232 384/384/232 340/340/232
f 397/397/233 398/398/233 394/394/233 393/393/233
f 399/399/234 400/400/234 401/401/234 402/402/234
f 403/403/235 387/387/235 388/388/235 404/404/235
f 379/379/236 405/405/236 406/406/236 385/385/236
f 407/407/237 382/382/237 376/376/237 408/408/237
f 409/409/238 377/377/238 385/385/238 406/406/238
f 375/375/239 410/410/239 408/408/239 376/376/239
f 380/380/240 411/411/240 412/412/240 381/381/240
f 381/381/241 412/412/241 413/413/241 383/383/241
f 410/410/242 375/375/242 377/377/242 409/409/242
f 414/414/243 384/384/243 386/386/243 415/415/243
f 383/383/244 413/413/244 416/416/244 378/378/244
f 384/384/245 414/414/245 411/411/245 380/380/245
f 378/378/246 416/416/246 405/405/246 379/379/246
f 415/415/247 386/386/247 382/382/247 407/407/247
f 417/417/248 414/414/248 415/415/248 418/418/248
f 418/418/249 415/415/249 407/407/249 419/419/249
f 420/420/250 417/417/250 418/418/250 421/421/250
f 421/421/251 418/418/251 419/419/251 422/422/251
f 417/417/252 412/412/252 411/411/252 414/414/252
f 407/407/253 408/408/253 410/410/253 419/419/253
f 410/410/254 409/409/254 422/422/254 419/419/254
f 422/422/255 409/409/255 406/406/255 405/405/255
f 421/421/256 422/422/256 405/405/256 416/416/256
f 420/420/257 421/421/257 416/416/257 413/413/257
f 417/417/258 420/420/258 413/413/258 412/412/258
f 398/398/259 423/423/259 424/424/259 394/394/259
f 394/394/260 424/424/260 425/425/260 395/395/260
f 392/392/261 391/391/261 426/426/261 427/427/261
f 428/428/262 404/404/262 388/388/262 429/429/262
f 427/427/263 430/430/263 431/431/263 432/432/263
f 430/430/264 433/433/264 434/434/264 431/431/264
f 435/435/265 436/436/265 437/437/265 438/438/265
f 436/436/266 439/439/266 440/440/266 437/437/266
f 439/439/267 441/441/267 442/442/267 440/440/267
f 443/443/268 444/444/268 445/445/268 446/446/268
f 447/447/269 443/443/269 446/446/269 448/448/269
f 449/449/270 450/450/270 451/451/270 452/452/270
f 453/453/271 449/449/271 452/452/271 454/454/271
f 455/455/272 456/456/272 457/457/272 458/458/272
f 459/459/273 460/460/273 461/461/273 462/462/273
f 463/463/274 430/430/274 427/427/274 426/426/274
f 433/433/275 430/430/275 463/463/275 464/464/275
f 435/435/276 433/433/276 464/464/276 465/465/276
f 439/439/277 436/436/277 466/466/277 467/467/277
f 441/441/278 439/439/278 467/467/278 468/468/278
f 469/469/279 470/470/279 471/471/279 472/472/279
f 473/473/280 474/474/280 456/456/280 455/455/280
f 462/462/281 461/461/281 475/475/281 476/476/281
f 397/397/282 393/393/282 458/458/282 457/457/282
f 477/477/283 478/478/283 479/479/283 480/480/283
f 481/481/284 482/482/284 483/483/284 484/484/284
f 485/485/285 486/486/285 487/487/285 488/488/285
f 489/489/286 490/490/286 491/491/286 492/492/286
f 493/493/287 494/494/287 495/495/287 496/496/287
f 497/497/288 498/498/288 499/499/288 500/500/288
f 501/501/289 502/502/289 503/503/289 504/504/289
f 505/505/290 497/497/290 500/500/290 506/506/290
f 507/507/291 501/501/291 504/504/291 508/508/291
f 509/509/292 505/505/292 506/506/292 510/510/292
f 511/511/293 507/507/293 508/508/293 512/512/293
f 513/513/294 509/509/294 510/510/294 514/514/294
f 515/515/295 511/511/295 512/512/295 516/516/295
f 517/517/296 518/518/296 499/499/296 488/488/296
f 500/500/297 499/499/297 518/518/297 519/519/297
f 506/506/298 500/500/298 519/519/298 520/520/298
f 510/510/299 506/506/299 520/520/299 521/521/299
f 514/514/300 510/510/300 521/521/300 522/522/300
f 496/496/301 495/495/301 482/482/301 481/481/301
f 502/502/302 501/501/302 479/479/302 523/523/302
f 480/480/303 479/479/303 501/501/303 507/507/303
f 507/507/304 511/511/304 402/402/304 480/480/304
f 399/399/305 402/402/305 511/511/305 515/515/305
f 524/524/306 455/455/306 458/458/306 525/525/306
f 526/526/307 462/462/307 476/476/307 527/527/307
f 528/528/308 473/473/308 455/455/308 524/524/308
f 393/393/309 396/396/309 525/525/309 458/458/309
f 529/529/310 530/530/310 525/525/310 396/396/310
f 524/524/311 525/525/311 530/530/311 531/531/311
f 528/528/312 524/524/312 531/531/312 532/532/312
f 532/532/313 533/533/313 527/527/313 528/528/313
f 526/526/314 527/527/314 533/533/314 534/534/314
f 535/535/315 532/532/315 531/531/315 536/536/315
f 536/536/316 531/531/316 530/530/316 537/537/316
f 538/538/317 539/539/317 540/540/317 541/541/317
f 529/529/318 542/542/318 537/537/318 530/530/318
f 543/543/319 534/534/319 533/533/319 544/544/319
f 433/433/320 435/435/320 438/438/320 434/434/320
f 450/450/321 447/447/321 448/448/321 451/451/321
f 436/436/322 435/435/322 465/465/322 466/466/322
f 476/476/323 475/475/323 474/474/323 473/473/323
f 484/484/324 483/483/324 486/486/324 485/485/324
f 504/504/325 503/503/325 498/498/325 497/497/325
f 508/508/326 504/504/326 497/497/326 505/505/326
f 512/512/327 508/508/327 505/505/327 509/509/327
f 516/516/328 512/512/328 509/509/328 513/513/328
f 527/527/329 476/476/329 473/473/329 528/528/329
f 534/534/330 545/545/330 546/546/330 526/526/330
f 544/544/331 533/533/331 532/532/331 535/535/331
f 545/545/332 534/534/332 543/543/332 547/547/332
f 518/518/333 548/548/333 549/549/333 519/519/333
f 519/519/334 549/549/334 550/550/334 520/520/334
f 517/517/335 551/551/335 548/548/335 518/518/335
f 545/552/336 552/553/336 553/554/336 546/555/336
f 459/459/337 462/462/337 526/526/337 546/546/337
f 521/521/338 554/556/338 555/557/338 522/522/338
f 520/520/339 550/550/339 554/556/339 521/521/339
f 556/558/340 453/559/340 454/560/340 557/561/340
f 554/562/341 558/563/341 559/564/341 555/565/341
f 560/566/342 441/567/342 468/568/342 561/569/342
f 548/570/343 562/571/343 563/572/343 549/573/343
f 564/574/344 460/575/344 459/576/344 565/577/344
f 552/553/345 566/578/345 567/579/345 553/554/345
f 550/580/346 568/581/346 558/563/346 554/562/346
f 552/553/347 545/552/347 547/582/347 569/583/347
f 549/573/348 563/572/348 568/581/348 550/580/348
f 565/577/349 459/576/349 546/555/349 553/554/349
f 551/584/350 570/585/350 562/571/350 548/570/350
f 441/567/351 560/566/351 571/586/351 442/587/351
f 558/563/352 572/588/352 573/589/352 559/564/352
f 563/572/353 574/590/353 575/591/353 568/581/353
f 568/581/354 575/591/354 572/588/354 558/563/354
f 566/578/355 552/553/355 569/583/355 576/592/355
f 570/585/356 577/593/356 578/594/356 562/571/356
f 579/595/357 564/574/357 565/577/357 580/596/357
f 581/597/358 560/566/358 561/569/358 582/598/358
f 560/566/359 581/597/359 583/599/359 571/586/359
f 562/571/360 578/594/360 574/590/360 563/572/360
f 584/600/361 567/579/361 566/578/361 585/601/361
f 580/596/362 565/577/362 553/554/362 567/579/362
f 586/602/363 556/558/363 557/561/363 587/603/363
f 588/604/364 580/596/364 567/579/364 584/600/364
f 589/605/365 586/602/365 587/603/365 590/606/365
f 572/588/366 591/607/366 592/608/366 573/589/366
f 574/590/367 593/609/367 594/610/367 575/591/367
f 575/591/368 594/610/368 591/607/368 572/588/368
f 585/601/369 566/578/369 576/592/369 595/611/369
f 577/593/370 596/612/370 597/613/370 578/594/370
f 598/614/371 579/595/371 580/596/371 588/604/371
f 599/615/372 581/597/372 582/598/372 600/616/372
f 581/597/373 599/615/373 601/617/373 583/599/373
f 578/594/374 597/613/374 593/609/374 574/590/374
f 585/601/375 602/618/375 603/619/375 584/600/375
f 604/620/376 603/619/376 602/618/376 605/621/376
f 606/622/377 588/604/377 584/600/377 603/619/377
f 607/623/378 589/605/378 590/606/378 608/624/378
f 591/607/379 609/625/379 610/626/379 592/608/379
f 593/609/380 611/627/380 612/628/380 594/610/380
f 594/610/381 612/628/381 609/625/381 591/607/381
f 602/618/382 585/601/382 595/611/382 613/629/382
f 596/612/383 614/630/383 615/631/383 597/613/383
f 616/632/384 598/614/384 588/604/384 606/622/384
f 617/633/385 599/615/385 600/616/385 618/634/385
f 599/615/386 617/633/386 619/635/386 601/617/386
f 597/613/387 615/631/387 611/627/387 593/609/387
f 620/636/388 617/633/388 618/634/388 621/637/388
f 617/633/389 620/636/389 622/638/389 619/635/389
f 615/631/390 623/639/390 624/640/390 611/627/390
f 605/621/391 625/641/391 626/642/391 604/620/391
f 627/643/392 606/622/392 603/619/392 604/620/392
f 628/644/393 607/623/393 608/624/393 629/645/393
f 609/625/394 630/646/394 631/647/394 610/626/394
f 632/648/395 633/649/395 634/650/395 635/651/395
f 611/627/396 624/640/396 636/652/396 612/628/396
f 612/628/397 636/652/397 630/646/397 609/625/397
f 605/621/398 602/618/398 613/629/398 637/653/398
f 614/630/399 638/654/399 623/639/399 615/631/399
f 639/655/400 616/632/400 606/622/400 627/643/400
f 630/646/401 640/656/401 641/657/401 631/647/401
f 634/650/402 637/653/402 642/658/402 635/651/402
f 624/640/403 643/659/403 644/660/403 636/652/403
f 636/652/404 644/660/404 640/656/404 630/646/404
f 625/641/405 605/621/405 637/653/405 634/650/405
f 638/654/406 645/661/406 646/662/406 623/639/406
f 647/663/407 639/655/407 627/643/407 648/664/407
f 649/665/408 620/636/408 621/637/408 650/666/408
f 620/636/409 649/665/409 651/667/409 622/638/409
f 652/668/410 642/658/410 637/653/410 613/629/410
f 623/639/411 646/662/411 643/659/411 624/640/411
f 653/669/412 626/642/412 625/641/412 654/670/412
f 648/664/413 627/643/413 604/620/413 626/642/413
f 613/629/414 595/611/414 655/671/414 652/668/414
f 656/672/415 628/644/415 629/645/415 657/673/415
f 658/674/416 648/664/416 626/642/416 653/669/416
f 595/611/417 576/592/417 659/675/417 655/671/417
f 660/676/418 656/672/418 657/673/418 661/677/418
f 640/656/419 662/678/419 663/679/419 641/657/419
f 576/592/420 569/583/420 664/680/420 659/675/420
f 643/659/421 665/681/421 666/682/421 644/660/421
f 644/660/422 666/682/422 662/678/422 640/656/422
f 654/670/423 625/641/423 634/650/423 633/649/423
f 645/661/424 667/683/424 668/684/424 646/662/424
f 669/685/425 647/663/425 648/664/425 658/674/425
f 670/686/426 649/665/426 650/666/426 671/687/426
f 649/665/427 670/686/427 672/688/427 651/667/427
f 569/583/428 547/582/428 673/689/428 664/680/428
f 646/662/429 668/684/429 665/681/429 643/659/429
f 547/547/430 543/543/430 674/690/430 673/691/430
f 543/543/431 544/544/431 675/692/431 674/690/431
f 676/693/432 675/692/432 544/544/432 535/535/432
f 535/535/433 536/536/433 677/694/433 676/693/433
f 536/536/434 537/537/434 678/695/434 677/694/434
f 679/696/435 678/695/435 537/537/435 542/542/435
f 255/255/436 254/254/436 680/697/436 681/698/436
f 682/699/437 541/541/437 540/540/437 683/700/437
f 684/701/438 685/702/438 686/703/438 687/704/438
f 423/423/439 688/705/439 689/706/439 424/424/439
f 472/472/440 471/471/440 445/445/440 444/444/440
f 689/706/441 690/707/441 425/425/441 424/424/441
f 691/708/442 692/709/442 693/710/442 694/711/442
f 695/712/443 696/713/443 697/714/443 698/715/443
f 699/716/444 700/717/444 701/718/444 702/719/444
f 703/720/445 699/716/445 702/719/445 704/721/445
f 705/722/446 703/720/446 704/721/446 706/723/446
f 707/724/447 705/722/447 706/723/447 708/725/447
f 709/726/448 707/724/448 708/725/448 710/727/448
f 711/728/449 709/726/449 710/727/449 712/729/449
f 713/730/450 714/731/450 715/732/450 716/733/450
f 717/734/451 713/730/451 716/733/451 718/735/451
f 719/736/452 717/734/452 718/735/452 720/737/452
f 721/738/453 719/736/453 720/737/453 722/739/453
f 723/740/454 721/738/454 722/739/454 724/741/454
f 725/742/455 723/740/455 724/741/455 726/743/455
f 698/715/456 697/714/456 727/744/456 728/745/456
f 729/746/457 730/747/457 731/748/457 732/749/457
f 730/750/458 733/751/458 734/752/458 731/753/458
f 733/751/459 735/754/459 736/755/459 734/752/459
f 735/754/460 737/756/460 738/757/460 736/755/460
f 739/758/461 740/759/461 741/760/461 742/761/461
f 743/762/462 744/763/462 740/759/462 745/764/462
f 737/756/463 744/763/463 746/765/463 738/757/463
f 744/763/464 743/762/464 747/766/464 746/765/464
f 748/767/465 745/764/465 740/759/465 739/758/465
f 744/763/466 737/756/466 741/760/466 740/759/466
f 743/762/467 749/768/467 750/769/467 747/766/467
f 742/761/468 751/770/468 752/771/468 753/772/468
f 746/765/469 747/766/469 754/773/469 755/774/469
f 756/775/470 757/776/470 745/764/470 748/767/470
f 723/740/471 725/742/471 758/777/471 759/778/471
f 721/738/472 723/740/472 759/778/472 760/779/472
f 719/736/473 721/738/473 760/779/473 761/780/473
f 734/752/474 736/755/474 762/781/474 763/782/474
f 764/783/475 765/784/475 696/713/475 695/712/475
f 271/271/476 248/248/476 251/251/476 766/785/476
f 700/717/477 699/716/477 716/733/477 715/732/477
f 699/716/478 703/720/478 718/735/478 716/733/478
f 703/720/479 705/722/479 720/737/479 718/735/479
f 705/722/480 707/724/480 722/739/480 720/737/480
f 707/724/481 709/726/481 724/741/481 722/739/481
f 709/726/482 711/728/482 726/743/482 724/741/482
f 702/719/483 767/786/483 768/787/483 704/721/483
f 710/727/484 769/788/484 770/789/484 712/729/484
f 708/725/485 771/790/485 769/788/485 710/727/485
f 706/723/486 772/791/486 771/790/486 708/725/486
f 704/721/487 768/787/487 772/791/487 706/723/487
f 767/786/488 773/792/488 774/793/488 768/787/488
f 769/788/489 775/794/489 776/795/489 770/789/489
f 768/787/490 774/793/490 777/796/490 772/791/490
f 772/791/491 777/796/491 778/797/491 771/790/491
f 771/790/492 778/797/492 775/794/492 769/788/492
f 773/792/493 779/798/493 780/799/493 774/793/493
f 775/794/494 781/800/494 782/801/494 776/795/494
f 774/793/495 780/799/495 783/802/495 777/796/495
f 777/796/496 783/802/496 784/803/496 778/797/496
f 778/797/497 784/803/497 781/800/497 775/794/497
f 779/798/498 785/804/498 786/805/498 780/799/498
f 781/800/499 787/806/499 788/807/499 782/801/499
f 780/799/500 786/805/500 789/808/500 783/802/500
f 783/802/501 789/808/501 790/809/501 784/803/501
f 784/803/502 790/809/502 787/806/502 781/800/502
f 785/804/503 791/810/503 792/811/503 786/805/503
f 787/806/504 793/812/504 794/813/504 788/807/504
f 786/805/505 792/811/505 795/814/505 789/808/505
f 789/808/506 795/814/506 796/815/506 790/809/506
f 790/809/507 796/815/507 793/812/507 787/806/507
f 791/810/508 797/816/508 798/817/508 792/811/508
f 793/812/509 799/818/509 800/819/509 794/813/509
f 792/811/510 798/817/510 801/820/510 795/814/510
f 795/814/511 801/820/511 802/821/511 796/815/511
f 796/815/512 802/821/512 799/818/512 793/812/512
f 803/822/513 804/823/513 805/824/513 806/825/513
f 807/826/514 808/827/514 809/828/514 810/829/514
f 806/825/515 805/824/515 811/830/515 812/831/515
f 812/831/516 811/830/516 813/832/516 814/833/516
f 814/833/517 813/832/517 808/827/517 807/826/517
f 815/834/518 816/835/518 817/836/518 818/837/518
f 818/837/519 817/836/519 819/838/519 820/839/519
f 821/840/520 822/841/520 823/842/520 824/843/520
f 825/844/521 826/845/521 827/846/521 828/847/521
f 824/843/522 823/842/522 816/835/522 815/834/522
f 828/847/523 827/846/523 829/848/523 830/849/523
f 831/850/524 832/851/524 833/852/524 834/853/524
f 832/851/525 835/854/525 836/855/525 833/852/525
f 837/856/526 838/857/526 839/858/526 840/859/526
f 841/860/527 831/850/527 834/853/527 842/861/527
f 843/862/528 844/863/528 845/864/528 846/865/528
f 835/854/529 275/275/529 277/277/529 836/855/529
f 847/866/530 848/867/530 279/279/530 278/278/530
f 838/857/531 837/856/531 848/867/531 847/866/531
f 845/864/532 849/868/532 850/869/532 846/865/532
f 851/870/533 852/871/533 727/744/533 697/714/533
f 702/719/534 701/718/534 853/872/534 767/786/534
f 773/792/535 767/786/535 853/872/535 854/873/535
f 779/798/536 773/792/536 854/873/536 855/874/536
f 785/804/537 779/798/537 855/874/537 856/875/537
f 791/810/538 785/804/538 856/875/538 857/876/538
f 797/816/539 791/810/539 857/876/539 858/877/539
f 859/878/540 860/879/540 861/880/540 862/881/540
f 863/882/541 169/169/541 168/168/541 864/883/541
f 160/160/542 163/163/542 865/884/542 866/885/542
f 867/886/543 868/887/543 869/888/543 864/883/543
f 867/886/544 211/211/544 210/210/544 229/229/544
f 870/889/545 866/885/545 865/884/545 871/890/545
f 861/880/546 860/879/546 870/889/546 871/890/546
f 174/174/547 175/175/547 203/203/547 214/214/547
f 164/164/548 167/167/548 208/208/548 206/206/548
f 118/118/549 119/119/549 128/128/549 127/127/549
f 168/168/550 171/171/550 205/205/550 211/211/550
f 178/178/551 181/181/551 194/194/551 193/193/551
f 121/121/552 123/123/552 132/132/552 131/131/552
f 183/183/553 184/184/553 197/197/553 200/200/553
f 173/173/554 174/174/554 214/214/554 212/212/554
f 119/119/555 121/121/555 131/131/555 128/128/555
f 171/171/556 164/164/556 206/206/556 205/205/556
f 181/181/557 186/186/557 188/188/557 194/194/557
f 184/184/558 178/178/558 193/193/558 197/197/558
f 175/175/559 177/177/559 199/199/559 203/203/559
f 127/127/560 188/188/560 186/186/560 118/118/560
f 167/167/561 173/173/561 212/212/561 208/208/561
f 177/177/562 183/183/562 200/200/562 199/199/562
f 123/123/563 125/125/563 134/134/563 132/132/563
f 728/745/564 727/744/564 872/891/564 873/892/564
f 852/871/565 874/893/565 872/891/565 727/744/565
f 736/755/566 738/757/566 875/894/566 762/781/566
f 755/774/567 875/894/567 738/757/567 746/765/567
f 747/766/568 750/769/568 876/895/568 754/773/568
f 692/709/569 691/708/569 877/896/569 878/897/569
f 879/898/570 880/899/570 881/900/570 882/901/570
f 883/902/571 884/903/571 882/901/571 881/900/571
f 885/904/572 881/900/572 880/899/572 886/905/572
f 885/904/573 887/906/573 883/902/573 881/900/573
f 888/907/574 889/908/574 890/909/574 891/910/574
f 741/760/575 892/911/575 751/770/575 742/761/575
f 737/756/576 735/754/576 892/911/576 741/760/576
f 743/762/577 745/764/577 757/776/577 749/768/577
f 893/912/578 894/913/578 756/775/578 748/767/578
f 895/914/579 893/912/579 748/767/579 739/758/579
f 739/758/580 742/761/580 753/772/580 895/914/580
f 891/910/581 890/909/581 896/915/581 897/916/581
f 898/917/582 899/918/582 884/903/582 883/902/582
f 898/917/583 900/919/583 888/920/583 891/921/583
f 901/922/584 902/923/584 696/713/584 765/784/584
f 903/924/585 904/925/585 905/926/585 906/927/585
f 761/780/586 760/779/586 907/928/586 908/929/586
f 760/779/587 759/778/587 909/930/587 907/928/587
f 759/778/588 758/777/588 910/931/588 909/930/588
f 911/932/589 912/933/589 714/934/589 905/935/589
f 913/936/590 914/937/590 701/938/590 700/939/590
f 915/940/591 911/932/591 905/935/591 904/941/591
f 913/936/592 916/942/592 728/745/592 873/892/592
f 912/933/593 916/942/593 715/943/593 714/934/593
f 917/944/594 853/945/594 701/938/594 914/937/594
f 918/946/595 919/947/595 826/845/595 825/844/595
f 920/948/596 921/949/596 919/947/596 918/946/596
f 922/950/597 842/861/597 834/853/597 923/951/597
f 820/839/598 819/838/598 924/952/598 925/953/598
f 830/849/599 829/848/599 822/841/599 821/840/599
f 873/892/600 872/891/600 926/954/600 927/955/600
f 928/956/601 929/957/601 930/958/601 931/959/601
f 932/960/602 854/961/602 853/945/602 917/944/602
f 933/962/603 934/963/603 935/964/603 936/965/603
f 937/966/604 938/967/604 939/968/604 940/969/604
f 941/970/605 942/971/605 938/967/605 937/966/605
f 943/972/606 944/973/606 858/974/606 857/975/606
f 945/976/607 943/972/607 857/975/607 856/977/607
f 946/978/608 945/976/608 856/977/608 855/979/608
f 947/980/609 946/978/609 855/979/609 854/961/609
f 948/981/610 797/816/610 858/877/610 949/982/610
f 845/864/611 950/983/611 951/984/611 849/868/611
f 952/985/612 953/986/612 954/987/612 955/988/612
f 844/863/613 956/989/613 950/983/613 845/864/613
f 957/990/614 958/991/614 959/992/614 960/993/614
f 961/994/615 962/995/615 956/989/615 844/863/615
f 849/868/616 951/984/616 958/991/616 957/990/616
f 963/996/617 964/997/617 965/998/617 966/999/617
f 967/1000/618 928/956/618 931/959/618 968/1001/618
f 969/1002/619 970/1003/619 928/956/619 967/1000/619
f 971/1004/620 972/1005/620 973/1006/620 974/1007/620
f 966/999/621 965/998/621 970/1003/621 969/1002/621
f 968/1001/622 931/959/622 975/1008/622 976/1009/622
f 930/958/623 824/843/623 815/834/623 977/1010/623
f 978/1011/624 825/844/624 828/847/624 979/1012/624
f 929/957/625 821/840/625 824/843/625 930/958/625
f 980/1013/626 830/849/626 821/840/626 929/957/626
f 981/1014/627 820/839/627 925/953/627 982/1015/627
f 979/1012/628 828/847/628 830/849/628 980/1013/628
f 983/1016/629 984/1017/629 985/1018/629 986/1019/629
f 987/1020/630 988/1021/630 280/280/630 279/279/630
f 766/785/631 989/1022/631 990/1023/631 991/1024/631
f 992/1025/632 993/1026/632 272/272/632 271/271/632
f 992/1025/633 271/271/633 766/785/633 991/1024/633
f 994/1027/634 995/1028/634 281/281/634 280/280/634
f 849/868/635 957/990/635 996/1029/635 850/869/635
f 957/990/636 960/993/636 942/971/636 996/1029/636
f 997/1030/637 998/1031/637 999/1032/637 1000/1033/637
f 990/1023/638 989/1022/638 1001/1034/638 1002/1035/638
f 681/698/639 680/697/639 998/1031/639 997/1030/639
f 1003/1036/640 992/1025/640 991/1024/640 1004/1037/640
f 1003/1036/641 1005/1038/641 993/1026/641 992/1025/641
f 942/971/642 960/993/642 1006/1039/642 938/967/642
f 1007/1040/643 1008/1041/643 837/856/643 840/859/643
f 1008/1041/644 1009/1042/644 848/867/644 837/856/644
f 1004/1037/645 991/1024/645 990/1023/645 1010/1043/645
f 693/710/646 729/746/646 732/749/646 694/711/646
f 938/967/647 1006/1039/647 952/985/647 939/968/647
f 891/921/648 897/1044/648 899/918/648 898/917/648
f 883/902/649 887/906/649 900/919/649 898/917/649
f 695/712/650 698/715/650 912/933/650 911/932/650
f 873/892/651 1011/1045/651 914/937/651 913/936/651
f 764/783/652 695/712/652 911/932/652 915/940/652
f 700/939/653 715/943/653 916/942/653 913/936/653
f 698/715/654 728/745/654 916/942/654 912/933/654
f 1012/1046/655 917/944/655 914/937/655 1011/1045/655
f 1013/1047/656 932/960/656 917/944/656 1012/1046/656
f 1014/1048/657 947/980/657 854/961/657 932/960/657
f 1015/1049/658 1016/1050/658 962/995/658 961/994/658
f 1017/1051/659 1018/1052/659 964/997/659 963/996/659
f 1019/1053/660 918/946/660 825/844/660 978/1011/660
f 1008/1041/661 1020/1054/661 1021/1055/661 1009/1042/661
f 1008/1041/662 1007/1040/662 1022/1056/662 1020/1054/662
f 939/968/663 952/985/663 955/988/663 1023/1057/663
f 1009/1042/664 1021/1055/664 1024/1058/664 987/1020/664
f 1025/1059/665 1026/1060/665 1027/1061/665 1028/1062/665
f 1029/1063/666 812/831/666 814/833/666 1030/1064/666
f 985/1018/667 1031/1065/667 1032/1066/667 986/1019/667
f 1033/1067/668 1034/1068/668 1035/1069/668 1036/1070/668
f 1037/1071/669 988/1021/669 1038/1072/669 1039/1073/669
f 241/241/670 235/235/670 238/238/670 245/245/670
f 1026/1060/671 1040/1074/671 1041/1075/671 1027/1061/671
f 1006/1039/672 1042/1076/672 953/986/672 952/985/672
f 988/1021/673 987/1020/673 1024/1058/673 1038/1072/673
f 1043/1077/674 806/825/674 812/831/674 1029/1063/674
f 1044/1078/675 818/837/675 820/839/675 981/1014/675
f 1009/1042/676 987/1020/676 279/279/676 848/867/676
f 1045/1079/677 1046/1080/677 984/1017/677 983/1016/677
f 1047/1081/678 807/826/678 810/829/678 1048/1082/678
f 948/981/679 803/822/679 806/825/679 1043/1077/679
f 1049/1083/680 1050/1084/680 972/1005/680 971/1004/680
f 804/823/681 803/822/681 936/1085/681 935/1086/681
f 1030/1064/682 814/833/682 807/826/682 1047/1081/682
f 1037/1071/683 983/1016/683 986/1019/683 994/1027/683
f 1010/1043/684 1051/1087/684 1038/1072/684 1024/1058/684
f 219/219/685 220/220/685 238/238/685 235/235/685
f 395/395/686 425/425/686 540/540/686 539/539/686
f 683/700/687 540/540/687 425/425/687 690/707/687
f 538/538/688 541/541/688 1052/1088/688 1053/1089/688
f 541/541/689 682/699/689 1054/1090/689 1052/1088/689
f 879/898/690 882/901/690 692/709/690 878/897/690
f 882/901/691 884/903/691 693/710/691 692/709/691
f 729/746/692 693/710/692 884/903/692 899/918/692
f 899/918/693 897/1044/693 730/747/693 729/746/693
f 733/751/694 730/750/694 897/916/694 896/915/694
f 731/753/695 734/752/695 763/782/695 1055/1091/695
f 732/749/696 731/748/696 1055/1092/696 1056/1093/696
f 1056/1093/697 1057/1094/697 694/711/697 732/749/697
f 1057/1094/698 1058/1095/698 691/708/698 694/711/698
f 877/896/699 691/708/699 1058/1095/699 1059/1096/699
f 1060/1097/700 1061/1098/700 1062/1099/700 1063/1100/700
f 1064/1101/701 886/905/701 880/899/701 1065/1102/701
f 1065/1102/702 880/899/702 879/898/702 1066/1103/702
f 1066/1103/703 879/898/703 878/897/703 1067/1104/703
f 1067/1104/704 878/897/704 877/896/704 1068/1105/704
f 362/362/705 306/306/705 305/305/705 365/365/705
f 1069/1106/706 903/924/706 906/927/706 1070/1107/706
f 714/731/707 713/730/707 906/927/707 905/926/707
f 713/730/708 717/734/708 1070/1107/708 906/927/708
f 890/909/709 889/908/709 752/771/709 751/770/709
f 896/915/710 890/909/710 751/770/710 892/911/710
f 735/754/711 733/751/711 896/915/711 892/911/711
f 1069/1106/712 1070/1107/712 761/780/712 908/929/712
f 717/734/713 719/736/713 761/780/713 1070/1107/713
f 1016/1050/714 1015/1049/714 1071/1108/714 1072/1109/714
f 1073/1110/715 1074/1111/715 1018/1052/715 1017/1051/715
f 964/997/716 978/1011/716 979/1012/716 965/998/716
f 1040/1074/717 1026/1060/717 1075/1112/717 1076/1113/717
f 1076/1113/718 1075/1112/718 1002/1035/718 1001/1034/718
f 803/822/719 948/981/719 949/982/719 936/1085/719
f 986/1019/720 1032/1066/720 995/1028/720 994/1027/720
f 801/820/721 1029/1063/721 1030/1064/721 802/821/721
f 983/1016/722 1037/1071/722 1039/1073/722 1045/1079/722
f 960/993/723 959/992/723 1042/1076/723 1006/1039/723
f 798/817/724 1043/1077/724 1029/1063/724 801/820/724
f 977/1010/725 815/834/725 818/837/725 1044/1078/725
f 799/818/726 1047/1081/726 1048/1082/726 800/819/726
f 797/816/727 948/981/727 1043/1077/727 798/817/727
f 976/1009/728 975/1008/728 1050/1084/728 1049/1083/728
f 802/821/729 1030/1064/729 1047/1081/729 799/818/729
f 988/1021/730 1037/1071/730 994/1027/730 280/280/730
f 1025/1059/731 1045/1079/731 1039/1073/731 1077/1114/731
f 1077/1114/732 1039/1073/732 1038/1072/732 1051/1087/732
f 1078/1115/733 1079/1116/733 1080/1117/733 1081/1118/733
f 1082/1119/734 1083/1120/734 1084/1121/734 1085/1122/734
f 1086/1123/735 1087/1124/735 1083/1120/735 1082/1119/735
f 1088/1125/736 1089/1126/736 1087/1124/736 1086/1123/736
f 1090/1127/737 1091/1128/737 1089/1126/737 1088/1125/737
f 1092/1129/738 55/55/738 3/3/738 1081/1118/738
f 1093/1130/739 85/85/739 81/81/739 1094/1131/739
f 1095/1132/740 1096/1133/740 1097/1134/740 1098/1135/740
f 1094/1131/741 81/81/741 77/77/741 1099/1136/741
f 1100/1137/742 1101/1138/742 1102/1139/742 1103/1140/742
f 1099/1136/743 77/77/743 76/76/743 1098/1135/743
f 1104/1141/744 1105/1142/744 1106/1143/744 1107/1144/744
f 1095/1132/745 69/69/745 65/65/745 1108/1145/745
f 1109/1146/746 1110/1147/746 1105/1142/746 1104/1141/746
f 1108/1145/747 65/65/747 61/61/747 1111/1148/747
f 1111/1148/748 61/61/748 55/55/748 1092/1129/748
f 1112/1149/749 1113/1150/749 1114/1151/749 1115/1152/749
f 1116/1153/750 1117/1154/750 1118/1155/750 1119/1156/750
f 1120/1157/751 1121/1158/751 1122/1159/751 1123/1160/751
f 1078/1115/752 2/2/752 1091/1128/752 1090/1127/752
f 1124/1161/753 1125/1162/753 1121/1158/753 1120/1157/753
f 1085/1122/754 1084/1121/754 1125/1162/754 1124/1161/754
f 1126/1163/755 1127/1164/755 1128/1165/755 1129/1166/755
f 1130/1167/756 1131/1168/756 1132/1169/756 1133/1170/756
f 1134/1171/757 1135/1172/757 1136/1173/757 1137/1174/757
f 1138/1175/758 1079/1116/758 1139/1176/758 1140/1177/758
f 1141/1178/759 1142/1179/759 1143/1180/759 1144/1181/759
f 1129/1166/760 1128/1165/760 1145/1182/760 1146/1183/760
f 1137/1174/761 1136/1173/761 1147/1184/761 1148/1185/761
f 1140/1177/762 1139/1176/762 1149/1186/762 1150/1187/762
f 1096/1133/763 1151/1188/763 1152/1189/763 1097/1134/763
f 1151/1188/764 1096/1133/764 1142/1179/764 1141/1178/764
f 1153/1190/765 1154/1191/765 1155/1192/765 1156/1193/765
f 1148/1185/766 1147/1184/766 1157/1194/766 1158/1195/766
f 1150/1187/767 1149/1186/767 1159/1196/767 1160/1197/767
f 1161/1198/768 1162/1199/768 1097/1134/768 1152/1189/768
f 1163/1200/769 1164/1201/769 1165/1202/769 1166/1203/769
f 1160/1197/770 1159/1196/770 1167/1204/770 1168/1205/770
f 1169/1206/771 1170/1207/771 1162/1199/771 1161/1198/771
f 1171/1208/772 1172/1209/772 1080/1117/772 1173/1210/772
f 1168/1205/773 1167/1204/773 1135/1172/773 1134/1171/773
f 1079/1116/774 1138/1175/774 1173/1210/774 1080/1117/774
f 1174/1211/775 1175/1212/775 1170/1207/775 1169/1206/775
f 1144/1181/776 1143/1180/776 1172/1209/776 1171/1208/776
f 1176/1213/777 1177/1214/777 862/881/777 861/880/777
f 1178/1215/778 926/954/778 872/891/778 874/893/778
f 927/955/779 1179/1216/779 1011/1045/779 873/892/779
f 1180/1217/780 1176/1213/780 861/880/780 871/890/780
f 871/890/781 865/884/781 868/887/781 1180/1217/781
f 865/884/782 163/163/782 869/888/782 868/887/782
f 1181/1218/783 869/888/783 163/163/783 162/162/783
f 87/87/784 38/38/784 1182/1219/784 1183/1220/784
f 1184/1221/785 1182/1219/785 38/38/785 37/37/785
f 1185/1222/786 1184/1221/786 37/37/786 41/41/786
f 1112/1149/787 1131/1168/787 1165/1202/787 1119/1156/787
f 1131/1168/788 1130/1167/788 1166/1203/788 1165/1202/788
f 1186/1223/789 910/931/789 758/777/789 1187/1224/789
f 1188/1225/790 757/776/790 756/775/790 1189/1226/790
f 1190/1227/791 749/768/791 757/776/791 1188/1225/791
f 1189/1226/792 756/775/792 894/913/792 1191/1228/792
f 1192/1229/793 725/742/793 726/743/793 1193/1230/793
f 1194/1231/794 782/801/794 788/807/794 1195/1232/794
f 1196/1233/795 1048/1082/795 810/829/795 1197/1234/795
f 1198/1235/796 776/795/796 782/801/796 1194/1231/796
f 1197/1234/797 810/829/797 809/828/797 1199/1236/797
f 1048/1082/798 1196/1233/798 1200/1237/798 800/819/798
f 1201/1238/799 770/789/799 776/795/799 1198/1235/799
f 1202/1239/800 711/728/800 712/729/800 1203/1240/800
f 1204/1241/801 794/813/801 800/819/801 1200/1237/801
f 1203/1240/802 712/729/802 770/789/802 1201/1238/802
f 1195/1232/803 788/807/803 794/813/803 1204/1241/803
f 1205/1242/804 1203/1240/804 1201/1238/804 1206/1243/804
f 1207/1244/805 1204/1241/805 1200/1237/805 1208/1245/805
f 1209/1246/806 1202/1239/806 1203/1240/806 1205/1242/806
f 1210/1247/807 1195/1232/807 1204/1241/807 1207/1244/807
f 1211/1248/808 1194/1231/808 1195/1232/808 1210/1247/808
f 1212/1249/809 1198/1235/809 1194/1231/809 1211/1248/809
f 1213/1250/810 1196/1233/810 1197/1234/810 1214/1251/810
f 1206/1243/811 1201/1238/811 1198/1235/811 1212/1249/811
f 1196/1233/812 1213/1250/812 1208/1245/812 1200/1237/812
f 1214/1251/813 1197/1234/813 1199/1236/813 1215/1252/813
f 1216/1253/814 1186/1223/814 1187/1224/814 1217/1254/814
f 1218/1255/815 1188/1225/815 1189/1226/815 1219/1256/815
f 1220/1257/816 1190/1227/816 1188/1225/816 1218/1255/816
f 1219/1256/817 1189/1226/817 1191/1228/817 1221/1258/817
f 725/742/818 1192/1229/818 1187/1224/818 758/777/818
f 1222/1259/819 1192/1229/819 1193/1230/819 1223/1260/819
f 1202/1239/820 1209/1246/820 1223/1260/820 1193/1230/820
f 1192/1229/821 1222/1259/821 1217/1254/821 1187/1224/821
f 1202/1239/822 1193/1230/822 726/743/822 711/728/822
f 750/769/823 1224/1261/823 1225/1262/823 876/895/823
f 1224/1261/824 1226/1263/824 1227/1264/824 1225/1262/824
f 1190/1227/825 1224/1261/825 750/769/825 749/768/825
f 1226/1263/826 1224/1261/826 1190/1227/826 1220/1257/826
f 1228/1265/827 1229/1266/827 910/931/827 1186/1223/827
f 1229/1266/828 1230/1267/828 909/930/828 910/931/828
f 1230/1267/829 1231/1268/829 907/928/829 909/930/829
f 1231/1268/830 1232/1269/830 908/929/830 907/928/830
f 1232/1269/831 1233/1270/831 1069/1106/831 908/929/831
f 1233/1270/832 1234/1271/832 903/924/832 1069/1106/832
f 1234/1271/833 1235/1272/833 904/925/833 903/924/833
f 1236/1273/834 1235/1274/834 888/920/834 900/919/834
f 1236/1273/835 1237/1275/835 764/783/835 915/940/835
f 1238/1276/836 1237/1275/836 887/906/836 885/904/836
f 1238/1276/837 1239/1277/837 901/922/837 765/784/837
f 1240/1278/838 1239/1277/838 886/905/838 1064/1101/838
f 282/282/839 285/285/839 356/356/839 355/355/839
f 1241/1279/840 356/356/840 285/285/840 302/302/840
f 1242/1280/841 1243/1281/841 688/705/841 423/423/841
f 1244/1282/842 1242/1280/842 423/423/842 398/398/842
f 1245/1283/843 1246/1284/843 397/397/843 457/457/843
f 1247/1285/844 1245/1283/844 457/457/844 456/456/844
f 1248/1286/845 1247/1285/845 456/456/845 474/474/845
f 1248/1286/846 1249/1287/846 451/451/846 448/448/846
f 1250/1288/847 1249/1287/847 475/475/847 461/461/847
f 1251/1289/848 1250/1288/848 461/461/848 460/460/848
f 1252/1290/849 1251/1291/849 460/575/849 564/574/849
f 1252/1290/850 1253/1292/850 587/603/850 557/561/850
f 1254/1293/851 1253/1292/851 579/595/851 598/614/851
f 1255/1294/852 1254/1293/852 598/614/852 616/632/852
f 1255/1294/853 1256/1295/853 629/645/853 608/624/853
f 1256/1295/854 1257/1296/854 657/673/854 629/645/854
f 1258/1297/855 1257/1296/855 647/663/855 669/685/855
f 1259/1298/856 1260/1299/856 671/687/856 650/666/856
f 1261/1300/857 1259/1298/857 650/666/857 621/637/857
f 1261/1300/858 1262/1301/858 607/623/858 628/644/858
f 1262/1301/859 1263/1302/859 589/605/859 607/623/859
f 1264/1303/860 1263/1302/860 600/616/860 582/598/860
f 1265/1304/861 1264/1303/861 582/598/861 561/569/861
f 1265/1304/862 1266/1305/862 453/559/862 556/558/862
f 1267/1306/863 1266/1307/863 468/468/863 467/467/863
f 1268/1308/864 1267/1306/864 467/467/864 466/466/864
f 1269/1309/865 1268/1308/865 466/466/865 465/465/865
f 1269/1309/866 1270/1310/866 443/443/866 447/447/866
f 1271/1311/867 1270/1310/867 464/464/867 463/463/867
f 1271/1311/868 1272/1312/868 472/472/868 444/444/868
f 1273/1313/869 1274/1314/869 687/704/869 469/469/869
f 1274/1314/870 1275/1315/870 684/701/870 687/704/870
f 360/360/871 1276/1316/871 1241/1279/871 302/302/871
f 360/360/872 361/361/872 1277/1317/872 1276/1316/872
f 1278/1318/873 1228/1265/873 1186/1223/873 1216/1253/873
f 1191/1228/874 894/913/874 1229/1266/874 1228/1265/874
f 894/913/875 893/912/875 1230/1267/875 1229/1266/875
f 893/912/876 895/914/876 1231/1268/876 1230/1267/876
f 895/914/877 753/772/877 1232/1269/877 1231/1268/877
f 753/772/878 752/771/878 1233/1270/878 1232/1269/878
f 752/771/879 889/908/879 1234/1271/879 1233/1270/879
f 889/908/880 888/907/880 1235/1272/880 1234/1271/880
f 915/940/881 904/941/881 1235/1274/881 1236/1273/881
f 900/919/882 887/906/882 1237/1275/882 1236/1273/882
f 765/784/883 764/783/883 1237/1275/883 1238/1276/883
f 885/904/884 886/905/884 1239/1277/884 1238/1276/884
f 1279/1319/885 1280/1320/885 359/359/885 310/310/885
f 1281/1321/886 1277/1317/886 361/361/886 364/364/886
f 1281/1321/887 364/364/887 363/363/887 1282/1322/887
f 686/703/888 685/702/888 1243/1281/888 1242/1280/888
f 470/470/889 686/703/889 1242/1280/889 1244/1282/889
f 445/445/890 471/471/890 1246/1284/890 1245/1283/890
f 446/446/891 445/445/891 1245/1283/891 1247/1285/891
f 448/448/892 446/446/892 1247/1285/892 1248/1286/892
f 474/474/893 475/475/893 1249/1287/893 1248/1286/893
f 452/452/894 451/451/894 1249/1287/894 1250/1288/894
f 454/454/895 452/452/895 1250/1288/895 1251/1289/895
f 557/561/896 454/560/896 1251/1291/896 1252/1290/896
f 564/574/897 579/595/897 1253/1292/897 1252/1290/897
f 590/606/898 587/603/898 1253/1292/898 1254/1293/898
f 608/624/899 590/606/899 1254/1293/899 1255/1294/899
f 616/632/900 639/655/900 1256/1295/900 1255/1294/900
f 639/655/901 647/663/901 1257/1296/901 1256/1295/901
f 661/677/902 657/673/902 1257/1296/902 1258/1297/902
f 656/672/903 660/676/903 1260/1299/903 1259/1298/903
f 628/644/904 656/672/904 1259/1298/904 1261/1300/904
f 621/637/905 618/634/905 1262/1301/905 1261/1300/905
f 618/634/906 600/616/906 1263/1302/906 1262/1301/906
f 586/602/907 589/605/907 1263/1302/907 1264/1303/907
f 556/558/908 586/602/908 1264/1303/908 1265/1304/908
f 561/569/909 468/568/909 1266/1305/909 1265/1304/909
f 449/449/910 453/453/910 1266/1307/910 1267/1306/910
f 450/450/911 449/449/911 1267/1306/911 1268/1308/911
f 447/447/912 450/450/912 1268/1308/912 1269/1309/912
f 465/465/913 464/464/913 1270/1310/913 1269/1309/913
f 444/444/914 443/443/914 1270/1310/914 1271/1311/914
f 463/463/915 426/426/915 1272/1312/915 1271/1311/915
f 391/391/916 390/390/916 1274/1314/916 1273/1313/916
f 390/390/917 1283/1323/917 1275/1315/917 1274/1314/917
f 1284/1324/918 1282/1322/918 363/363/918 366/366/918
f 1285/1325/919 1286/1326/919 1287/1327/919 1288/1328/919
f 1286/1326/920 1289/1329/920 1290/1330/920 1287/1327/920
f 1289/1329/921 1291/1331/921 1292/1332/921 1290/1330/921
f 1293/1333/922 1294/1334/922 1295/1335/922 1296/1336/922
f 1294/1334/923 1297/1337/923 1298/1338/923 1295/1335/923
f 1297/1337/924 1299/1339/924 1300/1340/924 1298/1338/924
f 1299/1339/925 1301/1341/925 1302/1342/925 1300/1340/925
f 1301/1341/926 1303/1343/926 1304/1344/926 1302/1342/926
f 1303/1343/927 1305/1345/927 1306/1346/927 1304/1344/927
f 1221/1258/928 1191/1228/928 1228/1265/928 1278/1318/928
f 6/6/929 1/1/929 4/4/929 7/7/929
f 1091/1128/930 2/2/930 1/1/930 9/9/930
f 1089/1126/931 1091/1128/931 9/9/931 14/14/931
f 1087/1124/932 1089/1126/932 14/14/932 17/17/932
f 1083/1120/933 1087/1124/933 17/17/933 20/20/933
f 1084/1121/934 1083/1120/934 20/20/934 23/23/934
f 1125/1162/935 1084/1121/935 23/23/935 26/26/935
f 1121/1158/936 1125/1162/936 26/26/936 29/29/936
f 1122/1159/937 1121/1158/937 29/29/937 32/32/937
f 1117/1154/938 1122/1159/938 32/32/938 35/35/938
f 1114/1151/939 1113/1150/939 41/41/939 40/40/939
f 1105/1142/940 1110/1147/940 43/43/940 42/42/940
f 1106/1143/941 1105/1142/941 42/42/941 48/48/941
f 1101/1138/942 1106/1143/942 48/48/942 51/51/942
f 57/57/943 7/7/943 4/4/943 54/54/943
f 59/59/944 57/57/944 54/54/944 60/60/944
f 63/63/945 59/59/945 60/60/945 64/64/945
f 67/67/946 63/63/946 64/64/946 68/68/946
f 73/73/947 72/72/947 75/75/947 74/74/947
f 79/79/948 73/73/948 74/74/948 80/80/948
f 83/83/949 79/79/949 80/80/949 84/84/949
f 72/72/950 67/67/950 68/68/950 75/75/950
f 1118/1155/951 1185/1222/951 41/41/951 1113/1150/951
f 185/185/952 104/104/952 105/105/952 179/179/952
f 172/172/953 99/99/953 100/100/953 109/109/953
f 157/157/954 89/89/954 90/90/954 93/93/954
f 161/161/955 86/86/955 87/87/955 162/162/955
f 108/108/956 101/101/956 102/102/956 176/176/956
f 120/120/957 111/111/957 112/112/957 122/122/957
f 122/122/958 112/112/958 113/113/958 124/124/958
f 16/16/959 13/13/959 101/101/959 100/100/959
f 165/165/960 97/97/960 98/98/960 166/166/960
f 62/62/961 66/66/961 114/114/961 107/107/961
f 170/170/962 96/96/962 97/97/962 165/165/962
f 162/162/963 87/87/963 1183/1220/963 1181/1218/963
f 863/882/964 94/94/964 95/95/964 169/169/964
f 115/115/965 110/110/965 111/111/965 120/120/965
f 176/176/966 102/102/966 103/103/966 182/182/966
f 182/182/967 103/103/967 104/104/967 185/185/967
f 66/66/968 71/71/968 110/110/968 114/114/968
f 180/180/969 106/106/969 107/107/969 117/117/969
f 166/166/970 98/98/970 99/99/970 172/172/970
f 47/47/971 46/46/971 91/91/971 90/90/971
f 179/179/972 105/105/972 106/106/972 180/180/972
f 159/159/973 88/88/973 89/89/973 157/157/973
f 169/169/974 95/95/974 96/96/974 170/170/974
f 1184/1221/975 33/33/975 34/34/975 1182/1219/975
f 1307/1347/976 1284/1324/976 366/366/976 365/365/976
f 305/305/977 1308/1348/977 1307/1347/977 365/365/977
f 1309/1349/978 1310/1350/978 1311/1351/978 1312/1352/978
f 1313/1353/979 1314/1354/979 1315/1355/979 1316/1356/979
f 1317/1357/980 1318/1358/980 1319/1359/980 1320/1360/980
f 1321/1361/981 1322/1362/981 1314/1354/981 1313/1353/981
f 1317/1357/982 1320/1360/982 301/301/982 300/300/982
f 312/312/983 311/311/983 1282/1322/983 1284/1324/983
f 1323/1363/984 1324/1364/984 1318/1358/984 1317/1357/984
f 1323/1363/985 1317/1357/985 300/300/985 299/299/985
f 1312/1352/986 1311/1351/986 1322/1362/986 1321/1361/986
f 312/312/987 1325/1365/987 367/367/987 313/313/987
f 1326/1366/988 1327/1367/988 1328/1368/988 1329/1369/988
f 1304/1344/989 1306/1346/989 1330/1370/989 1331/1371/989
f 1302/1342/990 1304/1344/990 1331/1371/990 1332/1372/990
f 1300/1340/991 1302/1342/991 1332/1372/991 1333/1373/991
f 1333/1373/992 1334/1374/992 1298/1338/992 1300/1340/992
f 331/331/993 335/335/993 491/491/993 490/490/993
f 1335/1375/994 491/491/994 335/335/994 334/334/994
f 1336/1376/995 1337/1377/995 367/367/995 1325/1365/995
f 326/326/996 331/331/996 372/372/996 328/328/996
f 320/320/997 326/326/997 328/328/997 323/323/997
f 309/309/998 320/320/998 323/323/998 316/316/998
f 316/316/999 315/315/999 310/310/999 309/309/999
f 310/310/1000 315/315/1000 1338/1378/1000 1279/1319/1000
f 302/302/1001 296/296/1001 287/287/1001 360/360/1001
f 389/389/1002 1339/1379/1002 1283/1323/1002 390/390/1002
f 315/315/1003 318/318/1003 357/357/1003 1338/1378/1003
f 358/358/1004 357/357/1004 318/318/1004 322/322/1004
f 1185/1222/1005 35/35/1005 33/33/1005 1184/1221/1005
f 1340/1380/1006 51/51/1006 52/52/1006 1341/1381/1006
f 1341/1381/1007 52/52/1007 53/53/1007 1342/1382/1007
f 1343/1383/1008 1342/1382/1008 53/53/1008 88/88/1008
f 1183/1220/1009 1182/1219/1009 34/34/1009 94/94/1009
f 1344/1384/1010 1345/1385/1010 159/159/1010 158/158/1010
f 1176/1213/1011 1180/1217/1011 229/229/1011 228/228/1011
f 1177/1214/1012 1176/1213/1012 228/228/1012 262/262/1012
f 362/362/1013 290/290/1013 291/291/1013 306/306/1013
f 306/306/1014 291/291/1014 294/294/1014 303/303/1014
f 1334/1374/1015 1346/1386/1015 1295/1335/1015 1298/1338/1015
f 304/304/1016 1347/1387/1016 1308/1348/1016 305/305/1016
f 286/286/1017 290/290/1017 364/364/1017 361/361/1017
f 1178/1215/1018 841/860/1018 842/861/1018 926/954/1018
f 1181/1218/1019 863/882/1019 864/883/1019 869/888/1019
f 211/211/1020 867/886/1020 864/883/1020 168/168/1020
f 868/887/1021 867/886/1021 229/229/1021 1180/1217/1021
f 1348/1388/1022 1309/1349/1022 1312/1352/1022 1326/1366/1022
f 927/955/1023 926/954/1023 842/861/1023 922/950/1023
f 156/156/1024 155/155/1024 1329/1369/1024 1328/1368/1024
f 1107/1144/1025 1106/1143/1025 1101/1138/1025 1100/1137/1025
f 1123/1160/1026 1122/1159/1026 1117/1154/1026 1116/1153/1026
f 1146/1183/1027 1145/1182/1027 1154/1191/1027 1153/1190/1027
f 1158/1195/1028 1157/1194/1028 1164/1201/1028 1163/1200/1028
f 1346/1386/1029 1349/1389/1029 1296/1336/1029 1295/1335/1029
f 1118/1155/1030 1117/1154/1030 35/35/1030 1185/1222/1030
f 1102/1139/1031 1101/1138/1031 51/51/1031 1340/1380/1031
f 1181/1218/1032 1183/1220/1032 94/94/1032 863/882/1032
f 1345/1385/1033 1343/1383/1033 88/88/1033 159/159/1033
f 1350/1390/1034 1351/1391/1034 1054/1090/1034 682/699/1034
f 1352/1392/1035 1348/1388/1035 1326/1366/1035 1329/1369/1035
f 1353/1393/1036 311/311/1036 314/314/1036 354/354/1036
f 296/296/1037 295/295/1037 288/288/1037 287/287/1037
f 354/354/1038 359/359/1038 1280/1320/1038 1353/1393/1038
f 429/429/1039 372/372/1039 331/331/1039 490/490/1039
f 1354/1394/1040 1355/1395/1040 1285/1325/1040 1288/1328/1040
f 1336/1376/1041 1325/1365/1041 1307/1347/1041 1308/1348/1041
f 372/372/1042 429/429/1042 388/388/1042 373/373/1042
f 682/699/1043 683/700/1043 1356/1396/1043 1350/1390/1043
f 1308/1348/1044 1347/1387/1044 1357/1397/1044 1336/1376/1044
f 1358/1398/1045 1356/1396/1045 683/700/1045 690/707/1045
f 690/707/1046 689/706/1046 1359/1399/1046 1358/1398/1046
f 1360/1400/1047 1359/1399/1047 689/706/1047 688/705/1047
f 1338/1378/1048 357/357/1048 356/356/1048 1241/1279/1048
f 1279/1319/1049 1338/1378/1049 1241/1279/1049 1276/1316/1049
f 1276/1316/1050 1277/1317/1050 1280/1320/1050 1279/1319/1050
f 1353/1393/1051 1280/1320/1051 1277/1317/1051 1281/1321/1051
f 1281/1321/1052 1282/1322/1052 311/311/1052 1353/1393/1052
f 1361/1401/1053 1362/1402/1053 304/304/1053 303/303/1053
f 1325/1365/1054 312/312/1054 1284/1324/1054 1307/1347/1054
f 1363/1403/1055 1360/1400/1055 688/705/1055 1243/1281/1055
f 1243/1281/1056 685/702/1056 1364/1404/1056 1363/1403/1056
f 1365/1405/1057 1364/1404/1057 685/702/1057 684/701/1057
f 1366/1406/1058 1365/1405/1058 684/701/1058 1275/1315/1058
f 1275/1315/1059 1283/1323/1059 1367/1407/1059 1366/1406/1059
f 1283/1323/1060 1339/1379/1060 1368/1408/1060 1367/1407/1060
f 1347/1387/1061 368/368/1061 371/371/1061 1357/1397/1061
f 1369/1409/1062 1370/1410/1062 1371/1411/1062 1372/1412/1062
f 1347/1387/1063 304/304/1063 1362/1402/1063 368/368/1063
f 1062/1099/1064 1316/1356/1064 140/140/1064 135/135/1064
f 1292/1332/1065 1296/1336/1065 1349/1389/1065 1373/1413/1065
f 1373/1413/1066 1374/1414/1066 1290/1330/1066 1292/1332/1066
f 1061/1098/1067 1313/1353/1067 1316/1356/1067 1062/1099/1067
f 1374/1414/1068 1375/1415/1068 1287/1327/1068 1290/1330/1068
f 1375/1415/1069 1376/1416/1069 1288/1328/1069 1287/1327/1069
f 1327/1367/1070 1321/1361/1070 1313/1353/1070 1061/1098/1070
f 1377/1417/1071 1378/1418/1071 1379/1419/1071 1380/1420/1071
f 1288/1328/1072 1376/1416/1072 1381/1421/1072 1354/1394/1072
f 1382/1422/1073 1383/1423/1073 1354/1394/1073 1381/1421/1073
f 1383/1423/1074 1382/1422/1074 1384/1424/1074 1385/1425/1074
f 1385/1425/1075 1384/1424/1075 1386/1426/1075 1387/1427/1075
f 1377/1417/1076 1388/1428/1076 1387/1427/1076 1386/1426/1076
f 1389/1429/1077 1388/1428/1077 1377/1417/1077 1380/1420/1077
f 1240/1278/1078 1390/1430/1078 901/922/1078 1239/1277/1078
f 1391/1431/1079 1392/1432/1079 1393/1433/1079 1394/1434/1079
f 150/150/1080 144/144/1080 1318/1358/1080 1324/1364/1080
f 144/144/1081 143/143/1081 1319/1359/1081 1318/1358/1081
f 1395/1435/1082 1396/1436/1082 1397/1437/1082 1398/1438/1082
f 1399/1439/1083 1319/1359/1083 143/143/1083 1315/1355/1083
f 1400/1440/1084 1401/1441/1084 1402/1442/1084 1391/1431/1084
f 1396/1436/1085 1403/1443/1085 1404/1444/1085 1397/1437/1085
f 1405/1445/1086 1406/1446/1086 1407/1447/1086 1408/1448/1086
f 1409/1449/1087 1410/1450/1087 1401/1441/1087 1400/1440/1087
f 1408/1448/1088 1407/1447/1088 1410/1450/1088 1409/1449/1088
f 1411/1451/1089 1403/1443/1089 1412/1452/1089 1413/1453/1089
f 1414/1454/1090 1415/1455/1090 1416/1456/1090 1402/1442/1090
f 1411/1451/1091 1413/1453/1091 1406/1446/1091 1405/1445/1091
f 1401/1441/1092 1417/1457/1092 1414/1454/1092 1402/1442/1092
f 1410/1450/1093 1418/1458/1093 1417/1457/1093 1401/1441/1093
f 1419/1459/1094 1420/1460/1094 1388/1428/1094 1389/1429/1094
f 1386/1426/1095 1421/1461/1095 1378/1418/1095 1377/1417/1095
f 1420/1460/1096 1422/1462/1096 1387/1427/1096 1388/1428/1096
f 1422/1462/1097 1423/1463/1097 1385/1425/1097 1387/1427/1097
f 1424/1464/1098 1399/1439/1098 1315/1355/1098 1314/1354/1098
f 1314/1354/1099 1322/1362/1099 1425/1465/1099 1424/1464/1099
f 1423/1463/1100 1426/1466/1100 1383/1423/1100 1385/1425/1100
f 1426/1466/1101 1355/1395/1101 1354/1394/1101 1383/1423/1101
f 1427/1467/1102 1428/1468/1102 1429/1469/1102 1430/1470/1102
f 1428/1468/1103 1431/1471/1103 1432/1472/1103 1429/1469/1103
f 257/257/1104 258/258/1104 266/266/1104 1433/1473/1104
f 256/256/1105 257/257/1105 1433/1473/1105 1434/1474/1105
f 262/262/1106 256/256/1106 1434/1474/1106 1435/1475/1106
f 1435/1475/1107 1436/1476/1107 1177/1214/1107 262/262/1107
f 1436/1476/1108 1437/1477/1108 862/881/1108 1177/1214/1108
f 1437/1477/1109 1438/1478/1109 859/878/1109 862/881/1109
f 1439/1479/1110 1427/1467/1110 1430/1470/1110 1440/1480/1110
f 998/1031/1111 1441/1481/1111 1442/1482/1111 999/1032/1111
f 680/697/1112 1443/1483/1112 1441/1481/1112 998/1031/1112
f 252/252/1113 1444/1484/1113 1445/1485/1113 254/254/1113
f 249/249/1114 273/273/1114 1446/1486/1114 250/250/1114
f 250/250/1115 1446/1486/1115 1444/1484/1115 252/252/1115
f 254/254/1116 1445/1485/1116 1443/1483/1116 680/697/1116
f 1432/1472/1117 1431/1471/1117 1447/1487/1117 1448/1488/1117
f 1448/1488/1118 1447/1487/1118 1449/1489/1118 268/268/1118
f 268/268/1119 1449/1489/1119 274/274/1119 269/269/1119
f 1440/1480/1120 1450/1490/1120 1421/1461/1120 1439/1479/1120
f 1450/1490/1121 1451/1491/1121 1378/1418/1121 1421/1461/1121
f 1451/1491/1122 1452/1492/1122 1379/1419/1122 1378/1418/1122
f 154/154/1123 1352/1392/1123 1329/1369/1123 155/155/1123
f 1380/1420/1124 1379/1419/1124 1453/1493/1124 1454/1494/1124
f 1402/1442/1125 1416/1456/1125 1392/1432/1125 1391/1431/1125
f 1455/1495/1126 1456/1496/1126 1396/1436/1126 1395/1435/1126
f 1457/1497/1127 1400/1440/1127 1391/1431/1127 1394/1434/1127
f 1456/1496/1128 1412/1452/1128 1403/1443/1128 1396/1436/1128
f 1458/1498/1129 1405/1445/1129 1408/1448/1129 1459/1499/1129
f 1460/1500/1130 1409/1449/1130 1400/1440/1130 1457/1497/1130
f 1459/1499/1131 1408/1448/1131 1409/1449/1131 1460/1500/1131
f 1461/1501/1132 1404/1444/1132 1403/1443/1132 1411/1451/1132
f 1461/1501/1133 1411/1451/1133 1405/1445/1133 1458/1498/1133
f 1407/1447/1134 1462/1502/1134 1418/1458/1134 1410/1450/1134
f 1463/1503/1135 1425/1465/1135 1322/1362/1135 1311/1351/1135
f 1464/1504/1136 1463/1503/1136 1311/1351/1136 1310/1350/1136
f 1465/1505/1137 369/369/1137 1464/1504/1137 1310/1350/1137
f 1465/1505/1138 1466/1506/1138 370/370/1138 369/369/1138
f 1395/1435/1139 1398/1438/1139 1467/1507/1139 1468/1508/1139
f 1406/1446/1140 1469/1509/1140 1462/1502/1140 1407/1447/1140
f 1413/1453/1141 1470/1510/1141 1469/1509/1141 1406/1446/1141
f 1413/1453/1142 1412/1452/1142 1471/1511/1142 1470/1510/1142
f 1068/1105/1143 1472/1512/1143 1415/1455/1143 1414/1454/1143
f 1412/1452/1144 1456/1496/1144 1473/1513/1144 1471/1511/1144
f 1474/1514/1145 1390/1430/1145 1471/1511/1145 1473/1513/1145
f 1453/1493/1146 1379/1419/1146 1452/1492/1146 1475/1515/1146
f 766/785/1147 251/251/1147 253/253/1147 989/1022/1147
f 989/1022/1148 253/253/1148 255/255/1148 1001/1034/1148
f 276/276/1149 267/267/1149 270/270/1149 272/272/1149
f 249/249/1150 248/248/1150 270/270/1150 269/269/1150
f 1448/1488/1151 268/268/1151 267/267/1151 275/275/1151
f 1001/1034/1152 255/255/1152 681/698/1152 1076/1113/1152
f 1430/1470/1153 1429/1469/1153 832/851/1153 831/850/1153
f 1429/1469/1154 1432/1472/1154 835/854/1154 832/851/1154
f 1440/1480/1155 1430/1470/1155 831/850/1155 841/860/1155
f 1432/1472/1156 1448/1488/1156 275/275/1156 835/854/1156
f 1475/1515/1157 1452/1492/1157 852/871/1157 851/870/1157
f 1452/1492/1158 1451/1491/1158 874/893/1158 852/871/1158
f 1040/1074/1159 997/1030/1159 1000/1033/1159 1041/1075/1159
f 1076/1113/1160 681/698/1160 997/1030/1160 1040/1074/1160
f 1450/1490/1161 1178/1215/1161 874/893/1161 1451/1491/1161
f 1450/1490/1162 1440/1480/1162 841/860/1162 1178/1215/1162
f 851/870/1163 697/714/1163 696/713/1163 902/923/1163
f 1469/1509/1164 1064/1101/1164 1065/1102/1164 1462/1502/1164
f 156/156/1165 1328/1368/1165 1060/1097/1165 158/158/1165
f 158/158/1166 1060/1097/1166 1063/1100/1166 1344/1384/1166
f 1312/1352/1167 1321/1361/1167 1327/1367/1167 1326/1366/1167
f 143/143/1168 140/140/1168 1316/1356/1168 1315/1355/1168
f 1389/1429/1169 1380/1420/1169 1454/1494/1169 1476/1516/1169
f 1371/1411/1170 1370/1410/1170 1468/1508/1170 1467/1507/1170
f 369/369/1171 368/368/1171 1362/1402/1171 1464/1504/1171
f 1367/1407/1172 1467/1507/1172 1398/1438/1172 1366/1406/1172
f 1398/1438/1173 1397/1437/1173 1365/1405/1173 1366/1406/1173
f 1463/1503/1174 1464/1504/1174 1362/1402/1174 1361/1401/1174
f 1361/1401/1175 1477/1517/1175 1425/1465/1175 1463/1503/1175
f 1397/1437/1176 1404/1444/1176 1364/1404/1176 1365/1405/1176
f 1404/1444/1177 1461/1501/1177 1363/1403/1177 1364/1404/1177
f 294/294/1178 1477/1517/1178 1361/1401/1178 303/303/1178
f 1461/1501/1179 1458/1498/1179 1360/1400/1179 1363/1403/1179
f 1477/1517/1180 1478/1518/1180 1424/1464/1180 1425/1465/1180
f 1359/1399/1181 1360/1400/1181 1458/1498/1181 1459/1499/1181
f 294/294/1182 293/293/1182 1478/1518/1182 1477/1517/1182
f 1479/1519/1183 1478/1518/1183 293/293/1183 292/292/1183
f 1320/1360/1184 1479/1519/1184 292/292/1184 301/301/1184
f 1479/1519/1185 1399/1439/1185 1424/1464/1185 1478/1518/1185
f 1399/1439/1186 1479/1519/1186 1320/1360/1186 1319/1359/1186
f 1358/1398/1187 1359/1399/1187 1459/1499/1187 1460/1500/1187
f 1356/1396/1188 1358/1398/1188 1460/1500/1188 1457/1497/1188
f 1457/1497/1189 1394/1434/1189 1350/1390/1189 1356/1396/1189
f 1394/1434/1190 1393/1433/1190 1351/1391/1190 1350/1390/1190
f 1372/1412/1191 1371/1411/1191 1368/1408/1191 1480/1520/1191
f 1296/1336/1192 1292/1332/1192 1291/1331/1192 1293/1333/1192
f 940/969/1193 1481/1521/1193 1482/1522/1193 1483/1523/1193
f 1484/1524/1194 1485/1525/1194 1483/1523/1194 933/962/1194
f 944/973/1195 1486/1526/1195 1485/1525/1195 1484/1524/1195
f 1487/1527/1196 941/970/1196 1486/1526/1196 1488/1528/1196
f 1489/1529/1197 1487/1527/1197 1488/1528/1197 1490/1530/1197
f 1491/1531/1198 1489/1529/1198 1490/1530/1198 1492/1532/1198
f 1493/1533/1199 1491/1531/1199 1492/1532/1199 1494/1534/1199
f 1033/1067/1200 1493/1533/1200 1494/1534/1200 1495/1535/1200
f 1014/1048/1201 1496/1536/1201 1497/1537/1201 1495/1535/1201
f 1488/1528/1202 1486/1526/1202 944/973/1202 943/972/1202
f 1483/1523/1203 1482/1522/1203 934/963/1203 933/962/1203
f 1494/1534/1204 1492/1532/1204 946/978/1204 947/980/1204
f 1495/1535/1205 1494/1534/1205 947/980/1205 1014/1048/1205
f 949/1538/1206 1484/1524/1206 933/962/1206 936/965/1206
f 1490/1530/1207 1488/1528/1207 943/972/1207 945/976/1207
f 1492/1532/1208 1490/1530/1208 945/976/1208 946/978/1208
f 858/974/1209 944/973/1209 1484/1524/1209 949/1538/1209
f 932/960/1210 1013/1047/1210 1496/1536/1210 1014/1048/1210
f 1368/1408/1211 1371/1411/1211 1467/1507/1211 1367/1407/1211
f 1498/1539/1212 1499/1540/1212 1500/1541/1212 1501/1542/1212
f 1395/1435/1213 1468/1508/1213 1498/1539/1213 1455/1495/1213
f 1499/1540/1214 1498/1539/1214 1468/1508/1214 1370/1410/1214
f 1369/1409/1215 1502/1543/1215 1499/1540/1215 1370/1410/1215
f 1498/1539/1216 1501/1542/1216 1503/1544/1216 1455/1495/1216
f 1503/1544/1217 1473/1513/1217 1456/1496/1217 1455/1495/1217
f 1462/1502/1218 1065/1102/1218 1066/1103/1218 1418/1458/1218
f 1418/1458/1219 1066/1103/1219 1067/1104/1219 1417/1457/1219
f 1417/1457/1220 1067/1104/1220 1068/1105/1220 1414/1454/1220
f 1470/1510/1221 1240/1278/1221 1064/1101/1221 1469/1509/1221
f 1470/1510/1222 1471/1511/1222 1390/1430/1222 1240/1278/1222
f 877/896/1223 1059/1096/1223 1472/1512/1223 1068/1105/1223
f 902/923/1224 901/922/1224 1390/1430/1224 1474/1514/1224
f 1476/1516/1225 1454/1494/1225 1504/1545/1225 1505/1546/1225
f 1506/1547/1226 1507/1548/1226 1508/1549/1226 1509/1550/1226
f 1474/1514/1227 1473/1513/1227 1503/1544/1227 1510/1551/1227
f 1507/1548/1228 1309/1349/1228 1511/1552/1228 1508/1549/1228
f 1474/1514/1229 1510/1551/1229 1453/1493/1229 1475/1515/1229
f 1465/1505/1230 1507/1548/1230 1506/1547/1230 1466/1506/1230
f 1309/1349/1231 1507/1548/1231 1465/1505/1231 1310/1350/1231
f 1510/1551/1232 1504/1545/1232 1454/1494/1232 1453/1493/1232
f 902/923/1233 1474/1514/1233 1475/1515/1233 851/870/1233
f 1501/1542/1234 1504/1545/1234 1510/1551/1234 1503/1544/1234
f 1328/1368/1235 1327/1367/1235 1061/1098/1235 1060/1097/1235
f 1504/1545/1236 1501/1542/1236 1500/1541/1236 1505/1546/1236
f 1509/1550/1237 1508/1549/1237 859/878/1237 1438/1478/1237
f 860/879/1238 859/878/1238 1508/1549/1238 1511/1552/1238
f 1511/1552/1239 1512/1553/1239 870/889/1239 860/879/1239
f 1512/1553/1240 1513/1554/1240 866/885/1240 870/889/1240
f 160/160/1241 866/885/1241 1513/1554/1241 1514/1555/1241
f 1514/1555/1242 1515/1556/1242 161/161/1242 160/160/1242
f 86/86/1243 161/161/1243 1515/1556/1243 1516/1557/1243
f 1516/1557/1244 1517/1558/1244 39/39/1244 86/86/1244
f 36/36/1245 39/39/1245 1517/1558/1245 1518/1559/1245
f 40/40/1246 36/36/1246 1518/1559/1246 1519/1560/1246
f 1384/1424/1247 1439/1479/1247 1421/1461/1247 1386/1426/1247
f 1384/1424/1248 1382/1422/1248 1427/1467/1248 1439/1479/1248
f 1382/1422/1249 1381/1421/1249 1428/1468/1249 1427/1467/1249
f 1431/1471/1250 1428/1468/1250 1381/1421/1250 1376/1416/1250
f 1447/1487/1251 1431/1471/1251 1376/1416/1251 1375/1415/1251
f 1449/1489/1252 1447/1487/1252 1375/1415/1252 1374/1414/1252
f 274/274/1253 1449/1489/1253 1374/1414/1253 1373/1413/1253
f 1133/1170/1254 1132/1169/1254 1520/1561/1254 1521/1562/1254
f 1522/1563/1255 1520/1561/1255 1132/1169/1255 1115/1152/1255
f 1519/1560/1256 1523/1564/1256 1114/1151/1256 40/40/1256
f 1373/1413/1257 1349/1389/1257 273/273/1257 274/274/1257
f 1446/1486/1258 273/273/1258 1349/1389/1258 1346/1386/1258
f 1444/1484/1259 1446/1486/1259 1346/1386/1259 1334/1374/1259
f 1445/1485/1260 1444/1484/1260 1334/1374/1260 1333/1373/1260
f 1333/1373/1261 1332/1372/1261 1443/1483/1261 1445/1485/1261
f 1332/1372/1262 1331/1371/1262 1441/1481/1262 1443/1483/1262
f 1331/1371/1263 1330/1370/1263 1442/1482/1263 1441/1481/1263
f 1512/1553/1264 1511/1552/1264 1309/1349/1264 1348/1388/1264
f 1348/1388/1265 1352/1392/1265 1513/1554/1265 1512/1553/1265
f 1514/1555/1266 1513/1554/1266 1352/1392/1266 154/154/1266
f 154/154/1267 92/92/1267 1515/1556/1267 1514/1555/1267
f 1063/1100/1268 1062/1099/1268 135/135/1268 134/134/1268
f 1344/1384/1269 1063/1100/1269 134/134/1269 125/125/1269
f 1345/1385/1270 1344/1384/1270 125/125/1270 124/124/1270
f 1127/1164/1271 1126/1163/1271 1521/1562/1271 1520/1561/1271
f 1109/1146/1272 1127/1164/1272 1520/1561/1272 1522/1563/1272
f 43/43/1273 1110/1147/1273 1523/1564/1273 1519/1560/1273
f 1519/1560/1274 1518/1559/1274 44/44/1274 43/43/1274
f 1518/1559/1275 1517/1558/1275 46/46/1275 44/44/1275
f 91/91/1276 46/46/1276 1517/1558/1276 1516/1557/1276
f 1516/1557/1277 1515/1556/1277 92/92/1277 91/91/1277
f 1343/1383/1278 1345/1385/1278 124/124/1278 113/113/1278
f 113/113/1279 82/82/1279 1342/1382/1279 1343/1383/1279
f 1341/1381/1280 1342/1382/1280 82/82/1280 83/83/1280
f 1340/1380/1281 1341/1381/1281 83/83/1281 84/84/1281
f 84/84/1282 85/85/1282 1102/1139/1282 1340/1380/1282
f 1093/1130/1283 1175/1212/1283 1155/1192/1283 1103/1140/1283
f 1156/1193/1284 1155/1192/1284 1175/1212/1284 1174/1211/1284
f 1476/1516/1285 1524/1565/1285 1419/1459/1285 1389/1429/1285
f 1499/1540/1286 1502/1543/1286 1525/1566/1286 1500/1541/1286
f 1505/1546/1287 1500/1541/1287 1525/1566/1287 1526/1567/1287
f 1505/1546/1288 1526/1567/1288 1524/1565/1288 1476/1516/1288
f 1480/1520/1289 1368/1408/1289 1339/1379/1289 1527/1568/1289
f 1528/1569/1290 1527/1568/1290 1339/1379/1290 389/389/1290
f 1529/1570/1291 392/392/1291 427/427/1291 432/432/1291
f 480/480/1292 402/402/1292 401/401/1292 477/477/1292
f 687/704/1293 686/703/1293 470/470/1293 469/469/1293
f 428/428/1294 489/489/1294 478/478/1294 477/477/1294
f 479/479/1295 478/478/1295 1530/1571/1295 523/523/1295
f 494/494/1296 1531/1572/1296 1528/1569/1296 1529/1570/1296
f 542/542/1297 529/529/1297 539/539/1297 538/538/1297
f 396/396/1298 395/395/1298 539/539/1298 529/529/1298
f 542/542/1299 538/538/1299 1053/1089/1299 679/696/1299
f 1246/1284/1300 1244/1282/1300 398/398/1300 397/397/1300
f 1272/1312/1301 1273/1313/1301 469/469/1301 472/472/1301
f 471/471/1302 470/470/1302 1244/1282/1302 1246/1284/1302
f 426/426/1303 391/391/1303 1273/1313/1303 1272/1312/1303
f 1528/1569/1304 389/389/1304 392/392/1304 1529/1570/1304
f 437/437/1305 440/440/1305 1532/1573/1305 487/487/1305
f 438/438/1306 437/437/1306 487/487/1306 486/486/1306
f 486/486/1307 483/483/1307 434/434/1307 438/438/1307
f 431/431/1308 434/434/1308 483/483/1308 482/482/1308
f 432/432/1309 431/431/1309 482/482/1309 495/495/1309
f 1529/1570/1310 432/432/1310 495/495/1310 494/494/1310
f 1480/1520/1311 1527/1568/1311 1337/1377/1311 1336/1376/1311
f 1528/1569/1312 1531/1572/1312 1337/1377/1312 1527/1568/1312
f 1336/1376/1313 1357/1397/1313 1372/1412/1313 1480/1520/1313
f 1357/1397/1314 371/371/1314 1369/1409/1314 1372/1412/1314
f 371/371/1315 370/370/1315 1502/1543/1315 1369/1409/1315
f 370/370/1316 1466/1506/1316 1525/1566/1316 1502/1543/1316
f 1466/1506/1317 1506/1547/1317 1526/1567/1317 1525/1566/1317
f 1524/1565/1318 1526/1567/1318 1506/1547/1318 1509/1550/1318
f 1509/1550/1319 1438/1478/1319 1419/1459/1319 1524/1565/1319
f 400/400/1320 403/403/1320 404/404/1320 401/401/1320
f 477/477/1321 401/401/1321 404/404/1321 428/428/1321
f 478/478/1322 489/489/1322 492/492/1322 1530/1571/1322
f 429/429/1323 490/490/1323 489/489/1323 428/428/1323
f 1532/1573/1324 1533/1574/1324 551/551/1324 517/517/1324
f 498/498/1325 485/485/1325 488/488/1325 499/499/1325
f 1534/1575/1326 493/493/1326 1530/1571/1326 492/492/1326
f 503/503/1327 484/484/1327 485/485/1327 498/498/1327
f 523/523/1328 496/496/1328 481/481/1328 502/502/1328
f 1530/1571/1329 493/493/1329 496/496/1329 523/523/1329
f 502/502/1330 481/481/1330 484/484/1330 503/503/1330
f 1532/1573/1331 517/517/1331 488/488/1331 487/487/1331
f 1533/1576/1332 1535/1577/1332 570/585/1332 551/584/1332
f 1535/1577/1333 1536/1578/1333 577/593/1333 570/585/1333
f 1536/1578/1334 1537/1579/1334 596/612/1334 577/593/1334
f 1537/1579/1335 1538/1580/1335 614/630/1335 596/612/1335
f 1538/1580/1336 1539/1581/1336 638/654/1336 614/630/1336
f 1539/1581/1337 1540/1582/1337 645/661/1337 638/654/1337
f 1540/1582/1338 1541/1583/1338 667/683/1338 645/661/1338
f 1531/1572/1339 494/494/1339 493/493/1339 1534/1575/1339
f 1337/1377/1340 1335/1375/1340 334/334/1340 367/367/1340
f 1337/1377/1341 1531/1572/1341 1534/1575/1341 1335/1375/1341
f 492/492/1342 491/491/1342 1335/1375/1342 1534/1575/1342
f 1541/1583/1343 1540/1582/1343 651/667/1343 672/688/1343
f 1540/1582/1344 1539/1581/1344 622/638/1344 651/667/1344
f 619/635/1345 622/638/1345 1539/1581/1345 1538/1580/1345
f 1538/1580/1346 1537/1579/1346 601/617/1346 619/635/1346
f 1537/1579/1347 1536/1578/1347 583/599/1347 601/617/1347
f 1536/1578/1348 1535/1577/1348 571/586/1348 583/599/1348
f 1535/1577/1349 1533/1576/1349 442/587/1349 571/586/1349
f 440/440/1350 442/442/1350 1533/1574/1350 1532/1573/1350
f 1420/1460/1351 1419/1459/1351 1438/1478/1351 1437/1477/1351
f 1422/1462/1352 1420/1460/1352 1437/1477/1352 1436/1476/1352
f 1423/1463/1353 1422/1462/1353 1436/1476/1353 1435/1475/1353
f 1426/1466/1354 1423/1463/1354 1435/1475/1354 1434/1474/1354
f 1355/1395/1355 1426/1466/1355 1434/1474/1355 1433/1473/1355
f 1285/1325/1356 1355/1395/1356 1433/1473/1356 266/266/1356
f 266/266/1357 265/265/1357 1286/1326/1357 1285/1325/1357
f 265/265/1358 263/263/1358 1289/1329/1358 1286/1326/1358
f 263/263/1359 264/264/1359 1291/1331/1359 1289/1329/1359
f 1293/1333/1360 1291/1331/1360 264/264/1360 242/242/1360
f 242/242/1361 243/243/1361 1294/1334/1361 1293/1333/1361
f 243/243/1362 240/240/1362 1297/1337/1362 1294/1334/1362
f 240/240/1363 241/241/1363 1299/1339/1363 1297/1337/1363
f 241/241/1364 245/245/1364 1301/1341/1364 1299/1339/1364
f 245/245/1365 246/246/1365 1303/1343/1365 1301/1341/1365
f 246/246/1366 247/247/1366 1305/1345/1366 1303/1343/1366
f 931/959/1367 930/958/1367 977/1010/1367 975/1008/1367
f 970/1003/1368 980/1013/1368 929/957/1368 928/956/1368
f 972/1005/1369 981/1014/1369 982/1015/1369 973/1006/1369
f 965/998/1370 979/1012/1370 980/1013/1370 970/1003/1370
f 1018/1052/1371 1019/1053/1371 978/1011/1371 964/997/1371
f 1050/1084/1372 1044/1078/1372 981/1014/1372 972/1005/1372
f 975/1008/1373 977/1010/1373 1044/1078/1373 1050/1084/1373
f 920/948/1374 918/946/1374 1019/1053/1374 1542/1584/1374
f 1019/1053/1375 1018/1052/1375 1074/1111/1375 1542/1584/1375
f 1036/1070/1376 961/994/1376 844/863/1376 843/862/1376
f 1035/1069/1377 1015/1049/1377 961/994/1377 1036/1070/1377
f 1005/1038/1378 1543/1585/1378 1544/1586/1378 993/1026/1378
f 1545/1587/1379 1022/1056/1379 1007/1040/1379 1546/1588/1379
f 840/859/1380 1547/1589/1380 1546/1588/1380 1007/1040/1380
f 1547/1589/1381 1548/1590/1381 1549/1591/1381 1546/1588/1381
f 1543/1585/1382 1550/1592/1382 1551/1593/1382 1544/1586/1382
f 1552/1594/1383 1545/1587/1383 1546/1588/1383 1549/1591/1383
f 1548/1590/1384 1553/1595/1384 1554/1596/1384 1549/1591/1384
f 1550/1592/1385 1555/1597/1385 1556/1598/1385 1551/1593/1385
f 1557/1599/1386 1552/1594/1386 1549/1591/1386 1554/1596/1386
f 1496/1536/1387 1558/1600/1387 1559/1601/1387 1497/1537/1387
f 1034/1068/1388 1560/1602/1388 1561/1603/1388 1035/1069/1388
f 1012/1046/1389 1562/1604/1389 1563/1605/1389 1013/1047/1389
f 1558/1600/1390 1496/1536/1390 1013/1047/1390 1563/1605/1390
f 1012/1046/1391 1011/1045/1391 1179/1216/1391 1562/1604/1391
f 1071/1108/1392 1015/1049/1392 1035/1069/1392 1561/1603/1392
f 836/855/1393 277/277/1393 1551/1593/1393 1556/1598/1393
f 1544/1586/1394 1551/1593/1394 277/277/1394 276/276/1394
f 1553/1595/1395 1548/1590/1395 1564/1606/1395 1565/1607/1395
f 840/859/1396 839/858/1396 1566/1608/1396 1547/1589/1396
f 1566/1608/1397 1564/1606/1397 1548/1590/1397 1547/1589/1397
f 276/276/1398 272/272/1398 993/1026/1398 1544/1586/1398
f 833/852/1399 836/855/1399 1556/1598/1399 1567/1609/1399
f 923/951/1400 834/853/1400 833/852/1400 1567/1609/1400
f 1568/1610/1401 921/949/1401 920/948/1401 1569/1611/1401
f 1570/1612/1402 1072/1109/1402 1071/1108/1402 1571/1613/1402
f 1572/1614/1403 922/950/1403 923/951/1403 1573/1615/1403
f 1574/1616/1404 1575/1617/1404 1576/1618/1404 1577/1619/1404
f 1578/1620/1405 1179/1216/1405 927/955/1405 1579/1621/1405
f 1580/1622/1406 1558/1600/1406 1563/1605/1406 1581/1623/1406
f 1582/1624/1407 1583/1625/1407 1584/1626/1407 1585/1627/1407
f 1586/1628/1408 1587/1629/1408 1588/1630/1408 1589/1631/1408
f 1590/1632/1409 1557/1599/1409 1554/1596/1409 1591/1633/1409
f 1573/1615/1410 923/951/1410 1567/1609/1410 1592/1634/1410
f 1593/1635/1411 1594/1636/1411 1595/1637/1411 1596/1638/1411
f 1597/1639/1412 1598/1640/1412 1599/1641/1412 1600/1642/1412
f 1596/1638/1413 1595/1637/1413 1601/1643/1413 1602/1644/1413
f 1571/1613/1414 1071/1108/1414 1561/1603/1414 1603/1645/1414
f 1600/1642/1415 1599/1641/1415 1604/1646/1415 1605/1647/1415
f 1606/1648/1416 1607/1649/1416 1583/1625/1416 1582/1624/1416
f 1608/1650/1417 1609/1651/1417 1575/1617/1417 1574/1616/1417
f 1569/1611/1418 920/948/1418 1542/1584/1418 1610/1652/1418
f 1611/1653/1419 1612/1654/1419 1613/1655/1419 1614/1656/1419
f 1615/1657/1420 1616/1658/1420 1617/1659/1420 1618/1660/1420
f 1619/1661/1421 1620/1662/1421 1601/1643/1421 1621/1663/1421
f 1622/1664/1422 1598/1640/1422 1613/1655/1422 1623/1665/1422
f 1624/1666/1423 1625/1667/1423 1584/1626/1423 1626/1668/1423
f 1587/1629/1424 1627/1669/1424 1628/1670/1424 1588/1630/1424
f 1595/1637/1425 1629/1671/1425 1621/1663/1425 1601/1643/1425
f 1630/1672/1426 1612/1654/1426 1625/1667/1426 1624/1666/1426
f 1609/1651/1427 1631/1673/1427 1632/1674/1427 1575/1617/1427
f 1598/1640/1428 1622/1664/1428 1633/1675/1428 1599/1641/1428
f 1607/1649/1429 1634/1676/1429 1635/1677/1429 1583/1625/1429
f 1636/1678/1430 1637/1679/1430 1576/1618/1430 1638/1680/1430
f 1639/1681/1431 1640/1682/1431 1641/1683/1431 1642/1684/1431
f 1642/1684/1432 1641/1683/1432 1617/1659/1432 1643/1685/1432
f 1599/1641/1433 1633/1675/1433 1644/1686/1433 1604/1646/1433
f 1575/1617/1434 1632/1674/1434 1638/1680/1434 1576/1618/1434
f 1612/1654/1435 1630/1672/1435 1623/1665/1435 1613/1655/1435
f 1594/1636/1436 1645/1687/1436 1629/1671/1436 1595/1637/1436
f 1616/1658/1437 1646/1688/1437 1643/1685/1437 1617/1659/1437
f 1647/1689/1438 1648/1690/1438 1637/1679/1438 1636/1678/1438
f 1583/1625/1439 1635/1677/1439 1626/1668/1439 1584/1626/1439
f 1627/1669/1440 1587/1629/1440 1604/1646/1440 1644/1686/1440
f 1645/1687/1441 1649/1691/1441 1650/1692/1441 1629/1671/1441
f 1646/1688/1442 1651/1693/1442 1652/1694/1442 1643/1685/1442
f 1653/1695/1443 1647/1689/1443 1636/1678/1443 1654/1696/1443
f 1635/1677/1444 1655/1697/1444 1656/1698/1444 1626/1668/1444
f 1657/1699/1445 1627/1669/1445 1644/1686/1445 1658/1700/1445
f 1659/1701/1446 1619/1661/1446 1621/1663/1446 1660/1702/1446
f 1661/1703/1447 1622/1664/1447 1623/1665/1447 1662/1704/1447
f 1663/1705/1448 1624/1666/1448 1626/1668/1448 1656/1698/1448
f 1627/1669/1449 1657/1699/1449 1664/1706/1449 1628/1670/1449
f 1629/1671/1450 1650/1692/1450 1660/1702/1450 1621/1663/1450
f 1665/1707/1451 1630/1672/1451 1624/1666/1451 1663/1705/1451
f 1631/1673/1452 1666/1708/1452 1667/1709/1452 1632/1674/1452
f 1622/1664/1453 1661/1703/1453 1668/1710/1453 1633/1675/1453
f 1634/1676/1454 1669/1711/1454 1655/1697/1454 1635/1677/1454
f 1654/1696/1455 1636/1678/1455 1638/1680/1455 1670/1712/1455
f 1671/1713/1456 1639/1681/1456 1642/1684/1456 1672/1714/1456
f 1672/1714/1457 1642/1684/1457 1643/1685/1457 1652/1694/1457
f 1633/1675/1458 1668/1710/1458 1658/1700/1458 1644/1686/1458
f 1632/1674/1459 1667/1709/1459 1670/1712/1459 1638/1680/1459
f 1630/1672/1460 1665/1707/1460 1662/1704/1460 1623/1665/1460
f 1673/1715/1461 1674/1716/1461 1675/1717/1461 1676/1718/1461
f 1677/1719/1462 1678/1720/1462 1679/1721/1462 1680/1722/1462
f 1681/1723/1463 1682/1724/1463 1683/1725/1463 1684/1726/1463
f 1685/1727/1464 1686/1728/1464 1687/1729/1464 1688/1730/1464
f 1689/1731/1465 1690/1732/1465 1691/1733/1465 1692/1734/1465
f 1693/1735/1466 1694/1736/1466 1695/1737/1466 1696/1738/1466
f 1676/1718/1467 1675/1717/1467 1697/1739/1467 1698/1740/1467
f 1699/1741/1468 1700/1742/1468 1701/1743/1468 1702/1744/1468
f 1692/1734/1469 1691/1733/1469 1703/1745/1469 1704/1746/1469
f 1705/1747/1470 1706/1748/1470 1682/1724/1470 1681/1723/1470
f 1707/1749/1471 1708/1750/1471 1678/1720/1471 1677/1719/1471
f 1709/1751/1472 1710/1752/1472 1697/1739/1472 1711/1753/1472
f 1712/1754/1473 1686/1728/1473 1710/1752/1473 1709/1751/1473
f 1713/1755/1474 1714/1756/1474 1683/1725/1474 1715/1757/1474
f 1716/1758/1475 1717/1759/1475 1718/1760/1475 1719/1761/1475
f 1719/1761/1476 1718/1760/1476 1695/1737/1476 1720/1762/1476
f 1721/1763/1477 1722/1764/1477 1714/1756/1477 1713/1755/1477
f 1723/1765/1478 1700/1742/1478 1679/1721/1478 1724/1766/1478
f 1725/1767/1479 1726/1768/1479 1703/1745/1479 1727/1769/1479
f 1728/1770/1480 1708/1750/1480 1687/1729/1480 1729/1771/1480
f 1730/1772/1481 1731/1773/1481 1732/1774/1481 1733/1775/1481
f 1734/1776/1482 1735/1777/1482 1736/1778/1482 1737/1779/1482
f 1738/1780/1483 1739/1781/1483 1740/1782/1483 1741/1783/1483
f 1731/1773/1484 1730/1772/1484 1742/1784/1484 1743/1785/1484
f 1744/1786/1485 1745/1787/1485 1746/1788/1485 1747/1789/1485
f 1748/1790/1486 1749/1791/1486 1750/1792/1486 1751/1793/1486
f 1752/1794/1487 1753/1795/1487 1754/1796/1487 1755/1797/1487
f 1733/1775/1488 1732/1774/1488 1756/1798/1488 1757/1799/1488
f 1751/1793/1489 1750/1792/1489 1741/1783/1489 1740/1782/1489
f 1758/1800/1490 1759/1801/1490 1760/1802/1490 1761/1803/1490
f 1762/1804/1491 1763/1805/1491 1753/1795/1491 1752/1794/1491
f 1764/1806/1492 1765/1807/1492 1766/1808/1492 1767/1809/1492
f 1745/1787/1493 1744/1786/1493 1755/1797/1493 1754/1796/1493
f 1753/1795/1494 1768/1810/1494 1769/1811/1494 1754/1796/1494
f 1763/1805/1495 1770/1812/1495 1768/1810/1495 1753/1795/1495
f 1739/1781/1496 1771/1813/1496 1772/1814/1496 1740/1782/1496
f 1773/1815/1497 1734/1776/1497 1737/1779/1497 1774/1816/1497
f 1734/1776/1498 1773/1815/1498 1775/1817/1498 1776/1818/1498
f 1777/1819/1499 1730/1772/1499 1733/1775/1499 1778/1820/1499
f 1779/1821/1500 1748/1790/1500 1751/1793/1500 1780/1822/1500
f 1759/1801/1501 1781/1823/1501 1782/1824/1501 1760/1802/1501
f 1783/1825/1502 1767/1809/1502 1784/1826/1502 1785/1827/1502
f 1786/1828/1503 1787/1829/1503 1746/1788/1503 1788/1830/1503
f 1760/1802/1504 1782/1824/1504 1789/1831/1504 1790/1832/1504
f 1730/1772/1505 1777/1819/1505 1791/1833/1505 1742/1784/1505
f 1776/1818/1506 1775/1817/1506 1785/1827/1506 1784/1826/1506
f 1787/1829/1507 1786/1828/1507 1792/1834/1507 1757/1799/1507
f 1774/1816/1508 1737/1779/1508 1790/1832/1508 1789/1831/1508
f 1793/1835/1509 1794/1836/1509 1771/1813/1509 1739/1781/1509
f 1795/1837/1510 1745/1787/1510 1754/1796/1510 1769/1811/1510
f 1796/1838/1511 1764/1806/1511 1767/1809/1511 1783/1825/1511
f 1689/1731/1512 1692/1734/1512 1650/1692/1512 1649/1691/1512
f 1692/1734/1513 1704/1746/1513 1660/1702/1513 1650/1692/1513
f 1659/1701/1514 1660/1702/1514 1704/1746/1514 1797/1839/1514
f 1669/1711/1515 1659/1701/1515 1797/1839/1515 1673/1715/1515
f 1673/1715/1516 1676/1718/1516 1655/1697/1516 1669/1711/1516
f 1676/1718/1517 1698/1740/1517 1656/1698/1517 1655/1697/1517
f 1663/1705/1518 1656/1698/1518 1698/1740/1518 1798/1840/1518
f 1485/1525/1519 937/966/1519 940/969/1519 1483/1523/1519
f 1486/1526/1520 941/970/1520 937/966/1520 1485/1525/1520
f 1020/1054/1521 1003/1036/1521 1004/1037/1521 1021/1055/1521
f 1020/1054/1522 1022/1056/1522 1005/1038/1522 1003/1036/1522
f 1021/1055/1523 1004/1037/1523 1010/1043/1523 1024/1058/1523
f 1045/1079/1524 1025/1059/1524 1028/1062/1524 1046/1080/1524
f 1495/1535/1525 1497/1537/1525 1034/1068/1525 1033/1067/1525
f 990/1023/1526 1002/1035/1526 1051/1087/1526 1010/1043/1526
f 1026/1060/1527 1025/1059/1527 1077/1114/1527 1075/1112/1527
f 1075/1112/1528 1077/1114/1528 1051/1087/1528 1002/1035/1528
f 939/968/1529 1023/1057/1529 1481/1521/1529 940/969/1529
f 996/1029/1530 942/971/1530 941/970/1530 1487/1527/1530
f 850/869/1531 996/1029/1531 1487/1527/1531 1489/1529/1531
f 846/865/1532 850/869/1532 1489/1529/1532 1491/1531/1532
f 843/862/1533 846/865/1533 1491/1531/1533 1493/1533/1533
f 1036/1070/1534 843/862/1534 1493/1533/1534 1033/1067/1534
f 1022/1056/1535 1545/1587/1535 1543/1585/1535 1005/1038/1535
f 1545/1587/1536 1552/1594/1536 1550/1592/1536 1543/1585/1536
f 1552/1594/1537 1557/1599/1537 1555/1597/1537 1550/1592/1537
f 1497/1537/1538 1559/1601/1538 1560/1602/1538 1034/1068/1538
f 1799/1841/1539 1620/1662/1539 1607/1649/1539 1606/1648/1539
f 1589/1631/1540 1588/1630/1540 1616/1658/1540 1615/1657/1540
f 1620/1662/1541 1619/1661/1541 1634/1676/1541 1607/1649/1541
f 1588/1630/1542 1628/1670/1542 1646/1688/1542 1616/1658/1542
f 1628/1670/1543 1664/1706/1543 1651/1693/1543 1646/1688/1543
f 1619/1661/1544 1659/1701/1544 1669/1711/1544 1634/1676/1544
f 1797/1839/1545 1726/1768/1545 1674/1716/1545 1673/1715/1545
f 1702/1744/1546 1701/1743/1546 1694/1736/1546 1693/1735/1546
f 1781/1823/1547 1759/1801/1547 1742/1784/1547 1791/1833/1547
f 1780/1822/1548 1751/1793/1548 1740/1782/1548 1772/1814/1548
f 1778/1820/1549 1733/1775/1549 1757/1799/1549 1792/1834/1549
f 1745/1787/1550 1795/1837/1550 1788/1830/1550 1746/1788/1550
f 1665/1707/1551 1663/1705/1551 1798/1840/1551 1685/1727/1551
f 1685/1727/1552 1688/1730/1552 1662/1704/1552 1665/1707/1552
f 1723/1765/1553 1800/1842/1553 1801/1843/1553 1802/1844/1553
f 1803/1845/1554 1804/1846/1554 1805/1847/1554 1727/1769/1554
f 1806/1848/1555 1807/1849/1555 1808/1850/1555 1809/1851/1555
f 1728/1770/1556 1810/1852/1556 1811/1853/1556 1812/1854/1556
f 1813/1855/1557 1814/1856/1557 1815/1857/1557 1816/1858/1557
f 1812/1854/1558 1811/1853/1558 1817/1859/1558 1724/1766/1558
f 1809/1851/1559 1808/1850/1559 1818/1860/1559 1715/1757/1559
f 1712/1754/1560 1819/1861/1560 1820/1862/1560 1729/1771/1560
f 1821/1863/1561 1822/1864/1561 1804/1846/1561 1803/1845/1561
f 1823/1865/1562 1824/1866/1562 1825/1867/1562 1720/1762/1562
f 1816/1858/1563 1815/1857/1563 1826/1868/1563 1711/1753/1563
f 1725/1767/1564 1827/1869/1564 1814/1856/1564 1813/1855/1564
f 1802/1844/1565 1801/1843/1565 1824/1866/1565 1823/1865/1565
f 1708/1750/1566 1707/1749/1566 1688/1730/1566 1687/1729/1566
f 1661/1703/1567 1662/1704/1567 1688/1730/1567 1707/1749/1567
f 1707/1749/1568 1677/1719/1568 1668/1710/1568 1661/1703/1568
f 1677/1719/1569 1680/1722/1569 1658/1700/1569 1668/1710/1569
f 1657/1699/1570 1658/1700/1570 1680/1722/1570 1699/1741/1570
f 1699/1741/1571 1702/1744/1571 1664/1706/1571 1657/1699/1571
f 1718/1760/1572 1828/1870/1572 1696/1738/1572 1695/1737/1572
f 1651/1693/1573 1664/1706/1573 1702/1744/1573 1693/1735/1573
f 1767/1809/1574 1766/1808/1574 1829/1871/1574 1784/1826/1574
f 1761/1803/1575 1760/1802/1575 1790/1832/1575 1830/1872/1575
f 1700/1742/1576 1699/1741/1576 1680/1722/1576 1679/1721/1576
f 1831/1873/1577 1793/1835/1577 1739/1781/1577 1738/1780/1577
f 1686/1728/1578 1685/1727/1578 1798/1840/1578 1710/1752/1578
f 1717/1759/1579 1832/1874/1579 1828/1870/1579 1718/1760/1579
f 1693/1735/1580 1696/1738/1580 1652/1694/1580 1651/1693/1580
f 1714/1756/1581 1833/1875/1581 1684/1726/1581 1683/1725/1581
f 1672/1714/1582 1652/1694/1582 1696/1738/1582 1828/1870/1582
f 1726/1768/1583 1797/1839/1583 1704/1746/1583 1703/1745/1583
f 1710/1752/1584 1798/1840/1584 1698/1740/1584 1697/1739/1584
f 1671/1713/1585 1672/1714/1585 1828/1870/1585 1832/1874/1585
f 1722/1764/1586 1834/1876/1586 1833/1875/1586 1714/1756/1586
f 1705/1747/1587 1681/1723/1587 1667/1709/1587 1666/1708/1587
f 1681/1723/1588 1684/1726/1588 1670/1712/1588 1667/1709/1588
f 1654/1696/1589 1670/1712/1589 1684/1726/1589 1833/1875/1589
f 1653/1695/1590 1654/1696/1590 1833/1875/1590 1834/1876/1590
f 1787/1829/1591 1835/1877/1591 1747/1789/1591 1746/1788/1591
f 1735/1777/1592 1734/1776/1592 1776/1818/1592 1836/1878/1592
f 1836/1878/1593 1776/1818/1593 1784/1826/1593 1829/1871/1593
f 1759/1801/1594 1758/1800/1594 1743/1785/1594 1742/1784/1594
f 1836/1878/1595 1829/1871/1595 1837/1879/1595 1838/1880/1595
f 1737/1779/1596 1736/1778/1596 1830/1872/1596 1790/1832/1596
f 1735/1777/1597 1836/1878/1597 1838/1880/1597 1839/1881/1597
f 1839/1881/1598 1840/1882/1598 1736/1778/1598 1735/1777/1598
f 1840/1882/1599 1841/1883/1599 1830/1872/1599 1736/1778/1599
f 1761/1803/1600 1830/1872/1600 1841/1883/1600 1842/1884/1600
f 1758/1800/1601 1761/1803/1601 1842/1884/1601 1843/1885/1601
f 1843/1885/1602 1844/1886/1602 1743/1785/1602 1758/1800/1602
f 1731/1773/1603 1743/1785/1603 1844/1886/1603 1845/1887/1603
f 1845/1887/1604 1846/1888/1604 1732/1774/1604 1731/1773/1604
f 1846/1888/1605 1847/1889/1605 1756/1798/1605 1732/1774/1605
f 1835/1877/1606 1756/1798/1606 1847/1889/1606 1848/1890/1606
f 1835/1877/1607 1787/1829/1607 1757/1799/1607 1756/1798/1607
f 1848/1890/1608 1849/1891/1608 1747/1789/1608 1835/1877/1608
f 1744/1786/1609 1747/1789/1609 1849/1891/1609 1850/1892/1609
f 1850/1892/1610 1851/1893/1610 1755/1797/1610 1744/1786/1610
f 1752/1794/1611 1755/1797/1611 1851/1893/1611 1852/1894/1611
f 1762/1804/1612 1752/1794/1612 1852/1894/1612 1853/1895/1612
f 1854/1896/1613 1855/1897/1613 1750/1792/1613 1749/1791/1613
f 1855/1897/1614 1856/1898/1614 1741/1783/1614 1750/1792/1614
f 1738/1780/1615 1741/1783/1615 1856/1898/1615 1857/1899/1615
f 1831/1873/1616 1738/1780/1616 1857/1899/1616 1858/1900/1616
f 1859/1901/1617 1860/1902/1617 1766/1808/1617 1765/1807/1617
f 1860/1902/1618 1837/1879/1618 1829/1871/1618 1766/1808/1618
f 1861/1903/1619 1862/1904/1619 1851/1893/1619 1850/1892/1619
f 1863/1905/1620 1864/1906/1620 1837/1879/1620 1860/1902/1620
f 1794/1836/1621 1796/1838/1621 1822/1864/1621 1865/1907/1621
f 1866/1908/1622 1861/1903/1622 1850/1892/1622 1849/1891/1622
f 1867/1909/1623 1866/1908/1623 1849/1891/1623 1848/1890/1623
f 1794/1836/1624 1793/1835/1624 1764/1806/1624 1796/1838/1624
f 1868/1910/1625 1864/1906/1625 1869/1911/1625 1870/1912/1625
f 1871/1913/1626 1872/1914/1626 1869/1911/1626 1873/1915/1626
f 1859/1901/1627 1765/1807/1627 1831/1873/1627 1858/1900/1627
f 1874/1916/1628 1868/1910/1628 1870/1912/1628 1875/1917/1628
f 1876/1918/1629 1874/1916/1629 1875/1917/1629 1877/1919/1629
f 1878/1920/1630 1844/1886/1630 1843/1885/1630 1877/1919/1630
f 1875/1917/1631 1870/1912/1631 1879/1921/1631 1880/1922/1631
f 1793/1835/1632 1831/1873/1632 1765/1807/1632 1764/1806/1632
f 1870/1912/1633 1869/1911/1633 1872/1914/1633 1879/1921/1633
f 1880/1922/1634 1879/1921/1634 1881/1923/1634 1882/1924/1634
f 1873/1915/1635 1869/1911/1635 1864/1906/1635 1863/1905/1635
f 1838/1880/1636 1837/1879/1636 1864/1906/1636 1868/1910/1636
f 1839/1881/1637 1838/1880/1637 1868/1910/1637 1874/1916/1637
f 1840/1882/1638 1839/1881/1638 1874/1916/1638 1876/1918/1638
f 1881/1923/1639 1883/1925/1639 1862/1904/1639 1861/1903/1639
f 1884/1926/1640 1883/1925/1640 1872/1914/1640 1871/1913/1640
f 1877/1919/1641 1875/1917/1641 1880/1922/1641 1878/1920/1641
f 1858/1900/1642 1857/1899/1642 1873/1915/1642 1863/1905/1642
f 1857/1899/1643 1856/1898/1643 1871/1913/1643 1873/1915/1643
f 1879/1921/1644 1872/1914/1644 1883/1925/1644 1881/1923/1644
f 1876/1918/1645 1842/1884/1645 1841/1883/1645 1840/1882/1645
f 1853/1895/1646 1852/1894/1646 1885/1927/1646 1854/1896/1646
f 1884/1926/1647 1871/1913/1647 1856/1898/1647 1855/1897/1647
f 1885/1927/1648 1862/1904/1648 1883/1925/1648 1884/1926/1648
f 1878/1920/1649 1880/1922/1649 1882/1924/1649 1886/1928/1649
f 1852/1894/1650 1851/1893/1650 1862/1904/1650 1885/1927/1650
f 1886/1928/1651 1882/1924/1651 1866/1908/1651 1867/1909/1651
f 1882/1924/1652 1881/1923/1652 1861/1903/1652 1866/1908/1652
f 1886/1928/1653 1845/1887/1653 1844/1886/1653 1878/1920/1653
f 1877/1919/1654 1843/1885/1654 1842/1884/1654 1876/1918/1654
f 1848/1890/1655 1847/1889/1655 1846/1888/1655 1867/1909/1655
f 1867/1909/1656 1846/1888/1656 1845/1887/1656 1886/1928/1656
f 1887/1929/1657 1709/1751/1657 1711/1753/1657 1826/1868/1657
f 1819/1861/1658 1712/1754/1658 1709/1751/1658 1887/1929/1658
f 1888/1930/1659 1713/1755/1659 1715/1757/1659 1818/1860/1659
f 1889/1931/1660 1716/1758/1660 1719/1761/1660 1890/1932/1660
f 1890/1932/1661 1719/1761/1661 1720/1762/1661 1825/1867/1661
f 1865/1907/1662 1721/1763/1662 1713/1755/1662 1888/1930/1662
f 1800/1842/1663 1723/1765/1663 1724/1766/1663 1817/1859/1663
f 1827/1869/1664 1725/1767/1664 1727/1769/1664 1805/1847/1664
f 1810/1852/1665 1728/1770/1665 1729/1771/1665 1820/1862/1665
f 1700/1742/1666 1723/1765/1666 1802/1844/1666 1701/1743/1666
f 1691/1733/1667 1803/1845/1667 1727/1769/1667 1703/1745/1667
f 1706/1748/1668 1806/1848/1668 1809/1851/1668 1682/1724/1668
f 1708/1750/1669 1728/1770/1669 1812/1854/1669 1678/1720/1669
f 1674/1716/1670 1813/1855/1670 1816/1858/1670 1675/1717/1670
f 1678/1720/1671 1812/1854/1671 1724/1766/1671 1679/1721/1671
f 1682/1724/1672 1809/1851/1672 1715/1757/1672 1683/1725/1672
f 1686/1728/1673 1712/1754/1673 1729/1771/1673 1687/1729/1673
f 1690/1732/1674 1821/1863/1674 1803/1845/1674 1691/1733/1674
f 1694/1736/1675 1823/1865/1675 1720/1762/1675 1695/1737/1675
f 1675/1717/1676 1816/1858/1676 1711/1753/1676 1697/1739/1676
f 1726/1768/1677 1725/1767/1677 1813/1855/1677 1674/1716/1677
f 1701/1743/1678 1802/1844/1678 1823/1865/1678 1694/1736/1678
f 1827/1869/1679 1805/1847/1679 1785/1827/1679 1775/1817/1679
f 1814/1856/1680 1827/1869/1680 1775/1817/1680 1773/1815/1680
f 1773/1815/1681 1774/1816/1681 1815/1857/1681 1814/1856/1681
f 1774/1816/1682 1789/1831/1682 1826/1868/1682 1815/1857/1682
f 1887/1929/1683 1826/1868/1683 1789/1831/1683 1782/1824/1683
f 1819/1861/1684 1887/1929/1684 1782/1824/1684 1781/1823/1684
f 1781/1823/1685 1791/1833/1685 1820/1862/1685 1819/1861/1685
f 1810/1852/1686 1820/1862/1686 1791/1833/1686 1777/1819/1686
f 1777/1819/1687 1778/1820/1687 1811/1853/1687 1810/1852/1687
f 1778/1820/1688 1792/1834/1688 1817/1859/1688 1811/1853/1688
f 1800/1842/1689 1817/1859/1689 1792/1834/1689 1786/1828/1689
f 1786/1828/1690 1788/1830/1690 1801/1843/1690 1800/1842/1690
f 1824/1866/1691 1801/1843/1691 1788/1830/1691 1795/1837/1691
f 1795/1837/1692 1769/1811/1692 1825/1867/1692 1824/1866/1692
f 1890/1932/1693 1825/1867/1693 1769/1811/1693 1768/1810/1693
f 1889/1931/1694 1890/1932/1694 1768/1810/1694 1770/1812/1694
f 1779/1821/1695 1780/1822/1695 1808/1850/1695 1807/1849/1695
f 1780/1822/1696 1772/1814/1696 1818/1860/1696 1808/1850/1696
f 1888/1930/1697 1818/1860/1697 1772/1814/1697 1771/1813/1697
f 1865/1907/1698 1888/1930/1698 1771/1813/1698 1794/1836/1698
f 1796/1838/1699 1783/1825/1699 1804/1846/1699 1822/1864/1699
f 1783/1825/1700 1785/1827/1700 1805/1847/1700 1804/1846/1700
f 1648/1690/1701 1891/1933/1701 1892/1934/1701 1637/1679/1701
f 1640/1682/1702 1893/1935/1702 1894/1936/1702 1641/1683/1702
f 1612/1654/1703 1611/1653/1703 1895/1937/1703 1625/1667/1703
f 1896/1938/1704 1574/1616/1704 1577/1619/1704 1610/1652/1704
f 1598/1640/1705 1597/1639/1705 1614/1656/1705 1613/1655/1705
f 1587/1629/1706 1586/1628/1706 1605/1647/1706 1604/1646/1706
f 1653/1695/1707 1834/1876/1707 1689/1731/1707 1649/1691/1707
f 1897/1939/1708 1582/1624/1708 1585/1627/1708 1592/1634/1708
f 1580/1622/1709 1586/1628/1709 1589/1631/1709 1898/1940/1709
f 1620/1662/1710 1799/1841/1710 1602/1644/1710 1601/1643/1710
f 1625/1667/1711 1895/1937/1711 1585/1627/1711 1584/1626/1711
f 1899/1941/1712 1593/1635/1712 1596/1638/1712 1900/1942/1712
f 1578/1620/1713 1597/1639/1713 1600/1642/1713 1901/1943/1713
f 1900/1942/1714 1596/1638/1714 1602/1644/1714 1591/1633/1714
f 1834/1876/1715 1722/1764/1715 1690/1732/1715 1689/1731/1715
f 1641/1683/1716 1894/1936/1716 1618/1660/1716 1617/1659/1716
f 1901/1943/1717 1600/1642/1717 1605/1647/1717 1581/1623/1717
f 1902/1944/1718 1606/1648/1718 1582/1624/1718 1897/1939/1718
f 1903/1945/1719 1608/1650/1719 1574/1616/1719 1896/1938/1719
f 1637/1679/1720 1892/1934/1720 1577/1619/1720 1576/1618/1720
f 1572/1614/1721 1611/1653/1721 1614/1656/1721 1579/1621/1721
f 1904/1946/1722 1615/1657/1722 1618/1660/1722 1603/1645/1722
f 1590/1632/1723 1799/1841/1723 1606/1648/1723 1902/1944/1723
f 1898/1940/1724 1589/1631/1724 1615/1657/1724 1904/1946/1724
f 1891/1933/1725 1568/1610/1725 1569/1611/1725 1892/1934/1725
f 1893/1935/1726 1570/1612/1726 1571/1613/1726 1894/1936/1726
f 1611/1653/1727 1572/1614/1727 1573/1615/1727 1895/1937/1727
f 1597/1639/1728 1578/1620/1728 1579/1621/1728 1614/1656/1728
f 1586/1628/1729 1580/1622/1729 1581/1623/1729 1605/1647/1729
f 1799/1841/1730 1590/1632/1730 1591/1633/1730 1602/1644/1730
f 1895/1937/1731 1573/1615/1731 1592/1634/1731 1585/1627/1731
f 1894/1936/1732 1571/1613/1732 1603/1645/1732 1618/1660/1732
f 1892/1934/1733 1569/1611/1733 1610/1652/1733 1577/1619/1733
f 1854/1896/1734 1749/1791/1734 1762/1804/1734 1853/1895/1734
f 1074/1111/1735 1896/1938/1735 1610/1652/1735 1542/1584/1735
f 1821/1863/1736 1690/1732/1736 1722/1764/1736 1721/1763/1736
f 1556/1598/1737 1897/1939/1737 1592/1634/1737 1567/1609/1737
f 1558/1600/1738 1580/1622/1738 1898/1940/1738 1559/1601/1738
f 1565/1607/1739 1899/1941/1739 1900/1942/1739 1553/1595/1739
f 1179/1216/1740 1578/1620/1740 1901/1943/1740 1562/1604/1740
f 1553/1595/1741 1900/1942/1741 1591/1633/1741 1554/1596/1741
f 1821/1863/1742 1721/1763/1742 1865/1907/1742 1822/1864/1742
f 1562/1604/1743 1901/1943/1743 1581/1623/1743 1563/1605/1743
f 1555/1597/1744 1902/1944/1744 1897/1939/1744 1556/1598/1744
f 1073/1110/1745 1903/1945/1745 1896/1938/1745 1074/1111/1745
f 922/950/1746 1572/1614/1746 1579/1621/1746 927/955/1746
f 1560/1602/1747 1904/1946/1747 1603/1645/1747 1561/1603/1747
f 1557/1599/1748 1590/1632/1748 1902/1944/1748 1555/1597/1748
f 1559/1601/1749 1898/1940/1749 1904/1946/1749 1560/1602/1749
f 1885/1927/1750 1884/1926/1750 1855/1897/1750 1854/1896/1750
f 1858/1900/1751 1863/1905/1751 1860/1902/1751 1859/1901/1751
f 1763/1805/1752 1762/1804/1752 1749/1791/1752 1748/1790/1752
f 1770/1812/1753 1763/1805/1753 1748/1790/1753 1779/1821/1753
f 1779/1821/1754 1807/1849/1754 1889/1931/1754 1770/1812/1754
f 1716/1758/1755 1889/1931/1755 1807/1849/1755 1806/1848/1755
f 1806/1848/1756 1706/1748/1756 1717/1759/1756 1716/1758/1756
f 1832/1874/1757 1717/1759/1757 1706/1748/1757 1705/1747/1757
f 1671/1713/1758 1832/1874/1758 1705/1747/1758 1666/1708/1758
f 1639/1681/1759 1671/1713/1759 1666/1708/1759 1631/1673/1759
f 1631/1673/1760 1609/1651/1760 1640/1682/1760 1639/1681/1760
f 1893/1935/1761 1640/1682/1761 1609/1651/1761 1608/1650/1761
f 1570/1612/1762 1893/1935/1762 1608/1650/1762 1903/1945/1762
f 1903/1945/1763 1073/1110/1763 1072/1109/1763 1570/1612/1763
f 1073/1110/1764 1017/1051/1764 1016/1050/1764 1072/1109/1764
f 962/995/1765 1016/1050/1765 1017/1051/1765 963/996/1765
f 963/996/1766 966/999/1766 956/989/1766 962/995/1766
f 966/999/1767 969/1002/1767 950/983/1767 956/989/1767
f 1649/1691/1768 1645/1687/1768 1647/1689/1768 1653/1695/1768
f 1648/1690/1769 1647/1689/1769 1645/1687/1769 1594/1636/1769
f 1891/1933/1770 1648/1690/1770 1594/1636/1770 1593/1635/1770
f 1568/1610/1771 1891/1933/1771 1593/1635/1771 1899/1941/1771
f 1899/1941/1772 1565/1607/1772 921/949/1772 1568/1610/1772
f 919/947/1773 921/949/1773 1565/1607/1773 1564/1606/1773
f 826/845/1774 919/947/1774 1564/1606/1774 1566/1608/1774
f 827/846/1775 826/845/1775 1566/1608/1775 839/858/1775
f 829/848/1776 827/846/1776 839/858/1776 838/857/1776
f 822/841/1777 829/848/1777 838/857/1777 847/866/1777
f 823/842/1778 822/841/1778 847/866/1778 278/278/1778
f 816/835/1779 823/842/1779 278/278/1779 281/281/1779
f 817/836/1780 816/835/1780 281/281/1780 995/1028/1780
f 819/838/1781 817/836/1781 995/1028/1781 1032/1066/1781
f 924/952/1782 819/838/1782 1032/1066/1782 1031/1065/1782
f 969/1002/1783 967/1000/1783 951/984/1783 950/983/1783
f 967/1000/1784 968/1001/1784 958/991/1784 951/984/1784
f 968/1001/1785 976/1009/1785 959/992/1785 958/991/1785
f 1042/1076/1786 959/992/1786 976/1009/1786 1049/1083/1786
f 1049/1083/1787 971/1004/1787 953/986/1787 1042/1076/1787
f 971/1004/1788 974/1007/1788 954/987/1788 953/986/1788
f 2/2/1789 1078/1115/1789 1081/1118/1789 3/3/1789
f 1167/1204/1790 1082/1119/1790 1085/1122/1790 1135/1172/1790
f 1159/1196/1791 1086/1123/1791 1082/1119/1791 1167/1204/1791
f 1149/1186/1792 1088/1125/1792 1086/1123/1792 1159/1196/1792
f 1139/1176/1793 1090/1127/1793 1088/1125/1793 1149/1186/1793
f 1172/1209/1794 1092/1129/1794 1081/1118/1794 1080/1117/1794
f 1175/1212/1795 1093/1130/1795 1094/1131/1795 1170/1207/1795
f 69/69/1796 1095/1132/1796 1098/1135/1796 76/76/1796
f 1170/1207/1797 1094/1131/1797 1099/1136/1797 1162/1199/1797
f 1154/1191/1798 1100/1137/1798 1103/1140/1798 1155/1192/1798
f 1162/1199/1799 1099/1136/1799 1098/1135/1799 1097/1134/1799
f 1128/1165/1800 1104/1141/1800 1107/1144/1800 1145/1182/1800
f 1096/1133/1801 1095/1132/1801 1108/1145/1801 1142/1179/1801
f 1127/1164/1802 1109/1146/1802 1104/1141/1802 1128/1165/1802
f 1142/1179/1803 1108/1145/1803 1111/1148/1803 1143/1180/1803
f 1143/1180/1804 1111/1148/1804 1092/1129/1804 1172/1209/1804
f 1131/1168/1805 1112/1149/1805 1115/1152/1805 1132/1169/1805
f 1164/1201/1806 1116/1153/1806 1119/1156/1806 1165/1202/1806
f 1147/1184/1807 1120/1157/1807 1123/1160/1807 1157/1194/1807
f 1079/1116/1808 1078/1115/1808 1090/1127/1808 1139/1176/1808
f 1136/1173/1809 1124/1161/1809 1120/1157/1809 1147/1184/1809
f 1135/1172/1810 1085/1122/1810 1124/1161/1810 1136/1173/1810
f 1113/1150/1811 1112/1149/1811 1119/1156/1811 1118/1155/1811
f 1145/1182/1812 1107/1144/1812 1100/1137/1812 1154/1191/1812
f 1157/1194/1813 1123/1160/1813 1116/1153/1813 1164/1201/1813
f 1523/1564/1814 1522/1563/1814 1115/1152/1814 1114/1151/1814
f 1110/1147/1815 1109/1146/1815 1522/1563/1815 1523/1564/1815
f 85/85/1816 1093/1130/1816 1103/1140/1816 1102/1139/1816
f 1905/1947/1817 1906/1948/1817 1907/1949/1817 1908/1950/1817
f 1909/1951/1818 1910/1952/1818 1911/1953/1818 1912/1954/1818
f 1913/1955/1819 1914/1956/1819 1912/1954/1819 1905/1947/1819
f 1914/1956/1820 1915/1957/1820 1909/1951/1820 1912/1954/1820
f 1916/1958/1821 1917/1959/1821 1915/1957/1821 1914/1956/1821
f 1918/1960/1822 1916/1958/1822 1914/1956/1822 1913/1955/1822
f 1919/1961/1823 1920/1962/1823 1917/1959/1823 1916/1958/1823
f 1921/1963/1824 1919/1961/1824 1916/1958/1824 1918/1960/1824
f 1922/1964/1825 1923/1965/1825 1920/1962/1825 1919/1961/1825
f 1924/1966/1826 1922/1964/1826 1919/1961/1826 1921/1963/1826
f 1925/1967/1827 1926/1968/1827 1923/1965/1827 1922/1964/1827
f 1927/1969/1828 1925/1967/1828 1922/1964/1828 1924/1966/1828
f 1928/1970/1829 1929/1971/1829 1926/1968/1829 1925/1967/1829
f 1930/1972/1830 1928/1970/1830 1925/1967/1830 1927/1969/1830
f 1931/1973/1831 1932/1974/1831 1929/1971/1831 1928/1970/1831
f 1933/1975/1832 1931/1973/1832 1928/1970/1832 1930/1972/1832
f 1934/1976/1833 1935/1977/1833 1932/1974/1833 1931/1973/1833
f 1936/1978/1834 1934/1976/1834 1931/1973/1834 1933/1975/1834
f 1937/1979/1835 1938/1980/1835 1935/1977/1835 1934/1976/1835
f 1939/1981/1836 1937/1979/1836 1934/1976/1836 1936/1978/1836
f 1940/1982/1837 1941/1983/1837 1942/1984/1837 1943/1985/1837
f 1944/1986/1838 1940/1982/1838 1943/1985/1838 1945/1987/1838
f 1946/1988/1839 1947/1989/1839 1948/1990/1839 1949/1991/1839
f 1947/1989/1840 1950/1992/1840 1951/1993/1840 1948/1990/1840
f 1952/1994/1841 1953/1995/1841 1947/1989/1841 1946/1988/1841
f 1953/1995/1842 1954/1996/1842 1950/1992/1842 1947/1989/1842
f 1955/1997/1843 1956/1998/1843 1953/1995/1843 1952/1994/1843
f 1956/1998/1844 1957/1999/1844 1954/1996/1844 1953/1995/1844
f 1958/2000/1845 1959/2001/1845 1907/1949/1845 1906/1948/1845
f 1960/2002/1846 1961/2003/1846 1911/1953/1846 1910/1952/1846
f 1962/2004/1847 1963/2005/1847 1961/2003/1847 1960/2002/1847
f 1964/2006/1848 1965/2007/1848 1959/2001/1848 1958/2000/1848
f 1966/2008/1849 1967/2009/1849 1963/2005/1849 1962/2004/1849
f 1968/2010/1850 1969/2011/1850 1965/2007/1850 1964/2006/1850
f 1970/2012/1851 1971/2013/1851 1967/2009/1851 1966/2008/1851
f 1972/2014/1852 1973/2015/1852 1969/2011/1852 1968/2010/1852
f 1974/2016/1853 1975/2017/1853 1976/2018/1853 1977/2019/1853
f 1978/2020/1854 1979/2021/1854 1980/2022/1854 1981/2023/1854
f 1982/2024/1855 1983/2025/1855 1975/2017/1855 1974/2016/1855
f 1984/2026/1856 1985/2027/1856 1979/2021/1856 1978/2020/1856
f 1986/2028/1857 1987/2029/1857 1983/2025/1857 1982/2024/1857
f 1988/2030/1858 1989/2031/1858 1985/2027/1858 1984/2026/1858
f 1990/2032/1859 1991/2033/1859 1942/1984/1859 1941/1983/1859
f 1992/2034/1860 1993/2035/1860 1954/1996/1860 1957/1999/1860
f 1993/2035/1861 1994/2036/1861 1950/1992/1861 1954/1996/1861
f 1994/2036/1862 1995/2037/1862 1996/2038/1862 1997/2039/1862
f 1998/2040/1863 1999/2041/1863 1935/1977/1863 1938/1980/1863
f 1999/2041/1864 2000/2042/1864 1932/1974/1864 1935/1977/1864
f 2000/2042/1865 2001/2043/1865 1929/1971/1865 1932/1974/1865
f 2001/2043/1866 2002/2044/1866 1926/1968/1866 1929/1971/1866
f 2002/2044/1867 2003/2045/1867 1923/1965/1867 1926/1968/1867
f 2003/2045/1868 2004/2046/1868 1920/1962/1868 1923/1965/1868
f 2005/2047/1869 2006/2048/1869 1915/1957/1869 1917/1959/1869
f 2007/2049/1870 2008/2050/1870 1910/1952/1870 1909/1951/1870
f 2008/2050/1871 2009/2051/1871 1960/2002/1871 1910/1952/1871
f 2006/2048/1872 2007/2049/1872 1909/1951/1872 1915/1957/1872
f 2010/2052/1873 2011/2053/1873 1966/2008/1873 1962/2004/1873
f 2009/2051/1874 2010/2052/1874 1962/2004/1874 1960/2002/1874
f 2004/2046/1875 2012/2054/1875 2013/2055/1875 2005/2047/1875
f 2014/2056/1876 2015/2057/1876 1974/2016/1876 1977/2019/1876
f 2015/2057/1877 2016/2058/1877 1982/2024/1877 1974/2016/1877
f 2016/2058/1878 2017/2059/1878 1986/2028/1878 1982/2024/1878
f 2018/2060/1879 2019/2061/1879 2020/2062/1879 2014/2056/1879
f 1977/2019/1880 1976/2018/1880 1971/2013/1880 1970/2012/1880
f 1981/2023/1881 1980/2022/1881 1973/2015/1881 1972/2014/1881
f 2011/2053/1882 2021/2063/1882 2019/2061/1882 2018/2060/1882
f 2022/2064/1883 2023/2065/1883 2020/2062/1883 2019/2061/1883
f 2023/2065/1884 2024/2066/1884 2025/2067/1884 2020/2062/1884
f 2024/2066/1885 2026/2068/1885 2027/2069/1885 2025/2067/1885
f 2026/2068/1886 2028/2070/1886 2029/2071/1886 2027/2069/1886
f 2030/2072/1887 2031/2073/1887 2032/2074/1887 2033/2075/1887
f 2034/2076/1888 2035/2077/1888 2036/2078/1888 2037/2079/1888
f 2035/2077/1889 2038/2080/1889 2039/2081/1889 2036/2078/1889
f 2031/2073/1890 2034/2076/1890 2037/2079/1890 2032/2074/1890
f 2040/2082/1891 2041/2083/1891 2031/2073/1891 2030/2072/1891
f 2041/2083/1892 2042/2084/1892 2034/2076/1892 2031/2073/1892
f 2042/2084/1893 2043/2085/1893 2035/2077/1893 2034/2076/1893
f 2043/2085/1894 2044/2086/1894 2038/2080/1894 2035/2077/1894
f 2045/2087/1895 2046/2088/1895 2041/2083/1895 2040/2082/1895
f 2047/2089/1896 2044/2086/1896 2048/2090/1896 2049/2091/1896
f 2046/2088/1897 2050/2092/1897 2042/2084/1897 2041/2083/1897
f 2050/2092/1898 2051/2093/1898 2043/2085/1898 2042/2084/1898
f 2051/2093/1899 2048/2090/1899 2044/2086/1899 2043/2085/1899
f 148/148/1900 149/149/1900 2046/2088/1900 2045/2087/1900
f 2049/2091/1901 2048/2090/1901 151/151/1901 150/150/1901
f 149/149/1902 152/152/1902 2050/2092/1902 2046/2088/1902
f 152/152/1903 153/153/1903 2051/2093/1903 2050/2092/1903
f 153/153/1904 151/151/1904 2048/2090/1904 2051/2093/1904
f 1996/2038/1905 1995/2037/1905 2052/2094/1905 2053/2095/1905
f 2054/2096/1906 2052/2094/1906 1995/2037/1906 2055/2097/1906
f 2056/2098/1907 2054/2096/1907 2055/2097/1907 2057/2099/1907
f 2058/2100/1908 2059/2101/1908 2060/2102/1908 2061/2103/1908
f 2062/2104/1909 2063/2105/1909 2064/2106/1909 2065/2107/1909
f 2066/2108/1910 2067/2109/1910 2068/2110/1910 2069/2111/1910
f 2063/2105/1911 2070/2112/1911 2071/2113/1911 2064/2106/1911
f 2067/2109/1912 2062/2104/1912 2065/2107/1912 2068/2110/1912
f 2070/2112/1913 2072/2114/1913 2012/2054/1913 2071/2113/1913
f 2073/2115/1914 2074/2116/1914 2075/2117/1914 2013/2055/1914
f 2076/2118/1915 2077/2119/1915 2078/2120/1915 2079/2121/1915
f 2074/2116/1916 2080/2122/1916 2081/2123/1916 2075/2117/1916
f 2082/2124/1917 2076/2118/1917 2079/2121/1917 2083/2125/1917
f 2077/2119/1918 2084/2126/1918 2021/2063/1918 2078/2120/1918
f 2080/2122/1919 2082/2124/1919 2083/2125/1919 2081/2123/1919
f 2022/2064/1920 2019/2061/1920 2021/2063/1920 2084/2126/1920
f 2012/2054/1921 2072/2114/1921 2073/2115/1921 2013/2055/1921
f 2033/2075/1922 2085/2127/1922 2086/2128/1922 2030/2072/1922
f 2030/2072/1923 2086/2128/1923 2087/2129/1923 2040/2082/1923
f 2040/2082/1924 2087/2129/1924 2088/2130/1924 2045/2087/1924
f 2045/2087/1925 2088/2130/1925 191/191/1925 148/148/1925
f 2089/2131/1926 2090/2132/1926 2091/2133/1926 2092/2134/1926
f 2093/2135/1927 2089/2131/1927 2092/2134/1927 2094/2136/1927
f 2095/2137/1928 2096/2138/1928 2097/2139/1928 2098/2140/1928
f 2099/2141/1929 2095/2137/1929 2098/2140/1929 2100/2142/1929
f 2096/2138/1930 2093/2135/1930 2094/2136/1930 2097/2139/1930
f 2085/2127/1931 2091/2133/1931 2090/2132/1931 2086/2128/1931
f 2101/2143/1932 2102/2144/1932 2103/2145/1932 2104/2146/1932
f 2102/2144/1933 2105/2147/1933 2106/2148/1933 2103/2145/1933
f 2107/2149/1934 2101/2143/1934 2104/2146/1934 2108/2150/1934
f 2105/2147/1935 2109/2151/1935 2110/2152/1935 2106/2148/1935
f 2109/2151/1936 2111/2153/1936 2112/2154/1936 2110/2152/1936
f 2100/2142/1937 2112/2154/1937 2111/2153/1937 2099/2141/1937
f 2113/2155/1938 2114/2156/1938 2095/2137/1938 2099/2141/1938
f 2099/2141/1939 2111/2153/1939 2115/2157/1939 2113/2155/1939
f 2116/2158/1940 2117/2159/1940 2089/2131/1940 2093/2135/1940
f 2117/2159/1941 2118/2160/1941 2090/2132/1941 2089/2131/1941
f 2119/2161/1942 2120/2162/1942 2102/2144/1942 2101/2143/1942
f 2120/2162/1943 2121/2163/1943 2105/2147/1943 2102/2144/1943
f 2122/2164/1944 2119/2161/1944 2101/2143/1944 2107/2149/1944
f 2121/2163/1945 2123/2165/1945 2109/2151/1945 2105/2147/1945
f 2124/2166/1946 2116/2158/1946 2093/2135/1946 2096/2138/1946
f 2125/2167/1947 2122/2164/1947 2107/2149/1947 2126/2168/1947
f 2123/2165/1948 2115/2157/1948 2111/2153/1948 2109/2151/1948
f 2114/2156/1949 2124/2166/1949 2096/2138/1949 2095/2137/1949
f 2086/2128/1950 2090/2132/1950 2118/2160/1950 2087/2129/1950
f 2087/2129/1951 2118/2160/1951 2127/2169/1951 2088/2130/1951
f 2088/2130/1952 2127/2169/1952 231/231/1952 191/191/1952
f 2128/2170/1953 2129/2171/1953 2114/2156/1953 2113/2155/1953
f 2129/2171/1954 2130/2172/1954 2124/2166/1954 2114/2156/1954
f 2130/2172/1955 2131/2173/1955 2116/2158/1955 2124/2166/1955
f 2132/2174/1956 2133/2175/1956 2134/2176/1956 2117/2159/1956
f 2135/2177/1957 2136/2178/1957 2131/2173/1957 2130/2172/1957
f 2117/2159/1958 2134/2176/1958 2127/2169/1958 2118/2160/1958
f 2137/2179/1959 2138/2180/1959 2129/2171/1959 2128/2170/1959
f 2133/2175/1960 244/244/1960 237/237/1960 2134/2176/1960
f 2138/2180/1961 2135/2177/1961 2130/2172/1961 2129/2171/1961
f 2139/2181/1962 2140/2182/1962 2133/2175/1962 2132/2174/1962
f 2140/2182/1963 247/247/1963 244/244/1963 2133/2175/1963
f 2141/2183/1964 2142/2184/1964 2143/2185/1964 2144/2186/1964
f 2142/2184/1965 2145/2187/1965 2146/2188/1965 2143/2185/1965
f 2145/2187/1966 2147/2189/1966 2148/2190/1966 2146/2188/1966
f 2149/2191/1967 2150/2192/1967 2119/2161/1967 2122/2164/1967
f 2151/2193/1968 2152/2194/1968 2121/2163/1968 2120/2162/1968
f 2150/2192/1969 2151/2193/1969 2120/2162/1969 2119/2161/1969
f 2153/2195/1970 2154/2196/1970 2115/2157/1970 2123/2165/1970
f 2155/2197/1971 2149/2191/1971 2122/2164/1971 2125/2167/1971
f 2152/2194/1972 2153/2195/1972 2123/2165/1972 2121/2163/1972
f 2156/2198/1973 2157/2199/1973 2154/2196/1973 2153/2195/1973
f 2158/2200/1974 2156/2198/1974 2153/2195/1974 2152/2194/1974
f 2159/2201/1975 2158/2200/1975 2152/2194/1975 2151/2193/1975
f 2128/2170/1976 2113/2155/1976 2115/2157/1976 2154/2196/1976
f 2128/2170/1977 2154/2196/1977 2157/2199/1977 2137/2179/1977
f 2160/2202/1978 2161/2203/1978 2162/2204/1978 2163/2205/1978
f 2141/2183/1979 2161/2203/1979 2164/2206/1979 2165/2207/1979
f 2166/2208/1980 2167/2209/1980 2162/2204/1980 2144/2186/1980
f 2168/2210/1981 2169/2211/1981 2170/2212/1981 2160/2202/1981
f 2171/2213/1982 2172/2214/1982 2173/2215/1982 2174/2216/1982
f 282/282/1983 2175/2217/1983 2176/2218/1983 283/283/1983
f 2177/2219/1984 2178/2220/1984 2179/2221/1984 2180/2222/1984
f 2181/2223/1985 2182/2224/1985 2178/2220/1985 2177/2219/1985
f 2183/2225/1986 2179/2221/1986 2178/2220/1986 2184/2226/1986
f 2182/2224/1987 2185/2227/1987 2184/2226/1987 2178/2220/1987
f 2186/2228/1988 2187/2229/1988 2176/2218/1988 2188/2230/1988
f 298/298/1989 2187/2229/1989 2189/2231/1989 299/299/1989
f 2189/2231/1990 2187/2229/1990 2186/2228/1990 2190/2232/1990
f 2188/2230/1991 2176/2218/1991 2175/2217/1991 2191/2233/1991
f 283/283/1992 2176/2218/1992 2187/2229/1992 298/298/1992
f 2192/2234/1993 2193/2235/1993 2194/2236/1993 2195/2237/1993
f 2190/2232/1994 2186/2228/1994 2179/2221/1994 2183/2225/1994
f 2196/2238/1995 2197/2239/1995 2198/2240/1995 2199/2241/1995
f 2200/2242/1996 2201/2243/1996 2202/2244/1996 2203/2245/1996
f 2204/2246/1997 2205/2247/1997 2206/2248/1997 2207/2249/1997
f 2199/2241/1998 2198/2240/1998 2208/2250/1998 2209/2251/1998
f 321/321/1999 2206/2248/1999 2205/2247/1999 322/322/1999
f 2207/2249/2000 2206/2248/2000 2210/2252/2000 2211/2253/2000
f 2209/2251/2001 2208/2250/2001 2212/2254/2001 2213/2255/2001
f 327/327/2002 2210/2252/2002 2206/2248/2002 321/321/2002
f 2211/2253/2003 2210/2252/2003 2214/2256/2003 2215/2257/2003
f 2213/2255/2004 2212/2254/2004 2216/2258/2004 2217/2259/2004
f 332/332/2005 2214/2256/2005 2210/2252/2005 327/327/2005
f 2218/2260/2006 2219/2261/2006 2220/2262/2006 2221/2263/2006
f 2222/2264/2007 2223/2265/2007 2224/2266/2007 2218/2260/2007
f 2225/2267/2008 2226/2268/2008 2196/2238/2008 2227/2269/2008
f 2228/2270/2009 2229/2271/2009 2230/2272/2009 2231/2273/2009
f 2232/2274/2010 2233/2275/2010 2229/2271/2010 2228/2270/2010
f 2199/2241/2011 2234/2276/2011 2227/2269/2011 2196/2238/2011
f 2209/2251/2012 2235/2277/2012 2234/2276/2012 2199/2241/2012
f 2213/2255/2013 2236/2278/2013 2235/2277/2013 2209/2251/2013
f 2217/2259/2014 2237/2279/2014 2236/2278/2014 2213/2255/2014
f 2219/2261/2015 2238/2280/2015 2237/2279/2015 2217/2259/2015
f 2218/2260/2016 2224/2266/2016 2238/2280/2016 2219/2261/2016
f 2222/2264/2017 2233/2275/2017 2232/2274/2017 2223/2265/2017
f 2202/2244/2018 2201/2243/2018 2229/2271/2018 2233/2275/2018
f 2201/2243/2019 2239/2281/2019 2230/2272/2019 2229/2271/2019
f 355/355/2020 358/358/2020 2240/2282/2020 2241/2283/2020
f 2226/2268/2021 2230/2272/2021 2239/2281/2021 2242/2284/2021
f 2243/2285/2022 2244/2286/2022 2177/2219/2022 2180/2222/2022
f 2181/2223/2023 2245/2287/2023 2246/2288/2023 2247/2289/2023
f 2247/2289/2024 2246/2288/2024 2248/2290/2024 2249/2291/2024
f 2250/2292/2025 2202/2244/2025 2233/2275/2025 2222/2264/2025
f 2251/2293/2026 2252/2294/2026 2253/2295/2026 2254/2296/2026
f 2215/2257/2027 2214/2256/2027 2255/2297/2027 2256/2298/2027
f 374/374/2028 2255/2297/2028 2214/2256/2028 332/332/2028
f 2223/2265/2029 2232/2274/2029 2257/2299/2029 2258/2300/2029
f 2258/2300/2030 2259/2301/2030 2224/2266/2030 2223/2265/2030
f 2236/2278/2031 2237/2279/2031 2260/2302/2031 2261/2303/2031
f 2227/2269/2032 2234/2276/2032 2262/2304/2032 2263/2305/2032
f 2264/2306/2033 2257/2299/2033 2232/2274/2033 2228/2270/2033
f 2234/2276/2034 2235/2277/2034 2265/2307/2034 2262/2304/2034
f 2225/2267/2035 2227/2269/2035 2263/2305/2035 2266/2308/2035
f 2237/2279/2036 2238/2280/2036 2267/2309/2036 2260/2302/2036
f 2268/2310/2037 2264/2306/2037 2228/2270/2037 2231/2273/2037
f 2259/2301/2038 2267/2309/2038 2238/2280/2038 2224/2266/2038
f 2235/2277/2039 2236/2278/2039 2261/2303/2039 2265/2307/2039
f 387/387/2040 2269/2311/2040 2255/2297/2040 374/374/2040
f 2270/2312/2041 2271/2313/2041 2272/2314/2041 2273/2315/2041
f 2274/2316/2042 2275/2317/2042 2276/2318/2042 2277/2319/2042
f 2219/2261/2043 2217/2259/2043 2216/2258/2043 2220/2262/2043
f 2221/2263/2044 2250/2292/2044 2222/2264/2044 2218/2260/2044
f 2231/2273/2045 2230/2272/2045 2226/2268/2045 2225/2267/2045
f 2196/2238/2046 2226/2268/2046 2242/2284/2046 2197/2239/2046
f 2231/2273/2047 2225/2267/2047 2266/2308/2047 2268/2310/2047
f 2278/2320/2048 2274/2316/2048 2277/2319/2048 2279/2321/2048
f 399/399/2049 2280/2322/2049 2281/2323/2049 400/400/2049
f 403/403/2050 2282/2324/2050 2269/2311/2050 387/387/2050
f 2260/2302/2051 2267/2309/2051 2283/2325/2051 2284/2326/2051
f 2285/2327/2052 2286/2328/2052 2257/2299/2052 2264/2306/2052
f 2287/2329/2053 2283/2325/2053 2267/2309/2053 2259/2301/2053
f 2258/2300/2054 2257/2299/2054 2286/2328/2054 2288/2330/2054
f 2263/2305/2055 2262/2304/2055 2289/2331/2055 2290/2332/2055
f 2262/2304/2056 2265/2307/2056 2291/2333/2056 2289/2331/2056
f 2288/2330/2057 2287/2329/2057 2259/2301/2057 2258/2300/2057
f 2292/2334/2058 2293/2335/2058 2268/2310/2058 2266/2308/2058
f 2265/2307/2059 2261/2303/2059 2294/2336/2059 2291/2333/2059
f 2266/2308/2060 2263/2305/2060 2290/2332/2060 2292/2334/2060
f 2261/2303/2061 2260/2302/2061 2284/2326/2061 2294/2336/2061
f 2293/2335/2062 2285/2327/2062 2264/2306/2062 2268/2310/2062
f 2295/2337/2063 2296/2338/2063 2293/2335/2063 2292/2334/2063
f 2296/2338/2064 2297/2339/2064 2285/2327/2064 2293/2335/2064
f 2298/2340/2065 2299/2341/2065 2296/2338/2065 2295/2337/2065
f 2299/2341/2066 2300/2342/2066 2297/2339/2066 2296/2338/2066
f 2295/2337/2067 2292/2334/2067 2290/2332/2067 2289/2331/2067
f 2285/2327/2068 2297/2339/2068 2288/2330/2068 2286/2328/2068
f 2288/2330/2069 2297/2339/2069 2300/2342/2069 2287/2329/2069
f 2300/2342/2070 2284/2326/2070 2283/2325/2070 2287/2329/2070
f 2299/2341/2071 2294/2336/2071 2284/2326/2071 2300/2342/2071
f 2298/2340/2072 2291/2333/2072 2294/2336/2072 2299/2341/2072
f 2295/2337/2073 2289/2331/2073 2291/2333/2073 2298/2340/2073
f 2279/2321/2074 2277/2319/2074 2301/2343/2074 2302/2344/2074
f 2277/2319/2075 2276/2318/2075 2303/2345/2075 2301/2343/2075
f 2271/2313/2076 2304/2346/2076 2305/2347/2076 2272/2314/2076
f 2306/2348/2077 2307/2349/2077 2269/2311/2077 2282/2324/2077
f 2304/2346/2078 2308/2350/2078 2309/2351/2078 2310/2352/2078
f 2310/2352/2079 2309/2351/2079 2311/2353/2079 2312/2354/2079
f 2313/2355/2080 2314/2356/2080 2315/2357/2080 2316/2358/2080
f 2316/2358/2081 2315/2357/2081 2317/2359/2081 2318/2360/2081
f 2318/2360/2082 2317/2359/2082 2319/2361/2082 2320/2362/2082
f 2321/2363/2083 2322/2364/2083 2323/2365/2083 2324/2366/2083
f 2325/2367/2084 2326/2368/2084 2322/2364/2084 2321/2363/2084
f 2327/2369/2085 2328/2370/2085 2329/2371/2085 2330/2372/2085
f 2331/2373/2086 2332/2374/2086 2328/2370/2086 2327/2369/2086
f 2333/2375/2087 2334/2376/2087 2335/2377/2087 2336/2378/2087
f 2337/2379/2088 2338/2380/2088 2339/2381/2088 2340/2382/2088
f 2341/2383/2089 2305/2347/2089 2304/2346/2089 2310/2352/2089
f 2312/2354/2090 2342/2384/2090 2341/2383/2090 2310/2352/2090
f 2313/2355/2091 2343/2385/2091 2342/2384/2091 2312/2354/2091
f 2318/2360/2092 2344/2386/2092 2345/2387/2092 2316/2358/2092
f 2320/2362/2093 2346/2388/2093 2344/2386/2093 2318/2360/2093
f 2347/2389/2094 2348/2390/2094 2349/2391/2094 2350/2392/2094
f 2351/2393/2095 2333/2375/2095 2336/2378/2095 2352/2394/2095
f 2338/2380/2096 2353/2395/2096 2354/2396/2096 2339/2381/2096
f 2278/2320/2097 2335/2377/2097 2334/2376/2097 2274/2316/2097
f 2355/2397/2098 2356/2398/2098 2357/2399/2098 2358/2400/2098
f 2359/2401/2099 2360/2402/2099 2361/2403/2099 2362/2404/2099
f 2363/2405/2100 2364/2406/2100 2365/2407/2100 2366/2408/2100
f 2367/2409/2101 2368/2410/2101 2369/2411/2101 2370/2412/2101
f 2371/2413/2102 2372/2414/2102 2373/2415/2102 2374/2416/2102
f 2375/2417/2103 2376/2418/2103 2377/2419/2103 2378/2420/2103
f 2379/2421/2104 2380/2422/2104 2381/2423/2104 2382/2424/2104
f 2383/2425/2105 2384/2426/2105 2376/2418/2105 2375/2417/2105
f 2385/2427/2106 2386/2428/2106 2380/2422/2106 2379/2421/2106
f 2387/2429/2107 2388/2430/2107 2384/2426/2107 2383/2425/2107
f 2389/2431/2108 2390/2432/2108 2386/2428/2108 2385/2427/2108
f 513/513/2109 514/514/2109 2388/2430/2109 2387/2429/2109
f 515/515/2110 516/516/2110 2390/2432/2110 2389/2431/2110
f 2391/2433/2111 2364/2406/2111 2377/2419/2111 2392/2434/2111
f 2376/2418/2112 2393/2435/2112 2392/2434/2112 2377/2419/2112
f 2384/2426/2113 2394/2436/2113 2393/2435/2113 2376/2418/2113
f 2388/2430/2114 2395/2437/2114 2394/2436/2114 2384/2426/2114
f 514/514/2115 522/522/2115 2395/2437/2115 2388/2430/2115
f 2372/2414/2116 2359/2401/2116 2362/2404/2116 2373/2415/2116
f 2382/2424/2117 2396/2438/2117 2357/2399/2117 2379/2421/2117
f 2356/2398/2118 2385/2427/2118 2379/2421/2118 2357/2399/2118
f 2385/2427/2119 2356/2398/2119 2280/2322/2119 2389/2431/2119
f 399/399/2120 515/515/2120 2389/2431/2120 2280/2322/2120
f 2397/2439/2121 2398/2440/2121 2334/2376/2121 2333/2375/2121
f 2399/2441/2122 2400/2442/2122 2353/2395/2122 2338/2380/2122
f 2401/2443/2123 2397/2439/2123 2333/2375/2123 2351/2393/2123
f 2274/2316/2124 2334/2376/2124 2398/2440/2124 2275/2317/2124
f 2402/2444/2125 2275/2317/2125 2398/2440/2125 2403/2445/2125
f 2397/2439/2126 2404/2446/2126 2403/2445/2126 2398/2440/2126
f 2401/2443/2127 2405/2447/2127 2404/2446/2127 2397/2439/2127
f 2405/2447/2128 2401/2443/2128 2400/2442/2128 2406/2448/2128
f 2399/2441/2129 2407/2449/2129 2406/2448/2129 2400/2442/2129
f 2408/2450/2130 2409/2451/2130 2404/2446/2130 2405/2447/2130
f 2409/2451/2131 2410/2452/2131 2403/2445/2131 2404/2446/2131
f 2411/2453/2132 2412/2454/2132 2413/2455/2132 2414/2456/2132
f 2402/2444/2133 2403/2445/2133 2410/2452/2133 2415/2457/2133
f 2416/2458/2134 2417/2459/2134 2406/2448/2134 2407/2449/2134
f 2312/2354/2135 2311/2353/2135 2314/2356/2135 2313/2355/2135
f 2330/2372/2136 2329/2371/2136 2326/2368/2136 2325/2367/2136
f 2316/2358/2137 2345/2387/2137 2343/2385/2137 2313/2355/2137
f 2353/2395/2138 2351/2393/2138 2352/2394/2138 2354/2396/2138
f 2360/2402/2139 2363/2405/2139 2366/2408/2139 2361/2403/2139
f 2380/2422/2140 2375/2417/2140 2378/2420/2140 2381/2423/2140
f 2386/2428/2141 2383/2425/2141 2375/2417/2141 2380/2422/2141
f 2390/2432/2142 2387/2429/2142 2383/2425/2142 2386/2428/2142
f 516/516/2143 513/513/2143 2387/2429/2143 2390/2432/2143
f 2400/2442/2144 2401/2443/2144 2351/2393/2144 2353/2395/2144
f 2407/2449/2145 2399/2441/2145 2418/2460/2145 2419/2461/2145
f 2417/2459/2146 2408/2450/2146 2405/2447/2146 2406/2448/2146
f 2419/2461/2147 2420/2462/2147 2416/2458/2147 2407/2449/2147
f 2392/2434/2148 2393/2435/2148 2421/2463/2148 2422/2464/2148
f 2393/2435/2149 2394/2436/2149 2423/2465/2149 2421/2463/2149
f 2391/2433/2150 2392/2434/2150 2422/2464/2150 2424/2466/2150
f 2419/2467/2151 2418/2468/2151 2425/2469/2151 2426/2470/2151
f 2337/2379/2152 2418/2460/2152 2399/2441/2152 2338/2380/2152
f 2395/2437/2153 522/522/2153 555/557/2153 2427/2471/2153
f 2394/2436/2154 2395/2437/2154 2427/2471/2154 2423/2465/2154
f 2428/2472/2155 2429/2473/2155 2332/2474/2155 2331/2475/2155
f 2420/2462/2156 673/691/2156 674/690/2156 2416/2458/2156
f 2430/2476/2157 2431/2477/2157 2346/2478/2157 2320/2479/2157
f 2422/2480/2158 2421/2481/2158 2432/2482/2158 2433/2483/2158
f 2434/2484/2159 2435/2485/2159 2337/2486/2159 2340/2487/2159
f 2426/2470/2160 2425/2469/2160 2436/2488/2160 2437/2489/2160
f 2423/2490/2161 2427/2491/2161 2438/2492/2161 2439/2493/2161
f 2426/2470/2162 2440/2494/2162 2420/2495/2162 2419/2467/2162
f 2421/2481/2163 2423/2490/2163 2439/2493/2163 2432/2482/2163
f 2435/2485/2164 2425/2469/2164 2418/2468/2164 2337/2486/2164
f 2424/2496/2165 2422/2480/2165 2433/2483/2165 2441/2497/2165
f 2320/2479/2166 2319/2498/2166 2442/2499/2166 2430/2476/2166
f 2432/2482/2167 2439/2493/2167 2443/2500/2167 2444/2501/2167
f 2439/2493/2168 2438/2492/2168 2445/2502/2168 2443/2500/2168
f 2437/2489/2169 2446/2503/2169 2440/2494/2169 2426/2470/2169
f 2441/2497/2170 2433/2483/2170 2447/2504/2170 2448/2505/2170
f 2449/2506/2171 2450/2507/2171 2435/2485/2171 2434/2484/2171
f 2451/2508/2172 2452/2509/2172 2431/2477/2172 2430/2476/2172
f 2430/2476/2173 2442/2499/2173 2453/2510/2173 2451/2508/2173
f 2433/2483/2174 2432/2482/2174 2444/2501/2174 2447/2504/2174
f 2454/2511/2175 2455/2512/2175 2437/2489/2175 2436/2488/2175
f 2450/2507/2176 2436/2488/2176 2425/2469/2176 2435/2485/2176
f 2456/2513/2177 2457/2514/2177 2429/2473/2177 2428/2472/2177
f 2458/2515/2178 2454/2511/2178 2436/2488/2178 2450/2507/2178
f 2459/2516/2179 2460/2517/2179 2457/2514/2179 2456/2513/2179
f 2445/2502/2180 573/2518/2180 592/2519/2180 2461/2520/2180
f 2444/2501/2181 2443/2500/2181 2462/2521/2181 2463/2522/2181
f 2443/2500/2182 2445/2502/2182 2461/2520/2182 2462/2521/2182
f 2455/2512/2183 2464/2523/2183 2446/2503/2183 2437/2489/2183
f 2448/2505/2184 2447/2504/2184 2465/2524/2184 2466/2525/2184
f 2467/2526/2185 2458/2515/2185 2450/2507/2185 2449/2506/2185
f 2468/2527/2186 2469/2528/2186 2452/2509/2186 2451/2508/2186
f 2451/2508/2187 2453/2510/2187 2470/2529/2187 2468/2527/2187
f 2447/2504/2188 2444/2501/2188 2463/2522/2188 2465/2524/2188
f 2455/2512/2189 2454/2511/2189 2471/2530/2189 2472/2531/2189
f 2473/2532/2190 2474/2533/2190 2472/2531/2190 2471/2530/2190
f 2475/2534/2191 2471/2530/2191 2454/2511/2191 2458/2515/2191
f 2476/2535/2192 2477/2536/2192 2460/2517/2192 2459/2516/2192
f 2461/2520/2193 592/2519/2193 610/2537/2193 2478/2538/2193
f 2463/2522/2194 2462/2521/2194 2479/2539/2194 2480/2540/2194
f 2462/2521/2195 2461/2520/2195 2478/2538/2195 2479/2539/2195
f 2472/2531/2196 2481/2541/2196 2464/2523/2196 2455/2512/2196
f 2466/2525/2197 2465/2524/2197 2482/2542/2197 2483/2543/2197
f 2484/2544/2198 2475/2534/2198 2458/2515/2198 2467/2526/2198
f 2485/2545/2199 2486/2546/2199 2469/2528/2199 2468/2527/2199
f 2468/2527/2200 2470/2529/2200 2487/2547/2200 2485/2545/2200
f 2465/2524/2201 2463/2522/2201 2480/2540/2201 2482/2542/2201
f 2488/2548/2202 2489/2549/2202 2486/2546/2202 2485/2545/2202
f 2485/2545/2203 2487/2547/2203 2490/2550/2203 2488/2548/2203
f 2482/2542/2204 2480/2540/2204 2491/2551/2204 2492/2552/2204
f 2474/2533/2205 2473/2532/2205 2493/2553/2205 2494/2554/2205
f 2495/2555/2206 2473/2532/2206 2471/2530/2206 2475/2534/2206
f 2496/2556/2207 2497/2557/2207 2477/2536/2207 2476/2535/2207
f 2478/2538/2208 610/2537/2208 631/2558/2208 2498/2559/2208
f 632/648/2209 635/651/2209 2499/2560/2209 2500/2561/2209
f 2480/2540/2210 2479/2539/2210 2501/2562/2210 2491/2551/2210
f 2479/2539/2211 2478/2538/2211 2498/2559/2211 2501/2562/2211
f 2474/2533/2212 2502/2563/2212 2481/2541/2212 2472/2531/2212
f 2483/2543/2213 2482/2542/2213 2492/2552/2213 2503/2564/2213
f 2504/2565/2214 2495/2555/2214 2475/2534/2214 2484/2544/2214
f 2498/2559/2215 631/2558/2215 641/2566/2215 2505/2567/2215
f 2499/2560/2216 635/651/2216 642/658/2216 2502/2563/2216
f 2491/2551/2217 2501/2562/2217 2506/2568/2217 2507/2569/2217
f 2501/2562/2218 2498/2559/2218 2505/2567/2218 2506/2568/2218
f 2494/2554/2219 2499/2560/2219 2502/2563/2219 2474/2533/2219
f 2503/2564/2220 2492/2552/2220 2508/2570/2220 2509/2571/2220
f 2510/2572/2221 2511/2573/2221 2495/2555/2221 2504/2565/2221
f 2512/2574/2222 2513/2575/2222 2489/2549/2222 2488/2548/2222
f 2488/2548/2223 2490/2550/2223 2514/2576/2223 2512/2574/2223
f 652/668/2224 2481/2541/2224 2502/2563/2224 642/658/2224
f 2492/2552/2225 2491/2551/2225 2507/2569/2225 2508/2570/2225
f 2515/2577/2226 2516/2578/2226 2494/2554/2226 2493/2553/2226
f 2511/2573/2227 2493/2553/2227 2473/2532/2227 2495/2555/2227
f 2481/2541/2228 652/668/2228 655/671/2228 2464/2523/2228
f 2517/2579/2229 2518/2580/2229 2497/2557/2229 2496/2556/2229
f 2519/2581/2230 2515/2577/2230 2493/2553/2230 2511/2573/2230
f 2464/2523/2231 655/671/2231 659/675/2231 2446/2503/2231
f 2520/2582/2232 2521/2583/2232 2518/2580/2232 2517/2579/2232
f 2505/2567/2233 641/2566/2233 663/2584/2233 2522/2585/2233
f 2446/2503/2234 659/675/2234 664/680/2234 2440/2494/2234
f 2507/2569/2235 2506/2568/2235 2523/2586/2235 2524/2587/2235
f 2506/2568/2236 2505/2567/2236 2522/2585/2236 2523/2586/2236
f 2516/2578/2237 2500/2561/2237 2499/2560/2237 2494/2554/2237
f 2509/2571/2238 2508/2570/2238 2525/2588/2238 2526/2589/2238
f 2527/2590/2239 2519/2581/2239 2511/2573/2239 2510/2572/2239
f 2528/2591/2240 2529/2592/2240 2513/2575/2240 2512/2574/2240
f 2512/2574/2241 2514/2576/2241 2530/2593/2241 2528/2591/2241
f 2508/2570/2242 2507/2569/2242 2524/2587/2242 2525/2588/2242
f 2409/2451/2243 677/694/2243 678/695/2243 2410/2452/2243
f 676/693/2244 2408/2450/2244 2417/2459/2244 675/692/2244
f 2411/2453/2245 1053/1089/2245 1052/1088/2245 2412/2454/2245
f 2147/2189/2246 2531/2594/2246 2532/2595/2246 2148/2190/2246
f 2533/2596/2247 2534/2597/2247 2413/2455/2247 2412/2454/2247
f 2535/2598/2248 2536/2599/2248 2537/2600/2248 2538/2601/2248
f 2302/2344/2249 2301/2343/2249 2539/2602/2249 2540/2603/2249
f 2348/2390/2250 2324/2366/2250 2323/2365/2250 2349/2391/2250
f 2539/2602/2251 2301/2343/2251 2303/2345/2251 2541/2604/2251
f 2542/2605/2252 2543/2606/2252 2544/2607/2252 2545/2608/2252
f 2546/2609/2253 2547/2610/2253 2548/2611/2253 2549/2612/2253
f 2550/2613/2254 2551/2614/2254 2552/2615/2254 2553/2616/2254
f 2554/2617/2255 2555/2618/2255 2551/2614/2255 2550/2613/2255
f 2556/2619/2256 2557/2620/2256 2555/2618/2256 2554/2617/2256
f 2558/2621/2257 2559/2622/2257 2557/2620/2257 2556/2619/2257
f 2560/2623/2258 2561/2624/2258 2559/2622/2258 2558/2621/2258
f 2562/2625/2259 2563/2626/2259 2561/2624/2259 2560/2623/2259
f 2564/2627/2260 2565/2628/2260 2566/2629/2260 2567/2630/2260
f 2568/2631/2261 2569/2632/2261 2565/2628/2261 2564/2627/2261
f 2570/2633/2262 2571/2634/2262 2569/2632/2262 2568/2631/2262
f 2572/2635/2263 2573/2636/2263 2571/2634/2263 2570/2633/2263
f 2574/2637/2264 2575/2638/2264 2573/2636/2264 2572/2635/2264
f 2576/2639/2265 2577/2640/2265 2575/2638/2265 2574/2637/2265
f 2547/2610/2266 2578/2641/2266 2579/2642/2266 2548/2611/2266
f 2580/2643/2267 2581/2644/2267 2582/2645/2267 2583/2646/2267
f 2583/2647/2268 2582/2648/2268 2584/2649/2268 2585/2650/2268
f 2585/2650/2269 2584/2649/2269 2586/2651/2269 2587/2652/2269
f 2587/2652/2270 2586/2651/2270 2588/2653/2270 2589/2654/2270
f 2590/2655/2271 2591/2656/2271 2592/2657/2271 2593/2658/2271
f 2594/2659/2272 2595/2660/2272 2593/2658/2272 2596/2661/2272
f 2589/2654/2273 2588/2653/2273 2597/2662/2273 2596/2661/2273
f 2596/2661/2274 2597/2662/2274 2598/2663/2274 2594/2659/2274
f 2599/2664/2275 2590/2655/2275 2593/2658/2275 2595/2660/2275
f 2596/2661/2276 2593/2658/2276 2592/2657/2276 2589/2654/2276
f 2594/2659/2277 2598/2663/2277 2600/2665/2277 2601/2666/2277
f 2591/2656/2278 2602/2667/2278 2603/2668/2278 2604/2669/2278
f 2597/2662/2279 755/774/2279 754/773/2279 2598/2663/2279
f 2605/2670/2280 2599/2664/2280 2595/2660/2280 2606/2671/2280
f 2574/2637/2281 2607/2672/2281 2608/2673/2281 2576/2639/2281
f 2572/2635/2282 2609/2674/2282 2607/2672/2282 2574/2637/2282
f 2570/2633/2283 2610/2675/2283 2609/2674/2283 2572/2635/2283
f 2584/2649/2284 763/782/2284 762/781/2284 2586/2651/2284
f 2611/2676/2285 2546/2609/2285 2549/2612/2285 2612/2677/2285
f 2165/2207/2286 2613/2678/2286 2142/2184/2286 2141/2183/2286
f 2553/2616/2287 2566/2629/2287 2565/2628/2287 2550/2613/2287
f 2550/2613/2288 2565/2628/2288 2569/2632/2288 2554/2617/2288
f 2554/2617/2289 2569/2632/2289 2571/2634/2289 2556/2619/2289
f 2556/2619/2290 2571/2634/2290 2573/2636/2290 2558/2621/2290
f 2558/2621/2291 2573/2636/2291 2575/2638/2291 2560/2623/2291
f 2560/2623/2292 2575/2638/2292 2577/2640/2292 2562/2625/2292
f 2551/2614/2293 2555/2618/2293 2614/2679/2293 2615/2680/2293
f 2561/2624/2294 2563/2626/2294 2616/2681/2294 2617/2682/2294
f 2559/2622/2295 2561/2624/2295 2617/2682/2295 2618/2683/2295
f 2557/2620/2296 2559/2622/2296 2618/2683/2296 2619/2684/2296
f 2555/2618/2297 2557/2620/2297 2619/2684/2297 2614/2679/2297
f 2615/2680/2298 2614/2679/2298 2620/2685/2298 2621/2686/2298
f 2617/2682/2299 2616/2681/2299 2622/2687/2299 2623/2688/2299
f 2614/2679/2300 2619/2684/2300 2624/2689/2300 2620/2685/2300
f 2619/2684/2301 2618/2683/2301 2625/2690/2301 2624/2689/2301
f 2618/2683/2302 2617/2682/2302 2623/2688/2302 2625/2690/2302
f 2621/2686/2303 2620/2685/2303 2626/2691/2303 2627/2692/2303
f 2623/2688/2304 2622/2687/2304 2628/2693/2304 2629/2694/2304
f 2620/2685/2305 2624/2689/2305 2630/2695/2305 2626/2691/2305
f 2624/2689/2306 2625/2690/2306 2631/2696/2306 2630/2695/2306
f 2625/2690/2307 2623/2688/2307 2629/2694/2307 2631/2696/2307
f 2627/2692/2308 2626/2691/2308 2632/2697/2308 2633/2698/2308
f 2629/2694/2309 2628/2693/2309 2634/2699/2309 2635/2700/2309
f 2626/2691/2310 2630/2695/2310 2636/2701/2310 2632/2697/2310
f 2630/2695/2311 2631/2696/2311 2637/2702/2311 2636/2701/2311
f 2631/2696/2312 2629/2694/2312 2635/2700/2312 2637/2702/2312
f 2633/2698/2313 2632/2697/2313 2638/2703/2313 2639/2704/2313
f 2635/2700/2314 2634/2699/2314 2640/2705/2314 2641/2706/2314
f 2632/2697/2315 2636/2701/2315 2642/2707/2315 2638/2703/2315
f 2636/2701/2316 2637/2702/2316 2643/2708/2316 2642/2707/2316
f 2637/2702/2317 2635/2700/2317 2641/2706/2317 2643/2708/2317
f 2639/2704/2318 2638/2703/2318 2644/2709/2318 2645/2710/2318
f 2641/2706/2319 2640/2705/2319 2646/2711/2319 2647/2712/2319
f 2638/2703/2320 2642/2707/2320 2648/2713/2320 2644/2709/2320
f 2642/2707/2321 2643/2708/2321 2649/2714/2321 2648/2713/2321
f 2643/2708/2322 2641/2706/2322 2647/2712/2322 2649/2714/2322
f 2650/2715/2323 2651/2716/2323 805/2717/2323 804/2718/2323
f 2652/2719/2324 2653/2720/2324 809/2721/2324 808/2722/2324
f 2651/2716/2325 2654/2723/2325 811/2724/2325 805/2717/2325
f 2654/2723/2326 2655/2725/2326 813/2726/2326 811/2724/2326
f 2655/2725/2327 2652/2719/2327 808/2722/2327 813/2726/2327
f 2656/2727/2328 2657/2728/2328 2658/2729/2328 2659/2730/2328
f 2657/2728/2329 2660/2731/2329 2661/2732/2329 2658/2729/2329
f 2662/2733/2330 2663/2734/2330 2664/2735/2330 2665/2736/2330
f 2666/2737/2331 2667/2738/2331 2668/2739/2331 2669/2740/2331
f 2663/2734/2332 2656/2727/2332 2659/2730/2332 2664/2735/2332
f 2667/2738/2333 2670/2741/2333 2671/2742/2333 2668/2739/2333
f 2672/2743/2334 2673/2744/2334 2674/2745/2334 2675/2746/2334
f 2675/2746/2335 2674/2745/2335 2676/2747/2335 2677/2748/2335
f 2678/2749/2336 2679/2750/2336 2680/2751/2336 2681/2752/2336
f 2682/2753/2337 2683/2754/2337 2673/2744/2337 2672/2743/2337
f 2684/2755/2338 2685/2756/2338 2686/2757/2338 2687/2758/2338
f 2677/2748/2339 2676/2747/2339 2169/2211/2339 2168/2210/2339
f 2688/2759/2340 2171/2213/2340 2174/2216/2340 2689/2760/2340
f 2681/2752/2341 2688/2759/2341 2689/2760/2341 2678/2749/2341
f 2686/2757/2342 2685/2756/2342 2690/2761/2342 2691/2762/2342
f 2692/2763/2343 2548/2611/2343 2579/2642/2343 2693/2764/2343
f 2551/2614/2344 2615/2680/2344 2694/2765/2344 2552/2615/2344
f 2621/2686/2345 2695/2766/2345 2694/2765/2345 2615/2680/2345
f 2627/2692/2346 2696/2767/2346 2695/2766/2346 2621/2686/2346
f 2633/2698/2347 2697/2768/2347 2696/2767/2347 2627/2692/2347
f 2639/2704/2348 2698/2769/2348 2697/2768/2348 2633/2698/2348
f 2645/2710/2349 2699/2770/2349 2698/2769/2349 2639/2704/2349
f 2700/2771/2350 2701/2772/2350 2702/2773/2350 2703/2774/2350
f 2704/2775/2351 2705/2776/2351 2066/2108/2351 2069/2111/2351
f 2058/2100/2352 2706/2777/2352 2707/2778/2352 2059/2101/2352
f 2708/2779/2353 2705/2776/2353 2709/2780/2353 2710/2781/2353
f 2708/2779/2354 2126/2168/2354 2107/2149/2354 2108/2150/2354
f 2711/2782/2355 2712/2783/2355 2707/2778/2355 2706/2777/2355
f 2702/2773/2356 2712/2783/2356 2711/2782/2356 2703/2774/2356
f 2072/2114/2357 2112/2154/2357 2100/2142/2357 2073/2115/2357
f 2062/2104/2358 2103/2145/2358 2106/2148/2358 2063/2105/2358
f 2022/2064/2359 2033/2075/2359 2032/2074/2359 2023/2065/2359
f 2066/2108/2360 2108/2150/2360 2104/2146/2360 2067/2109/2360
f 2076/2118/2361 2092/2134/2361 2091/2133/2361 2077/2119/2361
f 2024/2066/2362 2037/2079/2362 2036/2078/2362 2026/2068/2362
f 2080/2122/2363 2097/2139/2363 2094/2136/2363 2082/2124/2363
f 2070/2112/2364 2110/2152/2364 2112/2154/2364 2072/2114/2364
f 2023/2065/2365 2032/2074/2365 2037/2079/2365 2024/2066/2365
f 2067/2109/2366 2104/2146/2366 2103/2145/2366 2062/2104/2366
f 2077/2119/2367 2091/2133/2367 2085/2127/2367 2084/2126/2367
f 2082/2124/2368 2094/2136/2368 2092/2134/2368 2076/2118/2368
f 2073/2115/2369 2100/2142/2369 2098/2140/2369 2074/2116/2369
f 2033/2075/2370 2022/2064/2370 2084/2126/2370 2085/2127/2370
f 2063/2105/2371 2106/2148/2371 2110/2152/2371 2070/2112/2371
f 2074/2116/2372 2098/2140/2372 2097/2139/2372 2080/2122/2372
f 2026/2068/2373 2036/2078/2373 2039/2081/2373 2028/2070/2373
f 2578/2641/2374 2713/2784/2374 2714/2785/2374 2579/2642/2374
f 2693/2764/2375 2579/2642/2375 2714/2785/2375 2715/2786/2375
f 2586/2651/2376 762/781/2376 875/894/2376 2588/2653/2376
f 755/774/2377 2597/2662/2377 2588/2653/2377 875/894/2377
f 2598/2663/2378 754/773/2378 876/895/2378 2600/2665/2378
f 2545/2608/2379 2716/2787/2379 2717/2788/2379 2542/2605/2379
f 2718/2789/2380 2719/2790/2380 2720/2791/2380 2721/2792/2380
f 2722/2793/2381 2720/2791/2381 2719/2790/2381 2723/2794/2381
f 2724/2795/2382 2725/2796/2382 2721/2792/2382 2720/2791/2382
f 2724/2795/2383 2720/2791/2383 2722/2793/2383 2726/2797/2383
f 2727/2798/2384 2728/2799/2384 2729/2800/2384 2730/2801/2384
f 2592/2657/2385 2591/2656/2385 2604/2669/2385 2731/2802/2385
f 2589/2654/2386 2592/2657/2386 2731/2802/2386 2587/2652/2386
f 2594/2659/2387 2601/2666/2387 2606/2671/2387 2595/2660/2387
f 2732/2803/2388 2599/2664/2388 2605/2670/2388 2733/2804/2388
f 2734/2805/2389 2590/2655/2389 2599/2664/2389 2732/2803/2389
f 2590/2655/2390 2734/2805/2390 2602/2667/2390 2591/2656/2390
f 2728/2799/2391 2735/2806/2391 2736/2807/2391 2729/2800/2391
f 2737/2808/2392 2722/2793/2392 2723/2794/2392 2738/2809/2392
f 2737/2808/2393 2728/2810/2393 2727/2811/2393 2739/2812/2393
f 2740/2813/2394 2612/2677/2394 2549/2612/2394 2741/2814/2394
f 2742/2815/2395 2743/2816/2395 2744/2817/2395 2745/2818/2395
f 2610/2675/2396 2746/2819/2396 2747/2820/2396 2609/2674/2396
f 2609/2674/2397 2747/2820/2397 2748/2821/2397 2607/2672/2397
f 2607/2672/2398 2748/2821/2398 2749/2822/2398 2608/2673/2398
f 2750/2823/2399 2744/2824/2399 2567/2825/2399 2751/2826/2399
f 2752/2827/2400 2553/2828/2400 2552/2829/2400 2753/2830/2400
f 2754/2831/2401 2745/2832/2401 2744/2824/2401 2750/2823/2401
f 2752/2827/2402 2713/2784/2402 2578/2641/2402 2755/2833/2402
f 2751/2826/2403 2567/2825/2403 2566/2834/2403 2755/2833/2403
f 2756/2835/2404 2753/2830/2404 2552/2829/2404 2694/2836/2404
f 2757/2837/2405 2666/2737/2405 2669/2740/2405 2758/2838/2405
f 2759/2839/2406 2757/2837/2406 2758/2838/2406 2760/2840/2406
f 2761/2841/2407 2762/2842/2407 2673/2744/2407 2683/2754/2407
f 2660/2731/2408 925/2843/2408 924/2844/2408 2661/2732/2408
f 2670/2741/2409 2662/2733/2409 2665/2736/2409 2671/2742/2409
f 2713/2784/2410 2763/2845/2410 2764/2846/2410 2714/2785/2410
f 2765/2847/2411 2766/2848/2411 2767/2849/2411 2768/2850/2411
f 2769/2851/2412 2756/2835/2412 2694/2836/2412 2695/2852/2412
f 2770/2853/2413 2771/2854/2413 935/2855/2413 934/2856/2413
f 2772/2857/2414 2773/2858/2414 2774/2859/2414 2775/2860/2414
f 2776/2861/2415 2772/2857/2415 2775/2860/2415 2777/2862/2415
f 2778/2863/2416 2698/2864/2416 2699/2865/2416 2779/2866/2416
f 2780/2867/2417 2697/2868/2417 2698/2864/2417 2778/2863/2417
f 2781/2869/2418 2696/2870/2418 2697/2868/2418 2780/2867/2418
f 2782/2871/2419 2695/2852/2419 2696/2870/2419 2781/2869/2419
f 2783/2872/2420 2784/2873/2420 2699/2770/2420 2645/2710/2420
f 2686/2757/2421 2691/2762/2421 2785/2874/2421 2786/2875/2421
f 2787/2876/2422 955/2877/2422 954/2878/2422 2788/2879/2422
f 2687/2758/2423 2686/2757/2423 2786/2875/2423 2789/2880/2423
f 2790/2881/2424 2791/2882/2424 2792/2883/2424 2793/2884/2424
f 2794/2885/2425 2687/2758/2425 2789/2880/2425 2795/2886/2425
f 2691/2762/2426 2790/2881/2426 2793/2884/2426 2785/2874/2426
f 2796/2887/2427 2797/2888/2427 2798/2889/2427 2799/2890/2427
f 2800/2891/2428 2801/2892/2428 2766/2848/2428 2765/2847/2428
f 2802/2893/2429 2800/2891/2429 2765/2847/2429 2803/2894/2429
f 2804/2895/2430 974/2896/2430 973/2897/2430 2805/2898/2430
f 2797/2888/2431 2802/2893/2431 2803/2894/2431 2798/2889/2431
f 2801/2892/2432 2806/2899/2432 2807/2900/2432 2766/2848/2432
f 2767/2849/2433 2808/2901/2433 2656/2727/2433 2663/2734/2433
f 2809/2902/2434 2810/2903/2434 2667/2738/2434 2666/2737/2434
f 2768/2850/2435 2767/2849/2435 2663/2734/2435 2662/2733/2435
f 2811/2904/2436 2768/2850/2436 2662/2733/2436 2670/2741/2436
f 2812/2905/2437 982/2906/2437 925/2843/2437 2660/2731/2437
f 2810/2903/2438 2811/2904/2438 2670/2741/2438 2667/2738/2438
f 2813/2907/2439 2814/2908/2439 985/2909/2439 984/2910/2439
f 2815/2911/2440 2174/2216/2440 2173/2215/2440 2816/2912/2440
f 2613/2678/2441 2817/2913/2441 2818/2914/2441 2819/2915/2441
f 2820/2916/2442 2165/2207/2442 2164/2206/2442 2821/2917/2442
f 2820/2916/2443 2817/2913/2443 2613/2678/2443 2165/2207/2443
f 2822/2918/2444 2173/2215/2444 2172/2214/2444 2823/2919/2444
f 2691/2762/2445 2690/2761/2445 2824/2920/2445 2790/2881/2445
f 2790/2881/2446 2824/2920/2446 2777/2862/2446 2791/2882/2446
f 2825/2921/2447 1000/1033/2447 999/1032/2447 2826/2922/2447
f 2818/2914/2448 2827/2923/2448 2828/2924/2448 2819/2915/2448
f 2531/2594/2449 2825/2921/2449 2826/2922/2449 2532/2595/2449
f 2829/2925/2450 2830/2926/2450 2817/2913/2450 2820/2916/2450
f 2829/2925/2451 2820/2916/2451 2821/2917/2451 2831/2927/2451
f 2777/2862/2452 2775/2860/2452 2832/2928/2452 2791/2882/2452
f 2833/2929/2453 2679/2750/2453 2678/2749/2453 2834/2930/2453
f 2834/2930/2454 2678/2749/2454 2689/2760/2454 2835/2931/2454
f 2830/2926/2455 2836/2932/2455 2818/2914/2455 2817/2913/2455
f 2544/2607/2456 2543/2606/2456 2581/2644/2456 2580/2643/2456
f 2775/2860/2457 2774/2859/2457 2787/2876/2457 2832/2928/2457
f 2728/2810/2458 2737/2808/2458 2738/2809/2458 2735/2933/2458
f 2722/2793/2459 2737/2808/2459 2739/2812/2459 2726/2797/2459
f 2546/2609/2460 2750/2823/2460 2751/2826/2460 2547/2610/2460
f 2713/2784/2461 2752/2827/2461 2753/2830/2461 2837/2934/2461
f 2611/2676/2462 2754/2831/2462 2750/2823/2462 2546/2609/2462
f 2553/2828/2463 2752/2827/2463 2755/2833/2463 2566/2834/2463
f 2547/2610/2464 2751/2826/2464 2755/2833/2464 2578/2641/2464
f 2838/2935/2465 2837/2934/2465 2753/2830/2465 2756/2835/2465
f 2839/2936/2466 2838/2935/2466 2756/2835/2466 2769/2851/2466
f 2840/2937/2467 2769/2851/2467 2695/2852/2467 2782/2871/2467
f 2841/2938/2468 2794/2885/2468 2795/2886/2468 2842/2939/2468
f 2843/2940/2469 2796/2887/2469 2799/2890/2469 2844/2941/2469
f 2845/2942/2470 2809/2902/2470 2666/2737/2470 2757/2837/2470
f 2834/2930/2471 2835/2931/2471 2846/2943/2471 2847/2944/2471
f 2834/2930/2472 2847/2944/2472 2848/2945/2472 2833/2929/2472
f 2774/2859/2473 1023/2946/2473 955/2877/2473 2787/2876/2473
f 2835/2931/2474 2815/2911/2474 2849/2947/2474 2846/2943/2474
f 2850/2948/2475 1028/1062/2475 1027/1061/2475 2851/2949/2475
f 2852/2950/2476 2853/2951/2476 2655/2725/2476 2654/2723/2476
f 985/2909/2477 2814/2908/2477 2854/2952/2477 1031/2953/2477
f 2855/2954/2478 2856/2955/2478 2857/2956/2478 2858/2957/2478
f 2859/2958/2479 2860/2959/2479 2861/2960/2479 2816/2912/2479
f 2136/2178/2480 2139/2181/2480 2132/2174/2480 2131/2173/2480
f 2851/2949/2481 1027/1061/2481 1041/1075/2481 2862/2961/2481
f 2832/2928/2482 2787/2876/2482 2788/2879/2482 2863/2962/2482
f 2816/2912/2483 2861/2960/2483 2849/2947/2483 2815/2911/2483
f 2864/2963/2484 2852/2950/2484 2654/2723/2484 2651/2716/2484
f 2865/2964/2485 2812/2905/2485 2660/2731/2485 2657/2728/2485
f 2835/2931/2486 2689/2760/2486 2174/2216/2486 2815/2911/2486
f 2866/2965/2487 2813/2907/2487 984/2910/2487 1046/1080/2487
f 2867/2966/2488 2868/2967/2488 2653/2720/2488 2652/2719/2488
f 2783/2872/2489 2864/2963/2489 2651/2716/2489 2650/2715/2489
f 2869/2968/2490 2804/2895/2490 2805/2898/2490 2870/2969/2490
f 804/2718/2491 935/2970/2491 2771/2971/2491 2650/2715/2491
f 2853/2951/2492 2867/2966/2492 2652/2719/2492 2655/2725/2492
f 2859/2958/2493 2822/2918/2493 2814/2908/2493 2813/2907/2493
f 2836/2932/2494 2849/2947/2494 2861/2960/2494 2871/2972/2494
f 2116/2158/2495 2131/2173/2495 2132/2174/2495 2117/2159/2495
f 2276/2318/2496 2414/2456/2496 2413/2455/2496 2303/2345/2496
f 2534/2597/2497 2541/2604/2497 2303/2345/2497 2413/2455/2497
f 2872/2973/2498 2533/2596/2498 1054/1090/2498 1351/1391/2498
f 2718/2789/2499 2716/2787/2499 2545/2608/2499 2719/2790/2499
f 2719/2790/2500 2545/2608/2500 2544/2607/2500 2723/2794/2500
f 2580/2643/2501 2738/2809/2501 2723/2794/2501 2544/2607/2501
f 2738/2809/2502 2580/2643/2502 2583/2646/2502 2735/2933/2502
f 2585/2650/2503 2736/2807/2503 2735/2806/2503 2583/2647/2503
f 2582/2648/2504 1055/1091/2504 763/782/2504 2584/2649/2504
f 2581/2644/2505 1056/1093/2505 1055/1092/2505 2582/2645/2505
f 1056/1093/2506 2581/2644/2506 2543/2606/2506 1057/1094/2506
f 1057/1094/2507 2543/2606/2507 2542/2605/2507 1058/1095/2507
f 2717/2788/2508 1059/1096/2508 1058/1095/2508 2542/2605/2508
f 2873/2974/2509 2874/2975/2509 2875/2976/2509 2876/2977/2509
f 2877/2978/2510 2878/2979/2510 2721/2792/2510 2725/2796/2510
f 2878/2979/2511 2879/2980/2511 2718/2789/2511 2721/2792/2511
f 2879/2980/2512 2880/2981/2512 2716/2787/2512 2718/2789/2512
f 2880/2981/2513 2881/2982/2513 2717/2788/2513 2716/2787/2513
f 2247/2289/2514 2249/2291/2514 2194/2236/2514 2193/2235/2514
f 2882/2983/2515 2883/2984/2515 2743/2816/2515 2742/2815/2515
f 2567/2630/2516 2744/2817/2516 2743/2816/2516 2564/2627/2516
f 2564/2627/2517 2743/2816/2517 2883/2984/2517 2568/2631/2517
f 2729/2800/2518 2604/2669/2518 2603/2668/2518 2730/2801/2518
f 2736/2807/2519 2731/2802/2519 2604/2669/2519 2729/2800/2519
f 2587/2652/2520 2731/2802/2520 2736/2807/2520 2585/2650/2520
f 2882/2983/2521 2746/2819/2521 2610/2675/2521 2883/2984/2521
f 2568/2631/2522 2883/2984/2522 2610/2675/2522 2570/2633/2522
f 2842/2939/2523 2884/2985/2523 2885/2986/2523 2841/2938/2523
f 2886/2987/2524 2843/2940/2524 2844/2941/2524 2887/2988/2524
f 2799/2890/2525 2798/2889/2525 2810/2903/2525 2809/2902/2525
f 2862/2961/2526 2888/2989/2526 2889/2990/2526 2851/2949/2526
f 2888/2989/2527 2828/2924/2527 2827/2923/2527 2889/2990/2527
f 2650/2715/2528 2771/2971/2528 2784/2873/2528 2783/2872/2528
f 2814/2908/2529 2822/2918/2529 2823/2919/2529 2854/2952/2529
f 2648/2713/2530 2649/2714/2530 2853/2951/2530 2852/2950/2530
f 2813/2907/2531 2866/2965/2531 2860/2959/2531 2859/2958/2531
f 2791/2882/2532 2832/2928/2532 2863/2962/2532 2792/2883/2532
f 2644/2709/2533 2648/2713/2533 2852/2950/2533 2864/2963/2533
f 2808/2901/2534 2865/2964/2534 2657/2728/2534 2656/2727/2534
f 2647/2712/2535 2646/2711/2535 2868/2967/2535 2867/2966/2535
f 2645/2710/2536 2644/2709/2536 2864/2963/2536 2783/2872/2536
f 2806/2899/2537 2869/2968/2537 2870/2969/2537 2807/2900/2537
f 2649/2714/2538 2647/2712/2538 2867/2966/2538 2853/2951/2538
f 2816/2912/2539 2173/2215/2539 2822/2918/2539 2859/2958/2539
f 2850/2948/2540 2890/2991/2540 2860/2959/2540 2866/2965/2540
f 2890/2991/2541 2871/2972/2541 2861/2960/2541 2860/2959/2541
f 2891/2992/2542 2892/2993/2542 2893/2994/2542 2894/2995/2542
f 2895/2996/2543 2896/2997/2543 2897/2998/2543 2898/2999/2543
f 2899/3000/2544 2895/2996/2544 2898/2999/2544 2900/3001/2544
f 2901/3002/2545 2899/3000/2545 2900/3001/2545 2902/3003/2545
f 2903/3004/2546 2901/3002/2546 2902/3003/2546 2904/3005/2546
f 2905/3006/2547 2892/2993/2547 1907/1949/2547 1959/2001/2547
f 2906/3007/2548 2907/3008/2548 1985/2027/2548 1989/2031/2548
f 2908/3009/2549 2909/3010/2549 2910/3011/2549 2911/3012/2549
f 2907/3008/2550 2912/3013/2550 1979/2021/2550 1985/2027/2550
f 2913/3014/2551 2914/3015/2551 2915/3016/2551 2916/3017/2551
f 2912/3013/2552 2909/3010/2552 1980/2022/2552 1979/2021/2552
f 2917/3018/2553 2918/3019/2553 2919/3020/2553 2920/3021/2553
f 2908/3009/2554 2921/3022/2554 1969/2011/2554 1973/2015/2554
f 2922/3023/2555 2917/3018/2555 2920/3021/2555 2923/3024/2555
f 2921/3022/2556 2924/3025/2556 1965/2007/2556 1969/2011/2556
f 2924/3025/2557 2905/3006/2557 1959/2001/2557 1965/2007/2557
f 2925/3026/2558 2926/3027/2558 2927/3028/2558 2928/3029/2558
f 2929/3030/2559 2930/3031/2559 2931/3032/2559 2932/3033/2559
f 2933/3034/2560 2934/3035/2560 2935/3036/2560 2936/3037/2560
f 2891/2992/2561 2903/3004/2561 2904/3005/2561 1908/1950/2561
f 2937/3038/2562 2933/3034/2562 2936/3037/2562 2938/3039/2562
f 2896/2997/2563 2937/3038/2563 2938/3039/2563 2897/2998/2563
f 2939/3040/2564 2940/3041/2564 2941/3042/2564 2942/3043/2564
f 2943/3044/2565 2944/3045/2565 2945/3046/2565 2946/3047/2565
f 2947/3048/2566 2948/3049/2566 2949/3050/2566 2950/3051/2566
f 2951/3052/2567 2952/3053/2567 2953/3054/2567 2894/2995/2567
f 2954/3055/2568 2955/3056/2568 2956/3057/2568 2957/3058/2568
f 2940/3041/2569 2958/3059/2569 2959/3060/2569 2941/3042/2569
f 2948/3049/2570 2960/3061/2570 2961/3062/2570 2949/3050/2570
f 2952/3053/2571 2962/3063/2571 2963/3064/2571 2953/3054/2571
f 2911/3012/2572 2910/3011/2572 2964/3065/2572 2965/3066/2572
f 2965/3066/2573 2954/3055/2573 2957/3058/2573 2911/3012/2573
f 2966/3067/2574 2967/3068/2574 2968/3069/2574 2969/3070/2574
f 2960/3061/2575 2970/3071/2575 2971/3072/2575 2961/3062/2575
f 2962/3063/2576 2972/3073/2576 2973/3074/2576 2963/3064/2576
f 2974/3075/2577 2964/3065/2577 2910/3011/2577 2975/3076/2577
f 2976/3077/2578 2977/3078/2578 2978/3079/2578 2979/3080/2578
f 2972/3073/2579 2980/3081/2579 2981/3082/2579 2973/3074/2579
f 2982/3083/2580 2974/3075/2580 2975/3076/2580 2983/3084/2580
f 2984/3085/2581 2985/3086/2581 2893/2994/2581 2986/3087/2581
f 2980/3081/2582 2947/3048/2582 2950/3051/2582 2981/3082/2582
f 2894/2995/2583 2893/2994/2583 2985/3086/2583 2951/3052/2583
f 2987/3088/2584 2982/3083/2584 2983/3084/2584 2988/3089/2584
f 2955/3056/2585 2984/3085/2585 2986/3087/2585 2956/3057/2585
f 2989/3090/2586 2702/2773/2586 2701/2772/2586 2990/3091/2586
f 2991/3092/2587 2715/2786/2587 2714/2785/2587 2764/2846/2587
f 2763/2845/2588 2713/2784/2588 2837/2934/2588 2992/3093/2588
f 2993/3094/2589 2712/2783/2589 2702/2773/2589 2989/3090/2589
f 2712/2783/2590 2993/3094/2590 2710/2781/2590 2707/2778/2590
f 2707/2778/2591 2710/2781/2591 2709/2780/2591 2059/2101/2591
f 2994/3095/2592 2060/2102/2592 2059/2101/2592 2709/2780/2592
f 1991/2033/2593 2995/3096/2593 2996/3097/2593 1942/1984/2593
f 2997/3098/2594 1943/1985/2594 1942/1984/2594 2996/3097/2594
f 2998/3099/2595 1945/1987/2595 1943/1985/2595 2997/3098/2595
f 2925/3026/2596 2930/3031/2596 2978/3079/2596 2946/3047/2596
f 2946/3047/2597 2978/3079/2597 2977/3078/2597 2943/3044/2597
f 2999/3100/2598 3000/3101/2598 2608/2673/2598 2749/2822/2598
f 3001/3102/2599 3002/3103/2599 2605/2670/2599 2606/2671/2599
f 3003/3104/2600 3001/3102/2600 2606/2671/2600 2601/2666/2600
f 3002/3103/2601 3004/3105/2601 2733/2804/2601 2605/2670/2601
f 3005/3106/2602 3006/3107/2602 2577/2640/2602 2576/2639/2602
f 3007/3108/2603 3008/3109/2603 2634/2699/2603 2628/2693/2603
f 3009/3110/2604 3010/3111/2604 2653/2720/2604 2868/2967/2604
f 3011/3112/2605 3007/3108/2605 2628/2693/2605 2622/2687/2605
f 3010/3111/2606 1199/3113/2606 809/2721/2606 2653/2720/2606
f 2868/2967/2607 2646/2711/2607 3012/3114/2607 3009/3110/2607
f 3013/3115/2608 3011/3112/2608 2622/2687/2608 2616/2681/2608
f 3014/3116/2609 3015/3117/2609 2563/2626/2609 2562/2625/2609
f 3016/3118/2610 3012/3114/2610 2646/2711/2610 2640/2705/2610
f 3015/3117/2611 3013/3115/2611 2616/2681/2611 2563/2626/2611
f 3008/3109/2612 3016/3118/2612 2640/2705/2612 2634/2699/2612
f 3017/3119/2613 3018/3120/2613 3013/3115/2613 3015/3117/2613
f 3019/3121/2614 3020/3122/2614 3012/3114/2614 3016/3118/2614
f 3021/3123/2615 3017/3119/2615 3015/3117/2615 3014/3116/2615
f 3022/3124/2616 3019/3121/2616 3016/3118/2616 3008/3109/2616
f 3023/3125/2617 3022/3124/2617 3008/3109/2617 3007/3108/2617
f 3024/3126/2618 3023/3125/2618 3007/3108/2618 3011/3112/2618
f 3025/3127/2619 3026/3128/2619 3010/3111/2619 3009/3110/2619
f 3018/3120/2620 3024/3126/2620 3011/3112/2620 3013/3115/2620
f 3009/3110/2621 3012/3114/2621 3020/3122/2621 3025/3127/2621
f 3026/3128/2622 1215/3129/2622 1199/3113/2622 3010/3111/2622
f 3027/3130/2623 3028/3131/2623 3000/3101/2623 2999/3100/2623
f 3029/3132/2624 3030/3133/2624 3002/3103/2624 3001/3102/2624
f 3031/3134/2625 3029/3132/2625 3001/3102/2625 3003/3104/2625
f 3030/3133/2626 3032/3135/2626 3004/3105/2626 3002/3103/2626
f 2576/2639/2627 2608/2673/2627 3000/3101/2627 3005/3106/2627
f 3033/3136/2628 3034/3137/2628 3006/3107/2628 3005/3106/2628
f 3014/3116/2629 3006/3107/2629 3034/3137/2629 3021/3123/2629
f 3005/3106/2630 3000/3101/2630 3028/3131/2630 3033/3136/2630
f 3014/3116/2631 2562/2625/2631 2577/2640/2631 3006/3107/2631
f 2600/2665/2632 876/895/2632 1225/1262/2632 3035/3138/2632
f 3035/3138/2633 1225/1262/2633 1227/1264/2633 3036/3139/2633
f 3003/3104/2634 2601/2666/2634 2600/2665/2634 3035/3138/2634
f 3036/3139/2635 3031/3134/2635 3003/3104/2635 3035/3138/2635
f 3037/3140/2636 2999/3100/2636 2749/2822/2636 3038/3141/2636
f 3038/3141/2637 2749/2822/2637 2748/2821/2637 3039/3142/2637
f 3039/3142/2638 2748/2821/2638 2747/2820/2638 3040/3143/2638
f 3040/3143/2639 2747/2820/2639 2746/2819/2639 3041/3144/2639
f 3041/3144/2640 2746/2819/2640 2882/2983/2640 3042/3145/2640
f 3042/3145/2641 2882/2983/2641 2742/2815/2641 3043/3146/2641
f 3043/3146/2642 2742/2815/2642 2745/2818/2642 3044/3147/2642
f 3045/3148/2643 2739/2812/2643 2727/2811/2643 3044/3149/2643
f 3045/3148/2644 2754/2831/2644 2611/2676/2644 3046/3150/2644
f 3047/3151/2645 2724/2795/2645 2726/2797/2645 3046/3150/2645
f 3047/3151/2646 2612/2677/2646 2740/2813/2646 3048/3152/2646
f 3049/3153/2647 2877/2978/2647 2725/2796/2647 3048/3152/2647
f 282/282/2648 355/355/2648 2241/2283/2648 2175/2217/2648
f 3050/3154/2649 2191/2233/2649 2175/2217/2649 2241/2283/2649
f 3051/3155/2650 2302/2344/2650 2540/2603/2650 3052/3156/2650
f 3053/3157/2651 2279/2321/2651 2302/2344/2651 3051/3155/2651
f 3054/3158/2652 2335/2377/2652 2278/2320/2652 3055/3159/2652
f 3056/3160/2653 2336/2378/2653 2335/2377/2653 3054/3158/2653
f 3057/3161/2654 2352/2394/2654 2336/2378/2654 3056/3160/2654
f 3057/3161/2655 2326/2368/2655 2329/2371/2655 3058/3162/2655
f 3059/3163/2656 2339/2381/2656 2354/2396/2656 3058/3162/2656
f 3060/3164/2657 2340/2382/2657 2339/2381/2657 3059/3163/2657
f 3061/3165/2658 2434/2484/2658 2340/2487/2658 3060/3166/2658
f 3061/3165/2659 2429/2473/2659 2457/2514/2659 3062/3167/2659
f 3063/3168/2660 2467/2526/2660 2449/2506/2660 3062/3167/2660
f 3064/3169/2661 2484/2544/2661 2467/2526/2661 3063/3168/2661
f 3064/3169/2662 2477/2536/2662 2497/2557/2662 3065/3170/2662
f 3065/3170/2663 2497/2557/2663 2518/2580/2663 3066/3171/2663
f 3067/3172/2664 2527/2590/2664 2510/2572/2664 3066/3171/2664
f 3068/3173/2665 2513/2575/2665 2529/2592/2665 3069/3174/2665
f 3070/3175/2666 2489/2549/2666 2513/2575/2666 3068/3173/2666
f 3070/3175/2667 2496/2556/2667 2476/2535/2667 3071/3176/2667
f 3071/3176/2668 2476/2535/2668 2459/2516/2668 3072/3177/2668
f 3073/3178/2669 2452/2509/2669 2469/2528/2669 3072/3177/2669
f 3074/3179/2670 2431/2477/2670 2452/2509/2670 3073/3178/2670
f 3074/3179/2671 2428/2472/2671 2331/2475/2671 3075/3180/2671
f 3076/3181/2672 2344/2386/2672 2346/2388/2672 3075/3182/2672
f 3077/3183/2673 2345/2387/2673 2344/2386/2673 3076/3181/2673
f 3078/3184/2674 2343/2385/2674 2345/2387/2674 3077/3183/2674
f 3078/3184/2675 2325/2367/2675 2321/2363/2675 3079/3185/2675
f 3080/3186/2676 2341/2383/2676 2342/2384/2676 3079/3185/2676
f 3080/3186/2677 2324/2366/2677 2348/2390/2677 3081/3187/2677
f 3082/3188/2678 2347/2389/2678 2536/2599/2678 3083/3189/2678
f 3083/3189/2679 2536/2599/2679 2535/2598/2679 3084/3190/2679
f 2243/2285/2680 2191/2233/2680 3050/3154/2680 3085/3191/2680
f 2243/2285/2681 3085/3191/2681 3086/3192/2681 2244/2286/2681
f 3087/3193/2682 3027/3130/2682 2999/3100/2682 3037/3140/2682
f 3004/3105/2683 3037/3140/2683 3038/3141/2683 2733/2804/2683
f 2733/2804/2684 3038/3141/2684 3039/3142/2684 2732/2803/2684
f 2732/2803/2685 3039/3142/2685 3040/3143/2685 2734/2805/2685
f 2734/2805/2686 3040/3143/2686 3041/3144/2686 2602/2667/2686
f 2602/2667/2687 3041/3144/2687 3042/3145/2687 2603/2668/2687
f 2603/2668/2688 3042/3145/2688 3043/3146/2688 2730/2801/2688
f 2730/2801/2689 3043/3146/2689 3044/3147/2689 2727/2798/2689
f 2754/2831/2690 3045/3148/2690 3044/3149/2690 2745/2832/2690
f 2739/2812/2691 3045/3148/2691 3046/3150/2691 2726/2797/2691
f 2612/2677/2692 3047/3151/2692 3046/3150/2692 2611/2676/2692
f 2724/2795/2693 3047/3151/2693 3048/3152/2693 2725/2796/2693
f 3088/3194/2694 2197/2239/2694 2242/2284/2694 3089/3195/2694
f 3090/3196/2695 2245/2287/2695 2244/2286/2695 3086/3192/2695
f 3090/3196/2696 3091/3197/2696 2246/2288/2696 2245/2287/2696
f 2537/2600/2697 3051/3155/2697 3052/3156/2697 2538/2601/2697
f 2350/2392/2698 3053/3157/2698 3051/3155/2698 2537/2600/2698
f 2323/2365/2699 3054/3158/2699 3055/3159/2699 2349/2391/2699
f 2322/2364/2700 3056/3160/2700 3054/3158/2700 2323/2365/2700
f 2326/2368/2701 3057/3161/2701 3056/3160/2701 2322/2364/2701
f 2352/2394/2702 3057/3161/2702 3058/3162/2702 2354/2396/2702
f 2328/2370/2703 3059/3163/2703 3058/3162/2703 2329/2371/2703
f 2332/2374/2704 3060/3164/2704 3059/3163/2704 2328/2370/2704
f 2429/2473/2705 3061/3165/2705 3060/3166/2705 2332/2474/2705
f 2434/2484/2706 3061/3165/2706 3062/3167/2706 2449/2506/2706
f 2460/2517/2707 3063/3168/2707 3062/3167/2707 2457/2514/2707
f 2477/2536/2708 3064/3169/2708 3063/3168/2708 2460/2517/2708
f 2484/2544/2709 3064/3169/2709 3065/3170/2709 2504/2565/2709
f 2504/2565/2710 3065/3170/2710 3066/3171/2710 2510/2572/2710
f 2521/2583/2711 3067/3172/2711 3066/3171/2711 2518/2580/2711
f 2517/2579/2712 3068/3173/2712 3069/3174/2712 2520/2582/2712
f 2496/2556/2713 3070/3175/2713 3068/3173/2713 2517/2579/2713
f 2489/2549/2714 3070/3175/2714 3071/3176/2714 2486/2546/2714
f 2486/2546/2715 3071/3176/2715 3072/3177/2715 2469/2528/2715
f 2456/2513/2716 3073/3178/2716 3072/3177/2716 2459/2516/2716
f 2428/2472/2717 3074/3179/2717 3073/3178/2717 2456/2513/2717
f 2431/2477/2718 3074/3179/2718 3075/3180/2718 2346/2478/2718
f 2327/2369/2719 3076/3181/2719 3075/3182/2719 2331/2373/2719
f 2330/2372/2720 3077/3183/2720 3076/3181/2720 2327/2369/2720
f 2325/2367/2721 3078/3184/2721 3077/3183/2721 2330/2372/2721
f 2343/2385/2722 3078/3184/2722 3079/3185/2722 2342/2384/2722
f 2324/2366/2723 3080/3186/2723 3079/3185/2723 2321/2363/2723
f 2341/2383/2724 3080/3186/2724 3081/3187/2724 2305/2347/2724
f 2272/2314/2725 3082/3188/2725 3083/3189/2725 2273/2315/2725
f 2273/2315/2726 3083/3189/2726 3084/3190/2726 3092/3198/2726
f 3093/3199/2727 2248/2290/2727 2246/2288/2727 3091/3197/2727
f 3094/3200/2728 3095/3201/2728 3096/3202/2728 3097/3203/2728
f 3097/3203/2729 3096/3202/2729 3098/3204/2729 3099/3205/2729
f 3099/3205/2730 3098/3204/2730 3100/3206/2730 3101/3207/2730
f 3102/3208/2731 3103/3209/2731 3104/3210/2731 3105/3211/2731
f 3105/3211/2732 3104/3210/2732 3106/3212/2732 3107/3213/2732
f 3107/3213/2733 3106/3212/2733 3108/3214/2733 3109/3215/2733
f 3109/3215/2734 3108/3214/2734 3110/3216/2734 3111/3217/2734
f 3111/3217/2735 3110/3216/2735 3112/3218/2735 3113/3219/2735
f 3032/3135/2736 3087/3193/2736 3037/3140/2736 3004/3105/2736
f 1912/1954/2737 1911/1953/2737 1906/1948/2737 1905/1947/2737
f 2904/3005/2738 1913/1955/2738 1905/1947/2738 1908/1950/2738
f 2902/3003/2739 1918/1960/2739 1913/1955/2739 2904/3005/2739
f 2900/3001/2740 1921/1963/2740 1918/1960/2740 2902/3003/2740
f 2898/2999/2741 1924/1966/2741 1921/1963/2741 2900/3001/2741
f 2897/2998/2742 1927/1969/2742 1924/1966/2742 2898/2999/2742
f 2938/3039/2743 1930/1972/2743 1927/1969/2743 2897/2998/2743
f 2936/3037/2744 1933/1975/2744 1930/1972/2744 2938/3039/2744
f 2935/3036/2745 1936/1978/2745 1933/1975/2745 2936/3037/2745
f 2932/3033/2746 1939/1981/2746 1936/1978/2746 2935/3036/2746
f 2927/3028/2747 1944/1986/2747 1945/1987/2747 2928/3029/2747
f 2920/3021/2748 1946/1988/2748 1949/1991/2748 2923/3024/2748
f 2919/3020/2749 1952/1994/2749 1946/1988/2749 2920/3021/2749
f 2916/3017/2750 1955/1997/2750 1952/1994/2750 2919/3020/2750
f 1961/2003/2751 1958/2000/2751 1906/1948/2751 1911/1953/2751
f 1963/2005/2752 1964/2006/2752 1958/2000/2752 1961/2003/2752
f 1967/2009/2753 1968/2010/2753 1964/2006/2753 1963/2005/2753
f 1971/2013/2754 1972/2014/2754 1968/2010/2754 1967/2009/2754
f 1975/2017/2755 1978/2020/2755 1981/2023/2755 1976/2018/2755
f 1983/2025/2756 1984/2026/2756 1978/2020/2756 1975/2017/2756
f 1987/2029/2757 1988/2030/2757 1984/2026/2757 1983/2025/2757
f 1976/2018/2758 1981/2023/2758 1972/2014/2758 1971/2013/2758
f 2931/3032/2759 2928/3029/2759 1945/1987/2759 2998/3099/2759
f 2083/2125/2760 2079/2121/2760 2009/2051/2760 2008/2050/2760
f 2071/2113/2761 2012/2054/2761 2004/2046/2761 2003/2045/2761
f 2055/2097/2762 1995/2037/2762 1994/2036/2762 1993/2035/2762
f 2061/2103/2763 2060/2102/2763 1991/2033/2763 1990/2032/2763
f 2013/2055/2764 2075/2117/2764 2006/2048/2764 2005/2047/2764
f 2025/2067/2765 2027/2069/2765 2016/2058/2765 2015/2057/2765
f 2027/2069/2766 2029/2071/2766 2017/2059/2766 2016/2058/2766
f 1920/1962/2767 2004/2046/2767 2005/2047/2767 1917/1959/2767
f 2065/2107/2768 2064/2106/2768 2002/2044/2768 2001/2043/2768
f 1966/2008/2769 2011/2053/2769 2018/2060/2769 1970/2012/2769
f 2068/2110/2770 2065/2107/2770 2001/2043/2770 2000/2042/2770
f 2060/2102/2771 2994/3095/2771 2995/3096/2771 1991/2033/2771
f 2704/2775/2772 2069/2111/2772 1999/2041/2772 1998/2040/2772
f 2020/2062/2773 2025/2067/2773 2015/2057/2773 2014/2056/2773
f 2075/2117/2774 2081/2123/2774 2007/2049/2774 2006/2048/2774
f 2081/2123/2775 2083/2125/2775 2008/2050/2775 2007/2049/2775
f 1970/2012/2776 2018/2060/2776 2014/2056/2776 1977/2019/2776
f 2078/2120/2777 2021/2063/2777 2011/2053/2777 2010/2052/2777
f 2064/2106/2778 2071/2113/2778 2003/2045/2778 2002/2044/2778
f 1950/1992/2779 1994/2036/2779 1997/2039/2779 1951/1993/2779
f 2079/2121/2780 2078/2120/2780 2010/2052/2780 2009/2051/2780
f 2057/2099/2781 2055/2097/2781 1993/2035/2781 1992/2034/2781
f 2069/2111/2782 2068/2110/2782 2000/2042/2782 1999/2041/2782
f 2997/3098/2783 2996/3097/2783 1938/1980/2783 1937/1979/2783
f 3114/3220/2784 2249/2291/2784 2248/2290/2784 3093/3199/2784
f 2194/2236/2785 2249/2291/2785 3114/3220/2785 3115/3221/2785
f 3116/3222/2786 3117/3223/2786 3118/3224/2786 3119/3225/2786
f 3120/3226/2787 3121/3227/2787 3122/3228/2787 3123/3229/2787
f 3124/3230/2788 3125/3231/2788 3126/3232/2788 3127/3233/2788
f 3128/3234/2789 3120/3226/2789 3123/3229/2789 3129/3235/2789
f 3124/3230/2790 2189/2231/2790 2190/2232/2790 3125/3231/2790
f 2203/2245/2791 3093/3199/2791 3091/3197/2791 2200/2242/2791
f 1323/1363/2792 3124/3230/2792 3127/3233/2792 1324/1364/2792
f 1323/1363/2793 299/299/2793 2189/2231/2793 3124/3230/2793
f 3117/3223/2794 3128/3234/2794 3129/3235/2794 3118/3224/2794
f 2203/2245/2795 2202/2244/2795 2250/2292/2795 3130/3236/2795
f 3131/3237/2796 3132/3238/2796 3133/3239/2796 3134/3240/2796
f 3112/3218/2797 3135/3241/2797 1330/1370/2797 1306/1346/2797
f 3110/3216/2798 3136/3242/2798 3135/3241/2798 3112/3218/2798
f 3108/3214/2799 3137/3243/2799 3136/3242/2799 3110/3216/2799
f 3137/3243/2800 3108/3214/2800 3106/3212/2800 3138/3244/2800
f 2216/2258/2801 2370/2412/2801 2369/2411/2801 2220/2262/2801
f 3139/3245/2802 2221/2263/2802 2220/2262/2802 2369/2411/2802
f 3140/3246/2803 3130/3236/2803 2250/2292/2803 3141/3247/2803
f 2212/2254/2804 2215/2257/2804 2256/2298/2804 2216/2258/2804
f 2208/2250/2805 2211/2253/2805 2215/2257/2805 2212/2254/2805
f 2198/2240/2806 2207/2249/2806 2211/2253/2806 2208/2250/2806
f 2207/2249/2807 2198/2240/2807 2197/2239/2807 2204/2246/2807
f 2197/2239/2808 3088/3194/2808 3142/3248/2808 2204/2246/2808
f 2191/2233/2809 2243/2285/2809 2180/2222/2809 2188/2230/2809
f 2270/2312/2810 2273/2315/2810 3092/3198/2810 3143/3249/2810
f 2204/2246/2811 3142/3248/2811 2240/2282/2811 2205/2247/2811
f 358/358/2812 322/322/2812 2205/2247/2812 2240/2282/2812
f 2998/3099/2813 2997/3098/2813 1937/1979/2813 1939/1981/2813
f 3144/3250/2814 3145/3251/2814 1956/1998/2814 1955/1997/2814
f 3145/3251/2815 3146/3252/2815 1957/1999/2815 1956/1998/2815
f 3147/3253/2816 1992/2034/2816 1957/1999/2816 3146/3252/2816
f 2995/3096/2817 1998/2040/2817 1938/1980/2817 2996/3097/2817
f 3148/3254/2818 2056/2098/2818 2057/2099/2818 3149/3255/2818
f 2989/3090/2819 2125/2167/2819 2126/2168/2819 2993/3094/2819
f 2990/3091/2820 2155/2197/2820 2125/2167/2820 2989/3090/2820
f 2247/2289/2821 2193/2235/2821 2182/2224/2821 2181/2223/2821
f 2193/2235/2822 2192/2234/2822 2185/2227/2822 2182/2224/2822
f 3138/3244/2823 3106/3212/2823 3104/3210/2823 3150/3256/2823
f 2195/2237/2824 2194/2236/2824 3115/3221/2824 3151/3257/2824
f 2177/2219/2825 2244/2286/2825 2245/2287/2825 2181/2223/2825
f 2991/3092/2826 2764/2846/2826 2683/2754/2826 2682/2753/2826
f 2994/3095/2827 2709/2780/2827 2705/2776/2827 2704/2775/2827
f 2108/2150/2828 2066/2108/2828 2705/2776/2828 2708/2779/2828
f 2710/2781/2829 2993/3094/2829 2126/2168/2829 2708/2779/2829
f 3152/3258/2830 3131/3237/2830 3117/3223/2830 3116/3222/2830
f 2763/2845/2831 2761/2841/2831 2683/2754/2831 2764/2846/2831
f 2054/2096/2832 3133/3239/2832 3132/3238/2832 2052/2094/2832
f 2918/3019/2833 2913/3014/2833 2916/3017/2833 2919/3020/2833
f 2934/3035/2834 2929/3030/2834 2932/3033/2834 2935/3036/2834
f 2958/3059/2835 2966/3067/2835 2969/3070/2835 2959/3060/2835
f 2970/3071/2836 2976/3077/2836 2979/3080/2836 2971/3072/2836
f 3150/3256/2837 3104/3210/2837 3103/3209/2837 3153/3259/2837
f 2931/3032/2838 2998/3099/2838 1939/1981/2838 2932/3033/2838
f 2915/3016/2839 3144/3250/2839 1955/1997/2839 2916/3017/2839
f 2994/3095/2840 2704/2775/2840 1998/2040/2840 2995/3096/2840
f 3149/3255/2841 2057/2099/2841 1992/2034/2841 3147/3253/2841
f 3154/3260/2842 3155/3261/2842 1393/1433/2842 1392/1432/2842
f 3156/3262/2843 3132/3238/2843 3131/3237/2843 3152/3258/2843
f 3157/3263/2844 2239/2281/2844 2201/2243/2844 2200/2242/2844
f 2188/2230/2845 2180/2222/2845 2179/2221/2845 2186/2228/2845
f 2239/2281/2846 3157/3263/2846 3089/3195/2846 2242/2284/2846
f 2307/2349/2847 2370/2412/2847 2216/2258/2847 2256/2298/2847
f 3158/3264/2848 3095/3201/2848 3094/3200/2848 3159/3265/2848
f 3140/3246/2849 3115/3221/2849 3114/3220/2849 3130/3236/2849
f 2256/2298/2850 2255/2297/2850 2269/2311/2850 2307/2349/2850
f 2533/2596/2851 2872/2973/2851 3160/3266/2851 2534/2597/2851
f 3115/3221/2852 3140/3246/2852 3161/3267/2852 3151/3257/2852
f 3162/3268/2853 2541/2604/2853 2534/2597/2853 3160/3266/2853
f 2541/2604/2854 3162/3268/2854 3163/3269/2854 2539/2602/2854
f 3164/3270/2855 2540/2603/2855 2539/2602/2855 3163/3269/2855
f 3142/3248/2856 3050/3154/2856 2241/2283/2856 2240/2282/2856
f 3088/3194/2857 3085/3191/2857 3050/3154/2857 3142/3248/2857
f 3085/3191/2858 3088/3194/2858 3089/3195/2858 3086/3192/2858
f 3157/3263/2859 3090/3196/2859 3086/3192/2859 3089/3195/2859
f 3090/3196/2860 3157/3263/2860 2200/2242/2860 3091/3197/2860
f 3165/3271/2861 2192/2234/2861 2195/2237/2861 3166/3272/2861
f 3130/3236/2862 3114/3220/2862 3093/3199/2862 2203/2245/2862
f 3167/3273/2863 3052/3156/2863 2540/2603/2863 3164/3270/2863
f 3052/3156/2864 3167/3273/2864 3168/3274/2864 2538/2601/2864
f 3169/3275/2865 2535/2598/2865 2538/2601/2865 3168/3274/2865
f 3170/3276/2866 3084/3190/2866 2535/2598/2866 3169/3275/2866
f 3084/3190/2867 3170/3276/2867 3171/3277/2867 3092/3198/2867
f 3092/3198/2868 3171/3277/2868 3172/3278/2868 3143/3249/2868
f 3151/3257/2869 3161/3267/2869 2252/2294/2869 2251/2293/2869
f 3173/3279/2870 3174/3280/2870 3175/3281/2870 3176/3282/2870
f 3151/3257/2871 2251/2293/2871 3166/3272/2871 2195/2237/2871
f 2875/2976/2872 2038/2080/2872 2044/2086/2872 3121/3227/2872
f 3100/3206/2873 3177/3283/2873 3153/3259/2873 3103/3209/2873
f 3177/3283/2874 3100/3206/2874 3098/3204/2874 3178/3284/2874
f 2876/2977/2875 2875/2976/2875 3121/3227/2875 3120/3226/2875
f 3178/3284/2876 3098/3204/2876 3096/3202/2876 3179/3285/2876
f 3179/3285/2877 3096/3202/2877 3095/3201/2877 3180/3286/2877
f 3134/3240/2878 2876/2977/2878 3120/3226/2878 3128/3234/2878
f 3181/3287/2879 3182/3288/2879 3183/3289/2879 3184/3290/2879
f 3095/3201/2880 3158/3264/2880 3185/3291/2880 3180/3286/2880
f 3186/3292/2881 3185/3291/2881 3158/3264/2881 3187/3293/2881
f 3187/3293/2882 3188/3294/2882 3189/3295/2882 3186/3292/2882
f 3188/3294/2883 3190/3296/2883 3191/3297/2883 3189/3295/2883
f 3181/3287/2884 3191/3297/2884 3190/3296/2884 3192/3298/2884
f 3193/3299/2885 3182/3288/2885 3181/3287/2885 3192/3298/2885
f 3049/3153/2886 3048/3152/2886 2740/2813/2886 3194/3300/2886
f 3195/3301/2887 3196/3302/2887 1416/1456/2887 1415/1455/2887
f 150/150/2888 1324/1364/2888 3127/3233/2888 2049/2091/2888
f 2049/2091/2889 3127/3233/2889 3126/3232/2889 2047/2089/2889
f 3197/3303/2890 3198/3304/2890 3199/3305/2890 3200/3306/2890
f 3201/3307/2891 3122/3228/2891 2047/2089/2891 3126/3232/2891
f 3202/3308/2892 3154/3260/2892 3196/3302/2892 3203/3309/2892
f 3200/3306/2893 3199/3305/2893 3204/3310/2893 3205/3311/2893
f 3206/3312/2894 3207/3313/2894 3208/3314/2894 3209/3315/2894
f 3210/3316/2895 3202/3308/2895 3203/3309/2895 3211/3317/2895
f 3207/3313/2896 3210/3316/2896 3211/3317/2896 3208/3314/2896
f 3212/3318/2897 3213/3319/2897 3214/3320/2897 3205/3311/2897
f 2717/2788/2898 2881/2982/2898 1472/1512/2898 1059/1096/2898
f 3212/3318/2899 3206/3312/2899 3209/3315/2899 3213/3319/2899
f 3203/3309/2900 3196/3302/2900 3195/3301/2900 3215/3321/2900
f 3211/3317/2901 3203/3309/2901 3215/3321/2901 3216/3322/2901
f 3217/3323/2902 3193/3299/2902 3192/3298/2902 3218/3324/2902
f 3191/3297/2903 3181/3287/2903 3184/3290/2903 3219/3325/2903
f 3218/3324/2904 3192/3298/2904 3190/3296/2904 3220/3326/2904
f 3220/3326/2905 3190/3296/2905 3188/3294/2905 3221/3327/2905
f 3222/3328/2906 3123/3229/2906 3122/3228/2906 3201/3307/2906
f 3123/3229/2907 3222/3328/2907 3223/3329/2907 3129/3235/2907
f 3221/3327/2908 3188/3294/2908 3187/3293/2908 3224/3330/2908
f 3224/3330/2909 3187/3293/2909 3158/3264/2909 3159/3265/2909
f 3225/3331/2910 3226/3332/2910 3227/3333/2910 3228/3334/2910
f 3228/3334/2911 3227/3333/2911 3229/3335/2911 3230/3336/2911
f 2150/2192/2912 3231/3337/2912 2159/2201/2912 2151/2193/2912
f 2149/2191/2913 3232/3338/2913 3231/3337/2913 2150/2192/2913
f 2155/2197/2914 3233/3339/2914 3232/3338/2914 2149/2191/2914
f 3233/3339/2915 2155/2197/2915 2990/3091/2915 3234/3340/2915
f 3234/3340/2916 2990/3091/2916 2701/2772/2916 3235/3341/2916
f 3235/3341/2917 2701/2772/2917 2700/2771/2917 3236/3342/2917
f 3237/3343/2918 3238/3344/2918 3226/3332/2918 3225/3331/2918
f 2826/2922/2919 999/1032/2919 1442/1482/2919 3239/3345/2919
f 2532/2595/2920 2826/2922/2920 3239/3345/2920 3240/3346/2920
f 2146/2188/2921 2148/2190/2921 3241/3347/2921 3242/3348/2921
f 2144/2186/2922 2143/2185/2922 3243/3349/2922 2166/2208/2922
f 2143/2185/2923 2146/2188/2923 3242/3348/2923 3243/3349/2923
f 2148/2190/2924 2532/2595/2924 3240/3346/2924 3241/3347/2924
f 3229/3335/2925 3244/3350/2925 3245/3351/2925 3230/3336/2925
f 3244/3350/2926 2163/2205/2926 3246/3352/2926 3245/3351/2926
f 2163/2205/2927 2162/2204/2927 2167/2209/2927 3246/3352/2927
f 3238/3344/2928 3237/3343/2928 3219/3325/2928 3247/3353/2928
f 3247/3353/2929 3219/3325/2929 3184/3290/2929 3248/3354/2929
f 3248/3354/2930 3184/3290/2930 3183/3289/2930 3249/3355/2930
f 2053/2095/2931 2052/2094/2931 3132/3238/2931 3156/3262/2931
f 3182/3288/2932 3250/3356/2932 3251/3357/2932 3183/3289/2932
f 3252/3358/2933 3197/3303/2933 3200/3306/2933 3253/3359/2933
f 3254/3360/2934 3155/3261/2934 3154/3260/2934 3202/3308/2934
f 3253/3359/2935 3200/3306/2935 3205/3311/2935 3214/3320/2935
f 3255/3361/2936 3256/3362/2936 3207/3313/2936 3206/3312/2936
f 3257/3363/2937 3254/3360/2937 3202/3308/2937 3210/3316/2937
f 3256/3362/2938 3257/3363/2938 3210/3316/2938 3207/3313/2938
f 3258/3364/2939 3212/3318/2939 3205/3311/2939 3204/3310/2939
f 3258/3364/2940 3255/3361/2940 3206/3312/2940 3212/3318/2940
f 3208/3314/2941 3211/3317/2941 3216/3322/2941 3259/3365/2941
f 3260/3366/2942 3118/3224/2942 3129/3235/2942 3223/3329/2942
f 3261/3367/2943 3119/3225/2943 3118/3224/2943 3260/3366/2943
f 3262/3368/2944 3119/3225/2944 3261/3367/2944 2254/2296/2944
f 3262/3368/2945 2254/2296/2945 2253/2295/2945 3263/3369/2945
f 3197/3303/2946 3264/3370/2946 3265/3371/2946 3198/3304/2946
f 3209/3315/2947 3208/3314/2947 3259/3365/2947 3266/3372/2947
f 3213/3319/2948 3209/3315/2948 3266/3372/2948 3267/3373/2948
f 3213/3319/2949 3267/3373/2949 3268/3374/2949 3214/3320/2949
f 3214/3320/2950 3268/3374/2950 3269/3375/2950 3253/3359/2950
f 3270/3376/2951 3269/3375/2951 3268/3374/2951 3194/3300/2951
f 3251/3357/2952 3271/3377/2952 3249/3355/2952 3183/3289/2952
f 2613/2678/2953 2819/2915/2953 2145/2187/2953 2142/2184/2953
f 2819/2915/2954 2828/2924/2954 2147/2189/2954 2145/2187/2954
f 2170/2212/2955 2164/2206/2955 2161/2203/2955 2160/2202/2955
f 2144/2186/2956 2162/2204/2956 2161/2203/2956 2141/2183/2956
f 3244/3350/2957 2168/2210/2957 2160/2202/2957 2163/2205/2957
f 2828/2924/2958 2888/2989/2958 2531/2594/2958 2147/2189/2958
f 3226/3332/2959 2672/2743/2959 2675/2746/2959 3227/3333/2959
f 3227/3333/2960 2675/2746/2960 2677/2748/2960 3229/3335/2960
f 3238/3344/2961 2682/2753/2961 2672/2743/2961 3226/3332/2961
f 3229/3335/2962 2677/2748/2962 2168/2210/2962 3244/3350/2962
f 3271/3377/2963 2692/2763/2963 2693/2764/2963 3249/3355/2963
f 3249/3355/2964 2693/2764/2964 2715/2786/2964 3248/3354/2964
f 2862/2961/2965 1041/1075/2965 1000/1033/2965 2825/2921/2965
f 2888/2989/2966 2862/2961/2966 2825/2921/2966 2531/2594/2966
f 3247/3353/2967 3248/3354/2967 2715/2786/2967 2991/3092/2967
f 3247/3353/2968 2991/3092/2968 2682/2753/2968 3238/3344/2968
f 2692/2763/2969 2741/2814/2969 2549/2612/2969 2548/2611/2969
f 3266/3372/2970 3259/3365/2970 2878/2979/2970 2877/2978/2970
f 2054/2096/2971 2056/2098/2971 2873/2974/2971 3133/3239/2971
f 2056/2098/2972 3148/3254/2972 2874/2975/2972 2873/2974/2972
f 3117/3223/2973 3131/3237/2973 3134/3240/2973 3128/3234/2973
f 2047/2089/2974 3122/3228/2974 3121/3227/2974 2044/2086/2974
f 3193/3299/2975 3272/3378/2975 3250/3356/2975 3182/3288/2975
f 3175/3281/2976 3265/3371/2976 3264/3370/2976 3176/3282/2976
f 2254/2296/2977 3261/3367/2977 3166/3272/2977 2251/2293/2977
f 3171/3277/2978 3170/3276/2978 3198/3304/2978 3265/3371/2978
f 3198/3304/2979 3170/3276/2979 3169/3275/2979 3199/3305/2979
f 3260/3366/2980 3165/3271/2980 3166/3272/2980 3261/3367/2980
f 3165/3271/2981 3260/3366/2981 3223/3329/2981 3273/3379/2981
f 3199/3305/2982 3169/3275/2982 3168/3274/2982 3204/3310/2982
f 3204/3310/2983 3168/3274/2983 3167/3273/2983 3258/3364/2983
f 2185/2227/2984 2192/2234/2984 3165/3271/2984 3273/3379/2984
f 3258/3364/2985 3167/3273/2985 3164/3270/2985 3255/3361/2985
f 3273/3379/2986 3223/3329/2986 3222/3328/2986 3274/3380/2986
f 3163/3269/2987 3256/3362/2987 3255/3361/2987 3164/3270/2987
f 2185/2227/2988 3273/3379/2988 3274/3380/2988 2184/2226/2988
f 3275/3381/2989 2183/2225/2989 2184/2226/2989 3274/3380/2989
f 3125/3231/2990 2190/2232/2990 2183/2225/2990 3275/3381/2990
f 3275/3381/2991 3274/3380/2991 3222/3328/2991 3201/3307/2991
f 3201/3307/2992 3126/3232/2992 3125/3231/2992 3275/3381/2992
f 3162/3268/2993 3257/3363/2993 3256/3362/2993 3163/3269/2993
f 3160/3266/2994 3254/3360/2994 3257/3363/2994 3162/3268/2994
f 3254/3360/2995 3160/3266/2995 2872/2973/2995 3155/3261/2995
f 3174/3280/2996 3276/3382/2996 3172/3278/2996 3175/3281/2996
f 3103/3209/2997 3102/3208/2997 3101/3207/2997 3100/3206/2997
f 2773/2858/2998 3277/3383/2998 1482/3384/2998 1481/3385/2998
f 3278/3386/2999 2770/2853/2999 3277/3383/2999 3279/3387/2999
f 2779/2866/3000 3278/3386/3000 3279/3387/3000 3280/3388/3000
f 3281/3389/3001 3282/3390/3001 3280/3388/3001 2776/2861/3001
f 3283/3391/3002 3284/3392/3002 3282/3390/3002 3281/3389/3002
f 3285/3393/3003 3286/3394/3003 3284/3392/3003 3283/3391/3003
f 3287/3395/3004 3288/3396/3004 3286/3394/3004 3285/3393/3004
f 2855/2954/3005 3289/3397/3005 3288/3396/3005 3287/3395/3005
f 2840/2937/3006 3289/3397/3006 3290/3398/3006 3291/3399/3006
f 3282/3390/3007 2778/2863/3007 2779/2866/3007 3280/3388/3007
f 3277/3383/3008 2770/2853/3008 934/2856/3008 1482/3384/3008
f 3288/3396/3009 2782/2871/3009 2781/2869/3009 3286/3394/3009
f 3289/3397/3010 2840/2937/3010 2782/2871/3010 3288/3396/3010
f 2784/3400/3011 2771/2854/3011 2770/2853/3011 3278/3386/3011
f 3284/3392/3012 2780/2867/3012 2778/2863/3012 3282/3390/3012
f 3286/3394/3013 2781/2869/3013 2780/2867/3013 3284/3392/3013
f 2699/2865/3014 2784/3400/3014 3278/3386/3014 2779/2866/3014
f 2769/2851/3015 2840/2937/3015 3291/3399/3015 2839/2936/3015
f 3172/3278/3016 3171/3277/3016 3265/3371/3016 3175/3281/3016
f 3292/3401/3017 3293/3402/3017 3294/3403/3017 3295/3404/3017
f 3197/3303/3018 3252/3358/3018 3292/3401/3018 3264/3370/3018
f 3295/3404/3019 3176/3282/3019 3264/3370/3019 3292/3401/3019
f 3173/3279/3020 3176/3282/3020 3295/3404/3020 3296/3405/3020
f 3292/3401/3021 3252/3358/3021 3297/3406/3021 3293/3402/3021
f 3297/3406/3022 3252/3358/3022 3253/3359/3022 3269/3375/3022
f 3259/3365/3023 3216/3322/3023 2879/2980/3023 2878/2979/3023
f 3216/3322/3024 3215/3321/3024 2880/2981/3024 2879/2980/3024
f 3215/3321/3025 3195/3301/3025 2881/2982/3025 2880/2981/3025
f 3267/3373/3026 3266/3372/3026 2877/2978/3026 3049/3153/3026
f 3267/3373/3027 3049/3153/3027 3194/3300/3027 3268/3374/3027
f 2741/2814/3028 3270/3376/3028 3194/3300/3028 2740/2813/3028
f 3272/3378/3029 3298/3407/3029 3299/3408/3029 3250/3356/3029
f 3300/3409/3030 3301/3410/3030 3302/3411/3030 3303/3412/3030
f 3270/3376/3031 3304/3413/3031 3297/3406/3031 3269/3375/3031
f 3303/3412/3032 3302/3411/3032 3305/3414/3032 3116/3222/3032
f 3270/3376/3033 3271/3377/3033 3251/3357/3033 3304/3413/3033
f 3262/3368/3034 3263/3369/3034 3300/3409/3034 3303/3412/3034
f 3116/3222/3035 3119/3225/3035 3262/3368/3035 3303/3412/3035
f 3304/3413/3036 3251/3357/3036 3250/3356/3036 3299/3408/3036
f 2741/2814/3037 2692/2763/3037 3271/3377/3037 3270/3376/3037
f 3293/3402/3038 3297/3406/3038 3304/3413/3038 3299/3408/3038
f 3133/3239/3039 2873/2974/3039 2876/2977/3039 3134/3240/3039
f 3299/3408/3040 3298/3407/3040 3294/3403/3040 3293/3402/3040
f 3301/3410/3041 3236/3342/3041 2700/2771/3041 3302/3411/3041
f 2703/2774/3042 3305/3414/3042 3302/3411/3042 2700/2771/3042
f 3305/3414/3043 2703/2774/3043 2711/2782/3043 3306/3415/3043
f 3306/3415/3044 2711/2782/3044 2706/2777/3044 3307/3416/3044
f 2058/2100/3045 3308/3417/3045 3307/3416/3045 2706/2777/3045
f 3308/3417/3046 2058/2100/3046 2061/2103/3046 3309/3418/3046
f 1990/2032/3047 3310/3419/3047 3309/3418/3047 2061/2103/3047
f 3310/3419/3048 1990/2032/3048 1941/1983/3048 3311/3420/3048
f 1940/1982/3049 3312/3421/3049 3311/3420/3049 1941/1983/3049
f 1944/1986/3050 3313/3422/3050 3312/3421/3050 1940/1982/3050
f 3189/3295/3051 3191/3297/3051 3219/3325/3051 3237/3343/3051
f 3189/3295/3052 3237/3343/3052 3225/3331/3052 3186/3292/3052
f 3186/3292/3053 3225/3331/3053 3228/3334/3053 3185/3291/3053
f 3230/3336/3054 3180/3286/3054 3185/3291/3054 3228/3334/3054
f 3245/3351/3055 3179/3285/3055 3180/3286/3055 3230/3336/3055
f 3246/3352/3056 3178/3284/3056 3179/3285/3056 3245/3351/3056
f 2167/2209/3057 3177/3283/3057 3178/3284/3057 3246/3352/3057
f 2944/3045/3058 3314/3423/3058 3315/3424/3058 2945/3046/3058
f 3316/3425/3059 2926/3027/3059 2945/3046/3059 3315/3424/3059
f 3313/3422/3060 1944/1986/3060 2927/3028/3060 3317/3426/3060
f 3177/3283/3061 2167/2209/3061 2166/2208/3061 3153/3259/3061
f 3243/3349/3062 3150/3256/3062 3153/3259/3062 2166/2208/3062
f 3242/3348/3063 3138/3244/3063 3150/3256/3063 3243/3349/3063
f 3241/3347/3064 3137/3243/3064 3138/3244/3064 3242/3348/3064
f 3137/3243/3065 3241/3347/3065 3240/3346/3065 3136/3242/3065
f 3136/3242/3066 3240/3346/3066 3239/3345/3066 3135/3241/3066
f 2140/2182/3067 3113/3219/3067 1305/1345/3067 247/247/3067
f 3306/3415/3068 3152/3258/3068 3116/3222/3068 3305/3414/3068
f 3152/3258/3069 3306/3415/3069 3307/3416/3069 3156/3262/3069
f 3308/3417/3070 2053/2095/3070 3156/3262/3070 3307/3416/3070
f 2053/2095/3071 3308/3417/3071 3309/3418/3071 1996/2038/3071
f 2874/2975/3072 2039/2081/3072 2038/2080/3072 2875/2976/3072
f 3148/3254/3073 2028/2070/3073 2039/2081/3073 2874/2975/3073
f 3149/3255/3074 2029/2071/3074 2028/2070/3074 3148/3254/3074
f 2942/3043/3075 3315/3424/3075 3314/3423/3075 2939/3040/3075
f 2922/3023/3076 3316/3425/3076 3315/3424/3076 2942/3043/3076
f 1949/1991/3077 3313/3422/3077 3317/3426/3077 2923/3024/3077
f 3313/3422/3078 1949/1991/3078 1948/1990/3078 3312/3421/3078
f 3312/3421/3079 1948/1990/3079 1951/1993/3079 3311/3420/3079
f 1997/2039/3080 3310/3419/3080 3311/3420/3080 1951/1993/3080
f 3310/3419/3081 1997/2039/3081 1996/2038/3081 3309/3418/3081
f 3147/3253/3082 2017/2059/3082 2029/2071/3082 3149/3255/3082
f 2017/2059/3083 3147/3253/3083 3146/3252/3083 1986/2028/3083
f 3145/3251/3084 1987/2029/3084 1986/2028/3084 3146/3252/3084
f 3144/3250/3085 1988/2030/3085 1987/2029/3085 3145/3251/3085
f 1988/2030/3086 3144/3250/3086 2915/3016/3086 1989/2031/3086
f 2906/3007/3087 2914/3015/3087 2968/3069/3087 2988/3089/3087
f 2967/3068/3088 2987/3088/3088 2988/3089/3088 2968/3069/3088
f 3272/3378/3089 3193/3299/3089 3217/3323/3089 3318/3427/3089
f 3295/3404/3090 3294/3403/3090 3319/3428/3090 3296/3405/3090
f 3298/3407/3091 3320/3429/3091 3319/3428/3091 3294/3403/3091
f 3298/3407/3092 3272/3378/3092 3318/3427/3092 3320/3429/3092
f 3276/3382/3093 3321/3430/3093 3143/3249/3093 3172/3278/3093
f 3322/3431/3094 2270/2312/3094 3143/3249/3094 3321/3430/3094
f 3323/3432/3095 2308/2350/3095 2304/2346/3095 2271/2313/3095
f 2356/2398/3096 2355/2397/3096 2281/2323/3096 2280/2322/3096
f 2536/2599/3097 2347/2389/3097 2350/2392/3097 2537/2600/3097
f 2306/2348/3098 2355/2397/3098 2358/2400/3098 2367/2409/3098
f 2357/2399/3099 2396/2438/3099 3324/3433/3099 2358/2400/3099
f 2374/2416/3100 3323/3432/3100 3322/3431/3100 3325/3434/3100
f 2415/2457/3101 2411/2453/3101 2414/2456/3101 2402/2444/3101
f 2275/2317/3102 2402/2444/3102 2414/2456/3102 2276/2318/3102
f 3055/3159/3103 2278/2320/3103 2279/2321/3103 3053/3157/3103
f 3081/3187/3104 2348/2390/3104 2347/2389/3104 3082/3188/3104
f 2349/2391/3105 3055/3159/3105 3053/3157/3105 2350/2392/3105
f 2305/2347/3106 3081/3187/3106 3082/3188/3106 2272/2314/3106
f 3322/3431/3107 3323/3432/3107 2271/2313/3107 2270/2312/3107
f 2315/2357/3108 2365/2407/3108 3326/3435/3108 2317/2359/3108
f 2314/2356/3109 2366/2408/3109 2365/2407/3109 2315/2357/3109
f 2366/2408/3110 2314/2356/3110 2311/2353/3110 2361/2403/3110
f 2309/2351/3111 2362/2404/3111 2361/2403/3111 2311/2353/3111
f 2308/2350/3112 2373/2415/3112 2362/2404/3112 2309/2351/3112
f 3323/3432/3113 2374/2416/3113 2373/2415/3113 2308/2350/3113
f 3276/3382/3114 3140/3246/3114 3141/3247/3114 3321/3430/3114
f 3322/3431/3115 3321/3430/3115 3141/3247/3115 3325/3434/3115
f 3140/3246/3116 3276/3382/3116 3174/3280/3116 3161/3267/3116
f 3161/3267/3117 3174/3280/3117 3173/3279/3117 2252/2294/3117
f 2252/2294/3118 3173/3279/3118 3296/3405/3118 2253/2295/3118
f 2253/2295/3119 3296/3405/3119 3319/3428/3119 3263/3369/3119
f 3263/3369/3120 3319/3428/3120 3320/3429/3120 3300/3409/3120
f 3318/3427/3121 3301/3410/3121 3300/3409/3121 3320/3429/3121
f 3301/3410/3122 3318/3427/3122 3217/3323/3122 3236/3342/3122
f 400/400/3123 2281/2323/3123 2282/2324/3123 403/403/3123
f 2355/2397/3124 2306/2348/3124 2282/2324/3124 2281/2323/3124
f 2358/2400/3125 3324/3433/3125 2368/2410/3125 2367/2409/3125
f 2307/2349/3126 2306/2348/3126 2367/2409/3126 2370/2412/3126
f 3326/3435/3127 2391/2433/3127 2424/2466/3127 3327/3436/3127
f 2378/2420/3128 2377/2419/3128 2364/2406/3128 2363/2405/3128
f 3328/3437/3129 2368/2410/3129 3324/3433/3129 2371/2413/3129
f 2381/2423/3130 2378/2420/3130 2363/2405/3130 2360/2402/3130
f 2396/2438/3131 2382/2424/3131 2359/2401/3131 2372/2414/3131
f 3324/3433/3132 2396/2438/3132 2372/2414/3132 2371/2413/3132
f 2382/2424/3133 2381/2423/3133 2360/2402/3133 2359/2401/3133
f 3326/3435/3134 2365/2407/3134 2364/2406/3134 2391/2433/3134
f 3327/3438/3135 2424/2496/3135 2441/2497/3135 3329/3439/3135
f 3329/3439/3136 2441/2497/3136 2448/2505/3136 3330/3440/3136
f 3330/3440/3137 2448/2505/3137 2466/2525/3137 3331/3441/3137
f 3331/3441/3138 2466/2525/3138 2483/2543/3138 3332/3442/3138
f 3332/3442/3139 2483/2543/3139 2503/2564/3139 3333/3443/3139
f 3333/3443/3140 2503/2564/3140 2509/2571/3140 3334/3444/3140
f 3334/3444/3141 2509/2571/3141 2526/2589/3141 3335/3445/3141
f 3325/3434/3142 3328/3437/3142 2371/2413/3142 2374/2416/3142
f 3141/3247/3143 2250/2292/3143 2221/2263/3143 3139/3245/3143
f 3141/3247/3144 3139/3245/3144 3328/3437/3144 3325/3434/3144
f 2368/2410/3145 3328/3437/3145 3139/3245/3145 2369/2411/3145
f 3335/3445/3146 2530/2593/3146 2514/2576/3146 3334/3444/3146
f 3334/3444/3147 2514/2576/3147 2490/2550/3147 3333/3443/3147
f 2487/2547/3148 3332/3442/3148 3333/3443/3148 2490/2550/3148
f 3332/3442/3149 2487/2547/3149 2470/2529/3149 3331/3441/3149
f 3331/3441/3150 2470/2529/3150 2453/2510/3150 3330/3440/3150
f 3330/3440/3151 2453/2510/3151 2442/2499/3151 3329/3439/3151
f 3329/3439/3152 2442/2499/3152 2319/2498/3152 3327/3438/3152
f 2317/2359/3153 3326/3435/3153 3327/3436/3153 2319/2361/3153
f 3218/3324/3154 3235/3341/3154 3236/3342/3154 3217/3323/3154
f 3220/3326/3155 3234/3340/3155 3235/3341/3155 3218/3324/3155
f 3221/3327/3156 3233/3339/3156 3234/3340/3156 3220/3326/3156
f 3224/3330/3157 3232/3338/3157 3233/3339/3157 3221/3327/3157
f 3159/3265/3158 3231/3337/3158 3232/3338/3158 3224/3330/3158
f 3094/3200/3159 2159/2201/3159 3231/3337/3159 3159/3265/3159
f 2159/2201/3160 3094/3200/3160 3097/3203/3160 2158/2200/3160
f 2158/2200/3161 3097/3203/3161 3099/3205/3161 2156/2198/3161
f 2156/2198/3162 3099/3205/3162 3101/3207/3162 2157/2199/3162
f 3102/3208/3163 2137/2179/3163 2157/2199/3163 3101/3207/3163
f 2137/2179/3164 3102/3208/3164 3105/3211/3164 2138/2180/3164
f 2138/2180/3165 3105/3211/3165 3107/3213/3165 2135/2177/3165
f 2135/2177/3166 3107/3213/3166 3109/3215/3166 2136/2178/3166
f 2136/2178/3167 3109/3215/3167 3111/3217/3167 2139/2181/3167
f 2139/2181/3168 3111/3217/3168 3113/3219/3168 2140/2182/3168
f 2766/2848/3169 2807/2900/3169 2808/2901/3169 2767/2849/3169
f 2803/2894/3170 2765/2847/3170 2768/2850/3170 2811/2904/3170
f 2805/2898/3171 973/2897/3171 982/2906/3171 2812/2905/3171
f 2798/2889/3172 2803/2894/3172 2811/2904/3172 2810/2903/3172
f 2844/2941/3173 2799/2890/3173 2809/2902/3173 2845/2942/3173
f 2870/2969/3174 2805/2898/3174 2812/2905/3174 2865/2964/3174
f 2807/2900/3175 2870/2969/3175 2865/2964/3175 2808/2901/3175
f 2759/2839/3176 3336/3446/3176 2845/2942/3176 2757/2837/3176
f 2845/2942/3177 3336/3446/3177 2887/2988/3177 2844/2941/3177
f 2856/2955/3178 2684/2755/3178 2687/2758/3178 2794/2885/3178
f 2857/2956/3179 2856/2955/3179 2794/2885/3179 2841/2938/3179
f 2831/2927/3180 2821/2917/3180 3337/3447/3180 3338/3448/3180
f 3339/3449/3181 3340/3450/3181 2833/2929/3181 2848/2945/3181
f 2679/2750/3182 2833/2929/3182 3340/3450/3182 3341/3451/3182
f 3341/3451/3183 3340/3450/3183 3342/3452/3183 3343/3453/3183
f 3338/3448/3184 3337/3447/3184 3344/3454/3184 3345/3455/3184
f 3346/3456/3185 3342/3452/3185 3340/3450/3185 3339/3449/3185
f 3343/3453/3186 3342/3452/3186 3347/3457/3186 3348/3458/3186
f 3345/3455/3187 3344/3454/3187 3349/3459/3187 3350/3460/3187
f 3351/3461/3188 3347/3457/3188 3342/3452/3188 3346/3456/3188
f 3291/3399/3189 3290/3398/3189 3352/3462/3189 3353/3463/3189
f 2858/2957/3190 2857/2956/3190 3354/3464/3190 3355/3465/3190
f 2838/2935/3191 2839/2936/3191 3356/3466/3191 3357/3467/3191
f 3353/3463/3192 3356/3466/3192 2839/2936/3192 3291/3399/3192
f 2838/2935/3193 3357/3467/3193 2992/3093/3193 2837/2934/3193
f 2885/2986/3194 3354/3464/3194 2857/2956/3194 2841/2938/3194
f 2676/2747/3195 3349/3459/3195 3344/3454/3195 2169/2211/3195
f 3337/3447/3196 2170/2212/3196 2169/2211/3196 3344/3454/3196
f 3348/3458/3197 3358/3468/3197 3359/3469/3197 3343/3453/3197
f 2679/2750/3198 3341/3451/3198 3360/3470/3198 2680/2751/3198
f 3360/3470/3199 3341/3451/3199 3343/3453/3199 3359/3469/3199
f 2170/2212/3200 3337/3447/3200 2821/2917/3200 2164/2206/3200
f 2674/2745/3201 3361/3471/3201 3349/3459/3201 2676/2747/3201
f 2762/2842/3202 3361/3471/3202 2674/2745/3202 2673/2744/3202
f 3362/3472/3203 3363/3473/3203 2759/2839/3203 2760/2840/3203
f 3364/3474/3204 3365/3475/3204 2885/2986/3204 2884/2985/3204
f 3366/3476/3205 3367/3477/3205 2762/2842/3205 2761/2841/3205
f 3368/3478/3206 3369/3479/3206 3370/3480/3206 3371/3481/3206
f 3372/3482/3207 3373/3483/3207 2763/2845/3207 2992/3093/3207
f 3374/3484/3208 3375/3485/3208 3356/3466/3208 3353/3463/3208
f 3376/3486/3209 3377/3487/3209 3378/3488/3209 3379/3489/3209
f 3380/3490/3210 3381/3491/3210 3382/3492/3210 3383/3493/3210
f 3384/3494/3211 3385/3495/3211 3347/3457/3211 3351/3461/3211
f 3367/3477/3212 3386/3496/3212 3361/3471/3212 2762/2842/3212
f 3387/3497/3213 3388/3498/3213 3389/3499/3213 3390/3500/3213
f 3391/3501/3214 3392/3502/3214 3393/3503/3214 3394/3504/3214
f 3388/3498/3215 3395/3505/3215 3396/3506/3215 3389/3499/3215
f 3365/3475/3216 3397/3507/3216 3354/3464/3216 2885/2986/3216
f 3392/3502/3217 3398/3508/3217 3399/3509/3217 3393/3503/3217
f 3400/3510/3218 3376/3486/3218 3379/3489/3218 3401/3511/3218
f 3402/3512/3219 3368/3478/3219 3371/3481/3219 3403/3513/3219
f 3363/3473/3220 3404/3514/3220 3336/3446/3220 2759/2839/3220
f 3405/3515/3221 3406/3516/3221 3407/3517/3221 3408/3518/3221
f 3409/3519/3222 3410/3520/3222 3411/3521/3222 3412/3522/3222
f 3413/3523/3223 3414/3524/3223 3396/3506/3223 3415/3525/3223
f 3416/3526/3224 3417/3527/3224 3407/3517/3224 3394/3504/3224
f 3418/3528/3225 3419/3529/3225 3378/3488/3225 3420/3530/3225
f 3383/3493/3226 3382/3492/3226 3421/3531/3226 3422/3532/3226
f 3389/3499/3227 3396/3506/3227 3414/3524/3227 3423/3533/3227
f 3424/3534/3228 3418/3528/3228 3420/3530/3228 3408/3518/3228
f 3403/3513/3229 3371/3481/3229 3425/3535/3229 3426/3536/3229
f 3394/3504/3230 3393/3503/3230 3427/3537/3230 3416/3526/3230
f 3401/3511/3231 3379/3489/3231 3428/3538/3231 3429/3539/3231
f 3430/3540/3232 3431/3541/3232 3370/3480/3232 3432/3542/3232
f 3433/3543/3233 3434/3544/3233 3435/3545/3233 3436/3546/3233
f 3434/3544/3234 3437/3547/3234 3411/3521/3234 3435/3545/3234
f 3393/3503/3235 3399/3509/3235 3438/3548/3235 3427/3537/3235
f 3371/3481/3236 3370/3480/3236 3431/3541/3236 3425/3535/3236
f 3408/3518/3237 3407/3517/3237 3417/3527/3237 3424/3534/3237
f 3390/3500/3238 3389/3499/3238 3423/3533/3238 3439/3549/3238
f 3412/3522/3239 3411/3521/3239 3437/3547/3239 3440/3550/3239
f 3441/3551/3240 3430/3540/3240 3432/3542/3240 3442/3552/3240
f 3379/3489/3241 3378/3488/3241 3419/3529/3241 3428/3538/3241
f 3422/3532/3242 3438/3548/3242 3399/3509/3242 3383/3493/3242
f 3439/3549/3243 3423/3533/3243 3443/3553/3243 3444/3554/3243
f 3440/3550/3244 3437/3547/3244 3445/3555/3244 3446/3556/3244
f 3447/3557/3245 3448/3558/3245 3430/3540/3245 3441/3551/3245
f 3428/3538/3246 3419/3529/3246 3449/3559/3246 3450/3560/3246
f 3451/3561/3247 3452/3562/3247 3438/3548/3247 3422/3532/3247
f 3453/3563/3248 3454/3564/3248 3414/3524/3248 3413/3523/3248
f 3455/3565/3249 3456/3566/3249 3417/3527/3249 3416/3526/3249
f 3457/3567/3250 3449/3559/3250 3419/3529/3250 3418/3528/3250
f 3422/3532/3251 3421/3531/3251 3458/3568/3251 3451/3561/3251
f 3423/3533/3252 3414/3524/3252 3454/3564/3252 3443/3553/3252
f 3459/3569/3253 3457/3567/3253 3418/3528/3253 3424/3534/3253
f 3426/3536/3254 3425/3535/3254 3460/3570/3254 3461/3571/3254
f 3416/3526/3255 3427/3537/3255 3462/3572/3255 3455/3565/3255
f 3429/3539/3256 3428/3538/3256 3450/3560/3256 3463/3573/3256
f 3448/3558/3257 3464/3574/3257 3431/3541/3257 3430/3540/3257
f 3465/3575/3258 3466/3576/3258 3434/3544/3258 3433/3543/3258
f 3466/3576/3259 3445/3555/3259 3437/3547/3259 3434/3544/3259
f 3427/3537/3260 3438/3548/3260 3452/3562/3260 3462/3572/3260
f 3425/3535/3261 3431/3541/3261 3464/3574/3261 3460/3570/3261
f 3424/3534/3262 3417/3527/3262 3456/3566/3262 3459/3569/3262
f 3467/3577/3263 3468/3578/3263 3469/3579/3263 3470/3580/3263
f 3471/3581/3264 3472/3582/3264 3473/3583/3264 3474/3584/3264
f 3475/3585/3265 3476/3586/3265 3477/3587/3265 3478/3588/3265
f 3479/3589/3266 3480/3590/3266 3481/3591/3266 3482/3592/3266
f 3483/3593/3267 3484/3594/3267 3485/3595/3267 3486/3596/3267
f 3487/3597/3268 3488/3598/3268 3489/3599/3268 3490/3600/3268
f 3468/3578/3269 3491/3601/3269 3492/3602/3269 3469/3579/3269
f 3493/3603/3270 3494/3604/3270 3495/3605/3270 3496/3606/3270
f 3484/3594/3271 3497/3607/3271 3498/3608/3271 3485/3595/3271
f 3499/3609/3272 3475/3585/3272 3478/3588/3272 3500/3610/3272
f 3501/3611/3273 3471/3581/3273 3474/3584/3273 3502/3612/3273
f 3503/3613/3274 3504/3614/3274 3492/3602/3274 3505/3615/3274
f 3506/3616/3275 3503/3613/3275 3505/3615/3275 3482/3592/3275
f 3507/3617/3276 3508/3618/3276 3477/3587/3276 3509/3619/3276
f 3510/3620/3277 3511/3621/3277 3512/3622/3277 3513/3623/3277
f 3511/3621/3278 3514/3624/3278 3489/3599/3278 3512/3622/3278
f 3515/3625/3279 3507/3617/3279 3509/3619/3279 3516/3626/3279
f 3517/3627/3280 3518/3628/3280 3473/3583/3280 3496/3606/3280
f 3519/3629/3281 3520/3630/3281 3498/3608/3281 3521/3631/3281
f 3522/3632/3282 3523/3633/3282 3481/3591/3282 3502/3612/3282
f 3524/3634/3283 3525/3635/3283 3526/3636/3283 3527/3637/3283
f 3528/3638/3284 3529/3639/3284 3530/3640/3284 3531/3641/3284
f 3532/3642/3285 3533/3643/3285 3534/3644/3285 3535/3645/3285
f 3527/3637/3286 3536/3646/3286 3537/3647/3286 3524/3634/3286
f 3538/3648/3287 3539/3649/3287 3540/3650/3287 3541/3651/3287
f 3542/3652/3288 3543/3653/3288 3544/3654/3288 3545/3655/3288
f 3546/3656/3289 3547/3657/3289 3548/3658/3289 3549/3659/3289
f 3525/3635/3290 3550/3660/3290 3551/3661/3290 3526/3636/3290
f 3543/3653/3291 3534/3644/3291 3533/3643/3291 3544/3654/3291
f 3552/3662/3292 3553/3663/3292 3554/3664/3292 3555/3665/3292
f 3556/3666/3293 3546/3656/3293 3549/3659/3293 3557/3667/3293
f 3558/3668/3294 3559/3669/3294 3560/3670/3294 3561/3671/3294
f 3541/3651/3295 3548/3658/3295 3547/3657/3295 3538/3648/3295
f 3549/3659/3296 3548/3658/3296 3562/3672/3296 3563/3673/3296
f 3557/3667/3297 3549/3659/3297 3563/3673/3297 3564/3674/3297
f 3535/3645/3298 3534/3644/3298 3565/3675/3298 3566/3676/3298
f 3567/3677/3299 3568/3678/3299 3529/3639/3299 3528/3638/3299
f 3528/3638/3300 3569/3679/3300 3570/3680/3300 3567/3677/3300
f 3571/3681/3301 3572/3682/3301 3525/3635/3301 3524/3634/3301
f 3573/3683/3302 3574/3684/3302 3543/3653/3302 3542/3652/3302
f 3555/3665/3303 3554/3664/3303 3575/3685/3303 3576/3686/3303
f 3577/3687/3304 3578/3688/3304 3579/3689/3304 3559/3669/3304
f 3580/3690/3305 3581/3691/3305 3540/3650/3305 3582/3692/3305
f 3554/3664/3306 3583/3693/3306 3584/3694/3306 3575/3685/3306
f 3524/3634/3307 3537/3647/3307 3585/3695/3307 3571/3681/3307
f 3569/3679/3308 3579/3689/3308 3578/3688/3308 3570/3680/3308
f 3582/3692/3309 3550/3660/3309 3586/3696/3309 3580/3690/3309
f 3568/3678/3310 3584/3694/3310 3583/3693/3310 3529/3639/3310
f 3587/3697/3311 3535/3645/3311 3566/3676/3311 3588/3698/3311
f 3589/3699/3312 3562/3672/3312 3548/3658/3312 3541/3651/3312
f 3590/3700/3313 3577/3687/3313 3559/3669/3313 3558/3668/3313
f 3483/3593/3314 3444/3554/3314 3443/3553/3314 3484/3594/3314
f 3484/3594/3315 3443/3553/3315 3454/3564/3315 3497/3607/3315
f 3453/3563/3316 3591/3701/3316 3497/3607/3316 3454/3564/3316
f 3463/3573/3317 3467/3577/3317 3591/3701/3317 3453/3563/3317
f 3467/3577/3318 3463/3573/3318 3450/3560/3318 3468/3578/3318
f 3468/3578/3319 3450/3560/3319 3449/3559/3319 3491/3601/3319
f 3457/3567/3320 3592/3702/3320 3491/3601/3320 3449/3559/3320
f 3279/3387/3321 3277/3383/3321 2773/2858/3321 2772/2857/3321
f 3280/3388/3322 3279/3387/3322 2772/2857/3322 2776/2861/3322
f 2847/2944/3323 2846/2943/3323 2830/2926/3323 2829/2925/3323
f 2847/2944/3324 2829/2925/3324 2831/2927/3324 2848/2945/3324
f 2846/2943/3325 2849/2947/3325 2836/2932/3325 2830/2926/3325
f 2866/2965/3326 1046/1080/3326 1028/1062/3326 2850/2948/3326
f 3289/3397/3327 2855/2954/3327 2858/2957/3327 3290/3398/3327
f 2818/2914/3328 2836/2932/3328 2871/2972/3328 2827/2923/3328
f 2851/2949/3329 2889/2990/3329 2890/2991/3329 2850/2948/3329
f 2889/2990/3330 2827/2923/3330 2871/2972/3330 2890/2991/3330
f 2774/2859/3331 2773/2858/3331 1481/3385/3331 1023/2946/3331
f 2824/2920/3332 3281/3389/3332 2776/2861/3332 2777/2862/3332
f 2690/2761/3333 3283/3391/3333 3281/3389/3333 2824/2920/3333
f 2685/2756/3334 3285/3393/3334 3283/3391/3334 2690/2761/3334
f 2684/2755/3335 3287/3395/3335 3285/3393/3335 2685/2756/3335
f 2856/2955/3336 2855/2954/3336 3287/3395/3336 2684/2755/3336
f 2848/2945/3337 2831/2927/3337 3338/3448/3337 3339/3449/3337
f 3339/3449/3338 3338/3448/3338 3345/3455/3338 3346/3456/3338
f 3346/3456/3339 3345/3455/3339 3350/3460/3339 3351/3461/3339
f 3290/3398/3340 2858/2957/3340 3355/3465/3340 3352/3462/3340
f 3593/3703/3341 3400/3510/3341 3401/3511/3341 3415/3525/3341
f 3381/3491/3342 3409/3519/3342 3412/3522/3342 3382/3492/3342
f 3415/3525/3343 3401/3511/3343 3429/3539/3343 3413/3523/3343
f 3382/3492/3344 3412/3522/3344 3440/3550/3344 3421/3531/3344
f 3421/3531/3345 3440/3550/3345 3446/3556/3345 3458/3568/3345
f 3413/3523/3346 3429/3539/3346 3463/3573/3346 3453/3563/3346
f 3591/3701/3347 3467/3577/3347 3470/3580/3347 3521/3631/3347
f 3494/3604/3348 3487/3597/3348 3490/3600/3348 3495/3605/3348
f 3576/3686/3349 3585/3695/3349 3537/3647/3349 3555/3665/3349
f 3574/3684/3350 3565/3675/3350 3534/3644/3350 3543/3653/3350
f 3572/3682/3351 3586/3696/3351 3550/3660/3351 3525/3635/3351
f 3541/3651/3352 3540/3650/3352 3581/3691/3352 3589/3699/3352
f 3459/3569/3353 3479/3589/3353 3592/3702/3353 3457/3567/3353
f 3479/3589/3354 3459/3569/3354 3456/3566/3354 3480/3590/3354
f 3517/3627/3355 3594/3704/3355 3595/3705/3355 3596/3706/3355
f 3597/3707/3356 3520/3630/3356 3598/3708/3356 3599/3709/3356
f 3600/3710/3357 3601/3711/3357 3602/3712/3357 3603/3713/3357
f 3522/3632/3358 3604/3714/3358 3605/3715/3358 3606/3716/3358
f 3607/3717/3359 3608/3718/3359 3609/3719/3359 3610/3720/3359
f 3604/3714/3360 3518/3628/3360 3611/3721/3360 3605/3715/3360
f 3601/3711/3361 3508/3618/3361 3612/3722/3361 3602/3712/3361
f 3506/3616/3362 3523/3633/3362 3613/3723/3362 3614/3724/3362
f 3615/3725/3363 3597/3707/3363 3599/3709/3363 3616/3726/3363
f 3617/3727/3364 3514/3624/3364 3618/3728/3364 3619/3729/3364
f 3608/3718/3365 3504/3614/3365 3620/3730/3365 3609/3719/3365
f 3519/3629/3366 3607/3717/3366 3610/3720/3366 3621/3731/3366
f 3594/3704/3367 3617/3727/3367 3619/3729/3367 3595/3705/3367
f 3502/3612/3368 3481/3591/3368 3480/3590/3368 3501/3611/3368
f 3455/3565/3369 3501/3611/3369 3480/3590/3369 3456/3566/3369
f 3501/3611/3370 3455/3565/3370 3462/3572/3370 3471/3581/3370
f 3471/3581/3371 3462/3572/3371 3452/3562/3371 3472/3582/3371
f 3451/3561/3372 3493/3603/3372 3472/3582/3372 3452/3562/3372
f 3493/3603/3373 3451/3561/3373 3458/3568/3373 3494/3604/3373
f 3512/3622/3374 3489/3599/3374 3488/3598/3374 3622/3732/3374
f 3446/3556/3375 3487/3597/3375 3494/3604/3375 3458/3568/3375
f 3559/3669/3376 3579/3689/3376 3623/3733/3376 3560/3670/3376
f 3553/3663/3377 3624/3734/3377 3583/3693/3377 3554/3664/3377
f 3496/3606/3378 3473/3583/3378 3472/3582/3378 3493/3603/3378
f 3625/3735/3379 3532/3642/3379 3535/3645/3379 3587/3697/3379
f 3482/3592/3380 3505/3615/3380 3592/3702/3380 3479/3589/3380
f 3513/3623/3381 3512/3622/3381 3622/3732/3381 3626/3736/3381
f 3487/3597/3382 3446/3556/3382 3445/3555/3382 3488/3598/3382
f 3509/3619/3383 3477/3587/3383 3476/3586/3383 3627/3737/3383
f 3466/3576/3384 3622/3732/3384 3488/3598/3384 3445/3555/3384
f 3521/3631/3385 3498/3608/3385 3497/3607/3385 3591/3701/3385
f 3505/3615/3386 3492/3602/3386 3491/3601/3386 3592/3702/3386
f 3465/3575/3387 3626/3736/3387 3622/3732/3387 3466/3576/3387
f 3516/3626/3388 3509/3619/3388 3627/3737/3388 3628/3738/3388
f 3499/3609/3389 3461/3571/3389 3460/3570/3389 3475/3585/3389
f 3475/3585/3390 3460/3570/3390 3464/3574/3390 3476/3586/3390
f 3448/3558/3391 3627/3737/3391 3476/3586/3391 3464/3574/3391
f 3447/3557/3392 3628/3738/3392 3627/3737/3392 3448/3558/3392
f 3582/3692/3393 3540/3650/3393 3539/3649/3393 3629/3739/3393
f 3531/3641/3394 3630/3740/3394 3569/3679/3394 3528/3638/3394
f 3630/3740/3395 3623/3733/3395 3579/3689/3395 3569/3679/3395
f 3555/3665/3396 3537/3647/3396 3536/3646/3396 3552/3662/3396
f 3630/3740/3397 3631/3741/3397 3632/3742/3397 3623/3733/3397
f 3529/3639/3398 3583/3693/3398 3624/3734/3398 3530/3640/3398
f 3531/3641/3399 3633/3743/3399 3631/3741/3399 3630/3740/3399
f 3633/3743/3400 3531/3641/3400 3530/3640/3400 3634/3744/3400
f 3634/3744/3401 3530/3640/3401 3624/3734/3401 3635/3745/3401
f 3553/3663/3402 3636/3746/3402 3635/3745/3402 3624/3734/3402
f 3552/3662/3403 3637/3747/3403 3636/3746/3403 3553/3663/3403
f 3637/3747/3404 3552/3662/3404 3536/3646/3404 3638/3748/3404
f 3527/3637/3405 3639/3749/3405 3638/3748/3405 3536/3646/3405
f 3639/3749/3406 3527/3637/3406 3526/3636/3406 3640/3750/3406
f 3640/3750/3407 3526/3636/3407 3551/3661/3407 3641/3751/3407
f 3629/3739/3408 3642/3752/3408 3641/3751/3408 3551/3661/3408
f 3629/3739/3409 3551/3661/3409 3550/3660/3409 3582/3692/3409
f 3642/3752/3410 3629/3739/3410 3539/3649/3410 3643/3753/3410
f 3538/3648/3411 3644/3754/3411 3643/3753/3411 3539/3649/3411
f 3644/3754/3412 3538/3648/3412 3547/3657/3412 3645/3755/3412
f 3546/3656/3413 3646/3756/3413 3645/3755/3413 3547/3657/3413
f 3556/3666/3414 3647/3757/3414 3646/3756/3414 3546/3656/3414
f 3648/3758/3415 3545/3655/3415 3544/3654/3415 3649/3759/3415
f 3649/3759/3416 3544/3654/3416 3533/3643/3416 3650/3760/3416
f 3532/3642/3417 3651/3761/3417 3650/3760/3417 3533/3643/3417
f 3625/3735/3418 3652/3762/3418 3651/3761/3418 3532/3642/3418
f 3653/3763/3419 3561/3671/3419 3560/3670/3419 3654/3764/3419
f 3654/3764/3420 3560/3670/3420 3623/3733/3420 3632/3742/3420
f 3655/3765/3421 3644/3754/3421 3645/3755/3421 3656/3766/3421
f 3657/3767/3422 3654/3764/3422 3632/3742/3422 3658/3768/3422
f 3588/3698/3423 3659/3769/3423 3616/3726/3423 3590/3700/3423
f 3660/3770/3424 3643/3753/3424 3644/3754/3424 3655/3765/3424
f 3661/3771/3425 3642/3752/3425 3643/3753/3425 3660/3770/3425
f 3588/3698/3426 3590/3700/3426 3558/3668/3426 3587/3697/3426
f 3662/3772/3427 3663/3773/3427 3664/3774/3427 3658/3768/3427
f 3665/3775/3428 3666/3776/3428 3664/3774/3428 3667/3777/3428
f 3653/3763/3429 3652/3762/3429 3625/3735/3429 3561/3671/3429
f 3668/3778/3430 3669/3779/3430 3663/3773/3430 3662/3772/3430
f 3670/3780/3431 3671/3781/3431 3669/3779/3431 3668/3778/3431
f 3672/3782/3432 3671/3781/3432 3637/3747/3432 3638/3748/3432
f 3669/3779/3433 3673/3783/3433 3674/3784/3433 3663/3773/3433
f 3587/3697/3434 3558/3668/3434 3561/3671/3434 3625/3735/3434
f 3663/3773/3435 3674/3784/3435 3667/3777/3435 3664/3774/3435
f 3673/3783/3436 3675/3785/3436 3676/3786/3436 3674/3784/3436
f 3666/3776/3437 3657/3767/3437 3658/3768/3437 3664/3774/3437
f 3631/3741/3438 3662/3772/3438 3658/3768/3438 3632/3742/3438
f 3633/3743/3439 3668/3778/3439 3662/3772/3439 3631/3741/3439
f 3634/3744/3440 3670/3780/3440 3668/3778/3440 3633/3743/3440
f 3676/3786/3441 3655/3765/3441 3656/3766/3441 3677/3787/3441
f 3678/3788/3442 3665/3775/3442 3667/3777/3442 3677/3787/3442
f 3671/3781/3443 3672/3782/3443 3673/3783/3443 3669/3779/3443
f 3652/3762/3444 3657/3767/3444 3666/3776/3444 3651/3761/3444
f 3651/3761/3445 3666/3776/3445 3665/3775/3445 3650/3760/3445
f 3674/3784/3446 3676/3786/3446 3677/3787/3446 3667/3777/3446
f 3670/3780/3447 3634/3744/3447 3635/3745/3447 3636/3746/3447
f 3647/3757/3448 3648/3758/3448 3679/3789/3448 3646/3756/3448
f 3678/3788/3449 3649/3759/3449 3650/3760/3449 3665/3775/3449
f 3679/3789/3450 3678/3788/3450 3677/3787/3450 3656/3766/3450
f 3672/3782/3451 3680/3790/3451 3675/3785/3451 3673/3783/3451
f 3646/3756/3452 3679/3789/3452 3656/3766/3452 3645/3755/3452
f 3680/3790/3453 3661/3771/3453 3660/3770/3453 3675/3785/3453
f 3675/3785/3454 3660/3770/3454 3655/3765/3454 3676/3786/3454
f 3680/3790/3455 3672/3782/3455 3638/3748/3455 3639/3749/3455
f 3671/3781/3456 3670/3780/3456 3636/3746/3456 3637/3747/3456
f 3642/3752/3457 3661/3771/3457 3640/3750/3457 3641/3751/3457
f 3661/3771/3458 3680/3790/3458 3639/3749/3458 3640/3750/3458
f 3681/3791/3459 3620/3730/3459 3504/3614/3459 3503/3613/3459
f 3614/3724/3460 3681/3791/3460 3503/3613/3460 3506/3616/3460
f 3682/3792/3461 3612/3722/3461 3508/3618/3461 3507/3617/3461
f 3683/3793/3462 3684/3794/3462 3511/3621/3462 3510/3620/3462
f 3684/3794/3463 3618/3728/3463 3514/3624/3463 3511/3621/3463
f 3659/3769/3464 3682/3792/3464 3507/3617/3464 3515/3625/3464
f 3596/3706/3465 3611/3721/3465 3518/3628/3465 3517/3627/3465
f 3621/3731/3466 3598/3708/3466 3520/3630/3466 3519/3629/3466
f 3606/3716/3467 3613/3723/3467 3523/3633/3467 3522/3632/3467
f 3496/3606/3468 3495/3605/3468 3594/3704/3468 3517/3627/3468
f 3485/3595/3469 3498/3608/3469 3520/3630/3469 3597/3707/3469
f 3500/3610/3470 3478/3588/3470 3601/3711/3470 3600/3710/3470
f 3502/3612/3471 3474/3584/3471 3604/3714/3471 3522/3632/3471
f 3470/3580/3472 3469/3579/3472 3608/3718/3472 3607/3717/3472
f 3474/3584/3473 3473/3583/3473 3518/3628/3473 3604/3714/3473
f 3478/3588/3474 3477/3587/3474 3508/3618/3474 3601/3711/3474
f 3482/3592/3475 3481/3591/3475 3523/3633/3475 3506/3616/3475
f 3486/3596/3476 3485/3595/3476 3597/3707/3476 3615/3725/3476
f 3490/3600/3477 3489/3599/3477 3514/3624/3477 3617/3727/3477
f 3469/3579/3478 3492/3602/3478 3504/3614/3478 3608/3718/3478
f 3521/3631/3479 3470/3580/3479 3607/3717/3479 3519/3629/3479
f 3495/3605/3480 3490/3600/3480 3617/3727/3480 3594/3704/3480
f 3621/3731/3481 3570/3680/3481 3578/3688/3481 3598/3708/3481
f 3610/3720/3482 3567/3677/3482 3570/3680/3482 3621/3731/3482
f 3567/3677/3483 3610/3720/3483 3609/3719/3483 3568/3678/3483
f 3568/3678/3484 3609/3719/3484 3620/3730/3484 3584/3694/3484
f 3681/3791/3485 3575/3685/3485 3584/3694/3485 3620/3730/3485
f 3614/3724/3486 3576/3686/3486 3575/3685/3486 3681/3791/3486
f 3576/3686/3487 3614/3724/3487 3613/3723/3487 3585/3695/3487
f 3606/3716/3488 3571/3681/3488 3585/3695/3488 3613/3723/3488
f 3571/3681/3489 3606/3716/3489 3605/3715/3489 3572/3682/3489
f 3572/3682/3490 3605/3715/3490 3611/3721/3490 3586/3696/3490
f 3596/3706/3491 3580/3690/3491 3586/3696/3491 3611/3721/3491
f 3580/3690/3492 3596/3706/3492 3595/3705/3492 3581/3691/3492
f 3619/3729/3493 3589/3699/3493 3581/3691/3493 3595/3705/3493
f 3589/3699/3494 3619/3729/3494 3618/3728/3494 3562/3672/3494
f 3684/3794/3495 3563/3673/3495 3562/3672/3495 3618/3728/3495
f 3683/3793/3496 3564/3674/3496 3563/3673/3496 3684/3794/3496
f 3573/3683/3497 3603/3713/3497 3602/3712/3497 3574/3684/3497
f 3574/3684/3498 3602/3712/3498 3612/3722/3498 3565/3675/3498
f 3682/3792/3499 3566/3676/3499 3565/3675/3499 3612/3722/3499
f 3659/3769/3500 3588/3698/3500 3566/3676/3500 3682/3792/3500
f 3590/3700/3501 3616/3726/3501 3599/3709/3501 3577/3687/3501
f 3577/3687/3502 3599/3709/3502 3598/3708/3502 3578/3688/3502
f 3442/3552/3503 3432/3542/3503 3685/3795/3503 3686/3796/3503
f 3436/3546/3504 3435/3545/3504 3687/3797/3504 3688/3798/3504
f 3408/3518/3505 3420/3530/3505 3689/3799/3505 3405/3515/3505
f 3690/3800/3506 3404/3514/3506 3369/3479/3506 3368/3478/3506
f 3394/3504/3507 3407/3517/3507 3406/3516/3507 3391/3501/3507
f 3383/3493/3508 3399/3509/3508 3398/3508/3508 3380/3490/3508
f 3447/3557/3509 3444/3554/3509 3483/3593/3509 3628/3738/3509
f 3691/3801/3510 3386/3496/3510 3377/3487/3510 3376/3486/3510
f 3374/3484/3511 3692/3802/3511 3381/3491/3511 3380/3490/3511
f 3415/3525/3512 3396/3506/3512 3395/3505/3512 3593/3703/3512
f 3420/3530/3513 3378/3488/3513 3377/3487/3513 3689/3799/3513
f 3693/3803/3514 3694/3804/3514 3388/3498/3514 3387/3497/3514
f 3372/3482/3515 3695/3805/3515 3392/3502/3515 3391/3501/3515
f 3694/3804/3516 3385/3495/3516 3395/3505/3516 3388/3498/3516
f 3628/3738/3517 3483/3593/3517 3486/3596/3517 3516/3626/3517
f 3435/3545/3518 3411/3521/3518 3410/3520/3518 3687/3797/3518
f 3695/3805/3519 3375/3485/3519 3398/3508/3519 3392/3502/3519
f 3696/3806/3520 3691/3801/3520 3376/3486/3520 3400/3510/3520
f 3697/3807/3521 3690/3800/3521 3368/3478/3521 3402/3512/3521
f 3432/3542/3522 3370/3480/3522 3369/3479/3522 3685/3795/3522
f 3366/3476/3523 3373/3483/3523 3406/3516/3523 3405/3515/3523
f 3698/3808/3524 3397/3507/3524 3410/3520/3524 3409/3519/3524
f 3384/3494/3525 3696/3806/3525 3400/3510/3525 3593/3703/3525
f 3692/3802/3526 3698/3808/3526 3409/3519/3526 3381/3491/3526
f 3686/3796/3527 3685/3795/3527 3363/3473/3527 3362/3472/3527
f 3688/3798/3528 3687/3797/3528 3365/3475/3528 3364/3474/3528
f 3405/3515/3529 3689/3799/3529 3367/3477/3529 3366/3476/3529
f 3391/3501/3530 3406/3516/3530 3373/3483/3530 3372/3482/3530
f 3380/3490/3531 3398/3508/3531 3375/3485/3531 3374/3484/3531
f 3593/3703/3532 3395/3505/3532 3385/3495/3532 3384/3494/3532
f 3689/3799/3533 3377/3487/3533 3386/3496/3533 3367/3477/3533
f 3687/3797/3534 3410/3520/3534 3397/3507/3534 3365/3475/3534
f 3685/3795/3535 3369/3479/3535 3404/3514/3535 3363/3473/3535
f 3648/3758/3536 3647/3757/3536 3556/3666/3536 3545/3655/3536
f 2887/2988/3537 3336/3446/3537 3404/3514/3537 3690/3800/3537
f 3615/3725/3538 3515/3625/3538 3516/3626/3538 3486/3596/3538
f 3349/3459/3539 3361/3471/3539 3386/3496/3539 3691/3801/3539
f 3353/3463/3540 3352/3462/3540 3692/3802/3540 3374/3484/3540
f 3358/3468/3541 3348/3458/3541 3694/3804/3541 3693/3803/3541
f 2992/3093/3542 3357/3467/3542 3695/3805/3542 3372/3482/3542
f 3348/3458/3543 3347/3457/3543 3385/3495/3543 3694/3804/3543
f 3615/3725/3544 3616/3726/3544 3659/3769/3544 3515/3625/3544
f 3357/3467/3545 3356/3466/3545 3375/3485/3545 3695/3805/3545
f 3350/3460/3546 3349/3459/3546 3691/3801/3546 3696/3806/3546
f 2886/2987/3547 2887/2988/3547 3690/3800/3547 3697/3807/3547
f 2761/2841/3548 2763/2845/3548 3373/3483/3548 3366/3476/3548
f 3355/3465/3549 3354/3464/3549 3397/3507/3549 3698/3808/3549
f 3351/3461/3550 3350/3460/3550 3696/3806/3550 3384/3494/3550
f 3352/3462/3551 3355/3465/3551 3698/3808/3551 3692/3802/3551
f 3679/3789/3552 3648/3758/3552 3649/3759/3552 3678/3788/3552
f 3652/3762/3553 3653/3763/3553 3654/3764/3553 3657/3767/3553
f 3557/3667/3554 3542/3652/3554 3545/3655/3554 3556/3666/3554
f 3564/3674/3555 3573/3683/3555 3542/3652/3555 3557/3667/3555
f 3573/3683/3556 3564/3674/3556 3683/3793/3556 3603/3713/3556
f 3510/3620/3557 3600/3710/3557 3603/3713/3557 3683/3793/3557
f 3600/3710/3558 3510/3620/3558 3513/3623/3558 3500/3610/3558
f 3626/3736/3559 3499/3609/3559 3500/3610/3559 3513/3623/3559
f 3465/3575/3560 3461/3571/3560 3499/3609/3560 3626/3736/3560
f 3433/3543/3561 3426/3536/3561 3461/3571/3561 3465/3575/3561
f 3426/3536/3562 3433/3543/3562 3436/3546/3562 3403/3513/3562
f 3688/3798/3563 3402/3512/3563 3403/3513/3563 3436/3546/3563
f 3364/3474/3564 3697/3807/3564 3402/3512/3564 3688/3798/3564
f 3697/3807/3565 3364/3474/3565 2884/2985/3565 2886/2987/3565
f 2886/2987/3566 2884/2985/3566 2842/2939/3566 2843/2940/3566
f 2795/2886/3567 2796/2887/3567 2843/2940/3567 2842/2939/3567
f 2796/2887/3568 2795/2886/3568 2789/2880/3568 2797/2888/3568
f 2797/2888/3569 2789/2880/3569 2786/2875/3569 2802/2893/3569
f 3444/3554/3570 3447/3557/3570 3441/3551/3570 3439/3549/3570
f 3442/3552/3571 3390/3500/3571 3439/3549/3571 3441/3551/3571
f 3686/3796/3572 3387/3497/3572 3390/3500/3572 3442/3552/3572
f 3362/3472/3573 3693/3803/3573 3387/3497/3573 3686/3796/3573
f 3693/3803/3574 3362/3472/3574 2760/2840/3574 3358/3468/3574
f 2758/2838/3575 3359/3469/3575 3358/3468/3575 2760/2840/3575
f 2669/2740/3576 3360/3470/3576 3359/3469/3576 2758/2838/3576
f 2668/2739/3577 2680/2751/3577 3360/3470/3577 2669/2740/3577
f 2671/2742/3578 2681/2752/3578 2680/2751/3578 2668/2739/3578
f 2665/2736/3579 2688/2759/3579 2681/2752/3579 2671/2742/3579
f 2664/2735/3580 2171/2213/3580 2688/2759/3580 2665/2736/3580
f 2659/2730/3581 2172/2214/3581 2171/2213/3581 2664/2735/3581
f 2658/2729/3582 2823/2919/3582 2172/2214/3582 2659/2730/3582
f 2661/2732/3583 2854/2952/3583 2823/2919/3583 2658/2729/3583
f 924/2844/3584 1031/2953/3584 2854/2952/3584 2661/2732/3584
f 2802/2893/3585 2786/2875/3585 2785/2874/3585 2800/2891/3585
f 2800/2891/3586 2785/2874/3586 2793/2884/3586 2801/2892/3586
f 2801/2892/3587 2793/2884/3587 2792/2883/3587 2806/2899/3587
f 2863/2962/3588 2869/2968/3588 2806/2899/3588 2792/2883/3588
f 2869/2968/3589 2863/2962/3589 2788/2879/3589 2804/2895/3589
f 2804/2895/3590 2788/2879/3590 954/2878/3590 974/2896/3590
f 1908/1950/3591 1907/1949/3591 2892/2993/3591 2891/2992/3591
f 2981/3082/3592 2950/3051/3592 2896/2997/3592 2895/2996/3592
f 2973/3074/3593 2981/3082/3593 2895/2996/3593 2899/3000/3593
f 2963/3064/3594 2973/3074/3594 2899/3000/3594 2901/3002/3594
f 2953/3054/3595 2963/3064/3595 2901/3002/3595 2903/3004/3595
f 2986/3087/3596 2893/2994/3596 2892/2993/3596 2905/3006/3596
f 2988/3089/3597 2983/3084/3597 2907/3008/3597 2906/3007/3597
f 1973/2015/3598 1980/2022/3598 2909/3010/3598 2908/3009/3598
f 2983/3084/3599 2975/3076/3599 2912/3013/3599 2907/3008/3599
f 2969/3070/3600 2968/3069/3600 2914/3015/3600 2913/3014/3600
f 2975/3076/3601 2910/3011/3601 2909/3010/3601 2912/3013/3601
f 2941/3042/3602 2959/3060/3602 2918/3019/3602 2917/3018/3602
f 2911/3012/3603 2957/3058/3603 2921/3022/3603 2908/3009/3603
f 2942/3043/3604 2941/3042/3604 2917/3018/3604 2922/3023/3604
f 2957/3058/3605 2956/3057/3605 2924/3025/3605 2921/3022/3605
f 2956/3057/3606 2986/3087/3606 2905/3006/3606 2924/3025/3606
f 2946/3047/3607 2945/3046/3607 2926/3027/3607 2925/3026/3607
f 2979/3080/3608 2978/3079/3608 2930/3031/3608 2929/3030/3608
f 2961/3062/3609 2971/3072/3609 2934/3035/3609 2933/3034/3609
f 2894/2995/3610 2953/3054/3610 2903/3004/3610 2891/2992/3610
f 2949/3050/3611 2961/3062/3611 2933/3034/3611 2937/3038/3611
f 2950/3051/3612 2949/3050/3612 2937/3038/3612 2896/2997/3612
f 2928/3029/3613 2931/3032/3613 2930/3031/3613 2925/3026/3613
f 2959/3060/3614 2969/3070/3614 2913/3014/3614 2918/3019/3614
f 2971/3072/3615 2979/3080/3615 2929/3030/3615 2934/3035/3615
f 3317/3426/3616 2927/3028/3616 2926/3027/3616 3316/3425/3616
f 2923/3024/3617 3317/3426/3617 3316/3425/3617 2922/3023/3617
f 1989/2031/3618 2915/3016/3618 2914/3015/3618 2906/3007/3618
f 3113/3219/3619 3112/3218/3619 1306/1346/3619 1305/1345/3619
f 2134/2176/3620 237/237/3620 231/231/3620 2127/2169/3620
f 2440/2494/3621 664/680/3621 673/689/3621 2420/2495/3621
f 2416/2458/3622 674/690/3622 675/692/3622 2417/2459/3622
f 2408/2450/3623 676/693/3623 677/694/3623 2409/2451/3623
f 679/696/3624 2415/2457/3624 2410/2452/3624 678/695/3624
f 2415/2457/3625 679/696/3625 1053/1089/3625 2411/2453/3625
f 2412/2454/3626 1052/1088/3626 1054/1090/3626 2533/2596/3626
f 3155/3261/3627 2872/2973/3627 1351/1391/3627 1393/1433/3627
f 3196/3302/3628 3154/3260/3628 1392/1432/3628 1416/1456/3628
f 2881/2982/3629 3195/3301/3629 1415/1455/3629 1472/1512/3629
f 3135/3241/3630 3239/3345/3630 1442/1482/3630 1330/1370/3630
f 2438/2492/3631 559/3809/3631 573/2518/3631 2445/2502/3631
f 2427/2491/3632 555/3810/3632 559/3809/3632 2438/2492/3632
f 1134/1171/3633 1137/1174/3633 3699/1174/3633 3700/1171/3633
f 1174/1211/3634 1169/1206/3634 3701/1206/3634 3702/1211/3634
f 1146/1183/3635 1153/1190/3635 3703/1190/3635 3704/1183/3635
f 1144/1181/3636 1171/1208/3636 3705/1208/3636 3706/1181/3636
f 1141/1178/3637 1144/1181/3637 3706/1181/3637 3707/1178/3637
f 1168/1205/3638 1134/1171/3638 3700/1171/3638 3708/1205/3638
f 1158/1195/3639 1163/1200/3639 3709/1200/3639 3710/1195/3639
f 1148/1185/3640 1158/1195/3640 3710/1195/3640 3711/1185/3640
f 1521/1562/3641 1126/1163/3641 3712/1163/3641 3713/1562/3641
f 1169/1206/3642 1161/1198/3642 3714/1198/3642 3701/1206/3642
f 1151/1188/3643 1141/1178/3643 3707/1178/3643 3715/1188/3643
f 1161/1198/3644 1152/1189/3644 3716/1189/3644 3714/1198/3644
f 1160/1197/3645 1168/1205/3645 3708/1205/3645 3717/1197/3645
f 1166/1203/3646 1130/1167/3646 3718/1167/3646 3719/1203/3646
f 1130/1167/3647 1133/1170/3647 3720/1170/3647 3718/1167/3647
f 1171/1208/3648 1173/1210/3648 3721/1210/3648 3705/1208/3648
f 1153/1190/3649 1156/1193/3649 3722/1193/3649 3703/1190/3649
f 1140/1177/3650 1150/1187/3650 3723/1187/3650 3724/1177/3650
f 1163/1200/3651 1166/1203/3651 3719/1203/3651 3709/1200/3651
f 1173/1210/3652 1138/1175/3652 3725/1175/3652 3721/1210/3652
f 1133/1170/3653 1521/1562/3653 3713/1562/3653 3720/1170/3653
f 1137/1174/3654 1148/1185/3654 3711/1185/3654 3699/1174/3654
f 1126/1163/3655 1129/1166/3655 3726/1166/3655 3712/1163/3655
f 1138/1175/3656 1140/1177/3656 3724/1177/3656 3725/1175/3656
f 1156/1193/3657 1174/1211/3657 3702/1211/3657 3722/1193/3657
f 1150/1187/3658 1160/1197/3658 3717/1197/3658 3723/1187/3658
f 1129/1166/3659 1146/1183/3659 3704/1183/3659 3726/1166/3659
f 1152/1189/3660 1151/1188/3660 3715/1188/3660 3716/1189/3660
f 2954/3055/3661 2965/3066/3661 3727/3066/3661 3728/3055/3661
f 2982/3083/3662 2987/3088/3662 3729/3088/3662 3730/3083/3662
f 2944/3045/3663 2943/3044/3663 3731/3044/3663 3732/3045/3663
f 2939/3040/3664 3314/3423/3664 3733/3423/3664 3734/3040/3664
f 2948/3049/3665 2947/3048/3665 3735/3048/3665 3736/3049/3665
f 2947/3048/3666 2980/3081/3666 3737/3081/3666 3735/3048/3666
f 2967/3068/3667 2966/3067/3667 3738/3067/3667 3739/3068/3667
f 2952/3053/3668 2951/3052/3668 3740/3052/3668 3741/3053/3668
f 2976/3077/3669 2970/3071/3669 3742/3071/3669 3743/3077/3669
f 2943/3044/3670 2977/3078/3670 3744/3078/3670 3731/3044/3670
f 2980/3081/3671 2972/3073/3671 3745/3073/3671 3737/3081/3671
f 2985/3086/3672 2984/3085/3672 3746/3085/3672 3747/3086/3672
f 2960/3061/3673 2948/3049/3673 3736/3049/3673 3748/3061/3673
f 2970/3071/3674 2960/3061/3674 3748/3061/3674 3742/3071/3674
f 3314/3423/3675 2944/3045/3675 3732/3045/3675 3733/3423/3675
f 2977/3078/3676 2976/3077/3676 3743/3077/3676 3744/3078/3676
f 2966/3067/3677 2958/3059/3677 3749/3059/3677 3738/3067/3677
f 2974/3075/3678 2982/3083/3678 3730/3083/3678 3750/3075/3678
f 2940/3041/3679 2939/3040/3679 3734/3040/3679 3751/3041/3679
f 2984/3085/3680 2955/3056/3680 3752/3056/3680 3746/3085/3680
f 2965/3066/3681 2964/3065/3681 3753/3065/3681 3727/3066/3681
f 2955/3056/3682 2954/3055/3682 3728/3055/3682 3752/3056/3682
f 2951/3052/3683 2985/3086/3683 3747/3086/3683 3740/3052/3683
f 2962/3063/3684 2952/3053/3684 3741/3053/3684 3754/3063/3684
f 2972/3073/3685 2962/3063/3685 3754/3063/3685 3745/3073/3685
f 2958/3059/3686 2940/3041/3686 3751/3041/3686 3749/3059/3686
f 2987/3088/3687 2967/3068/3687 3739/3068/3687 3729/3088/3687
f 2964/3065/3688 2974/3075/3688 3750/3075/3688 3753/3065/3688
o LowPolyFemaleV1Eyes
v 0.962520 0.836254 1.939417
v 0.962520 1.005800 2.052703
v 1.103944 0.977670 2.052703
v 1.039058 0.821030 1.939417
v 0.962520 1.119086 2.222249
v 0.962520 1.158867 2.422242
v 1.162524 1.119086 2.422242
v 1.147300 1.082333 2.222249
v 0.962520 1.119086 2.622235
v 0.962520 1.005799 2.791780
v 1.103944 0.977670 2.791780
v 1.147300 1.082333 2.622235
v 0.962520 0.836254 2.905067
v 0.962520 0.636261 2.944848
v 1.039058 0.821030 2.905067
v 0.962520 0.636261 1.899636
v 1.223838 0.897564 2.791780
v 1.303949 0.977670 2.622235
v 1.103944 0.777677 2.905067
v 1.103944 0.777677 1.939417
v 1.303949 0.977670 2.222249
v 1.223838 0.897564 2.052704
v 1.332080 1.005799 2.422242
v 1.147300 0.712795 1.939417
v 1.408618 0.821030 2.222249
v 1.303948 0.777677 2.052703
v 1.408618 0.821030 2.622235
v 1.445373 0.836254 2.422242
v 1.147300 0.712795 2.905067
v 1.303948 0.777677 2.791780
v 1.162524 0.636261 2.905067
v 1.332079 0.636261 2.791780
v 1.332079 0.636261 2.052703
v 1.162524 0.636261 1.939417
v 1.485156 0.636261 2.422242
v 1.445373 0.636261 2.222249
v 1.445373 0.636261 2.622235
v 1.303948 0.494845 2.052703
v 1.147299 0.559727 1.939417
v 1.445373 0.436268 2.422242
v 1.408618 0.451492 2.222249
v 1.303948 0.494845 2.791780
v 1.408618 0.451492 2.622235
v 1.147300 0.559727 2.905067
v 1.103944 0.494845 2.905067
v 1.103944 0.494845 1.939417
v 1.303948 0.294852 2.222249
v 1.223838 0.374958 2.052703
v 1.303948 0.294852 2.622235
v 1.332079 0.266723 2.422242
v 1.223838 0.374958 2.791780
v 1.147299 0.190189 2.222249
v 1.103944 0.294852 2.052703
v 1.147299 0.190189 2.622235
v 1.162524 0.153436 2.422242
v 1.039058 0.451492 2.905067
v 1.103944 0.294852 2.791780
v 1.039058 0.451492 1.939417
v 0.962519 0.266723 2.052703
v 0.962519 0.436269 1.939417
v 0.962519 0.113655 2.422242
v 0.962519 0.153436 2.222249
v 0.962519 0.266723 2.791780
v 0.962519 0.153436 2.622235
v 0.962520 0.436268 2.905067
v 0.762515 0.153436 2.422242
v 0.777739 0.190189 2.222249
v 0.821095 0.294852 2.791780
v 0.777739 0.190189 2.622235
v 0.885981 0.451492 2.905067
v 0.885981 0.451492 1.939417
v 0.821095 0.294852 2.052703
v 0.821095 0.494845 1.939417
v 0.621090 0.294852 2.222249
v 0.701201 0.374958 2.052703
v 0.621090 0.294852 2.622235
v 0.592959 0.266723 2.422242
v 0.821095 0.494845 2.905067
v 0.701201 0.374958 2.791780
v 0.516421 0.451492 2.622235
v 0.479666 0.436269 2.422242
v 0.777739 0.559727 2.905067
v 0.621091 0.494845 2.791780
v 0.621091 0.494845 2.052703
v 0.777739 0.559727 1.939417
v 0.516421 0.451492 2.222249
v 0.592960 0.636261 2.052703
v 0.762515 0.636261 1.939417
v 0.439883 0.636261 2.422242
v 0.479666 0.636261 2.222249
v 0.592960 0.636261 2.791780
v 0.479666 0.636261 2.622235
v 0.762515 0.636261 2.905067
v 0.621091 0.777677 2.791780
v 0.516421 0.821030 2.622235
v 0.777740 0.712795 2.905067
v 0.777740 0.712795 1.939417
v 0.516421 0.821030 2.222249
v 0.621091 0.777677 2.052703
v 0.479666 0.836254 2.422242
v 0.821095 0.777677 1.939417
v 0.621091 0.977670 2.222249
v 0.701201 0.897564 2.052704
v 0.621091 0.977670 2.622235
v 0.592960 1.005800 2.422242
v 0.821095 0.777677 2.905067
v 0.701201 0.897564 2.791780
v 0.885981 0.821030 2.905067
v 0.821095 0.977670 2.791780
v 0.821095 0.977670 2.052703
v 0.885981 0.821030 1.939417
v 0.762515 1.119086 2.422242
v 0.777740 1.082333 2.222249
v 0.777740 1.082333 2.622235
v -0.963803 0.836262 1.939417
v -0.963803 1.005808 2.052704
v -0.822379 0.977678 2.052704
v -0.887265 0.821038 1.939417
v -0.963803 1.119094 2.222249
v -0.963803 1.158875 2.422242
v -0.763799 1.119093 2.422242
v -0.779023 1.082341 2.222249
v -0.963803 1.119094 2.622235
v -0.963803 1.005807 2.791780
v -0.822379 0.977677 2.791780
v -0.779023 1.082340 2.622235
v -0.963803 0.836261 2.905067
v -0.963803 0.636268 2.944848
v -0.887265 0.821037 2.905067
v -0.963803 0.636270 1.899636
v -0.702485 0.897571 2.791780
v -0.622374 0.977676 2.622235
v -0.822379 0.777684 2.905067
v -0.822379 0.777685 1.939417
v -0.622374 0.977677 2.222249
v -0.702485 0.897572 2.052704
v -0.594243 1.005806 2.422242
v -0.779023 0.712803 1.939417
v -0.517705 0.821037 2.222249
v -0.622374 0.777684 2.052704
v -0.517705 0.821036 2.622235
v -0.480950 0.836260 2.422242
v -0.779023 0.712802 2.905067
v -0.622374 0.777683 2.791780
v -0.763799 0.636268 2.905067
v -0.594243 0.636267 2.791780
v -0.594243 0.636268 2.052704
v -0.763799 0.636269 1.939417
v -0.441166 0.636267 2.422242
v -0.480950 0.636267 2.222249
v -0.480950 0.636267 2.622235
v -0.622374 0.494852 2.052704
v -0.779023 0.559735 1.939417
v -0.480950 0.436274 2.422242
v -0.517705 0.451498 2.222249
v -0.622374 0.494851 2.791780
v -0.517705 0.451498 2.622235
v -0.779023 0.559734 2.905067
v -0.822379 0.494852 2.905067
v -0.822379 0.494853 1.939417
v -0.622374 0.294859 2.222249
v -0.702485 0.374965 2.052704
v -0.622374 0.294859 2.622235
v -0.594243 0.266729 2.422242
v -0.702485 0.374965 2.791780
v -0.779023 0.190196 2.222249
v -0.822379 0.294860 2.052704
v -0.779023 0.190196 2.622235
v -0.763799 0.153443 2.422242
v -0.887265 0.451499 2.905067
v -0.822379 0.294859 2.791780
v -0.887265 0.451500 1.939417
v -0.963803 0.266731 2.052704
v -0.963803 0.436277 1.939417
v -0.963803 0.113663 2.422242
v -0.963803 0.153444 2.222249
v -0.963803 0.266731 2.791780
v -0.963803 0.153444 2.622235
v -0.963803 0.436276 2.905067
v -1.163808 0.153445 2.422242
v -1.148584 0.190198 2.222249
v -1.105228 0.294861 2.791780
v -1.148584 0.190198 2.622235
v -1.040342 0.451500 2.905067
v -1.040342 0.451501 1.939417
v -1.105228 0.294861 2.052704
v -1.105228 0.494854 1.939417
v -1.305232 0.294862 2.222249
v -1.225122 0.374968 2.052704
v -1.305232 0.294862 2.622235
v -1.333364 0.266732 2.422242
v -1.105228 0.494853 2.905067
v -1.225122 0.374967 2.791780
v -1.409902 0.451502 2.622235
v -1.446657 0.436279 2.422242
v -1.148583 0.559736 2.905067
v -1.305232 0.494854 2.791780
v -1.305232 0.494855 2.052704
v -1.148583 0.559737 1.939417
v -1.409902 0.451502 2.222249
v -1.333363 0.636271 2.052704
v -1.163808 0.636270 1.939417
v -1.486440 0.636271 2.422242
v -1.446657 0.636271 2.222249
v -1.333363 0.636270 2.791780
v -1.446657 0.636271 2.622235
v -1.163808 0.636269 2.905067
v -1.305232 0.777686 2.791780
v -1.409902 0.821040 2.622235
v -1.148583 0.712803 2.905067
v -1.148583 0.712804 1.939417
v -1.409902 0.821040 2.222249
v -1.305232 0.777687 2.052704
v -1.446657 0.836264 2.422242
v -1.105228 0.777686 1.939417
v -1.305232 0.977679 2.222249
v -1.225122 0.897574 2.052704
v -1.305232 0.977679 2.622235
v -1.333363 1.005809 2.422242
v -1.105228 0.777685 2.905067
v -1.225122 0.897573 2.791780
v -1.040342 0.821038 2.905067
v -1.105228 0.977678 2.791780
v -1.105228 0.977679 2.052704
v -1.040342 0.821039 1.939417
v -1.163807 1.119095 2.422242
v -1.148583 1.082342 2.222249
v -1.148583 1.082342 2.622235
vn 0.1098 0.5522 -0.8264
vn 0.1915 0.9626 -0.1915
vn 0.1632 0.8203 0.5481
vn 0.0388 0.1949 0.9800
vn 0.0388 0.1949 -0.9800
vn 0.1632 0.8203 -0.5481
vn 0.1915 0.9626 0.1915
vn 0.1098 0.5522 0.8264
vn 0.4647 0.6954 0.5481
vn 0.1104 0.1653 0.9800
vn 0.1104 0.1653 -0.9800
vn 0.4647 0.6954 -0.5481
vn 0.5453 0.8161 0.1915
vn 0.3128 0.4681 0.8264
vn 0.3128 0.4681 -0.8264
vn 0.5453 0.8161 -0.1915
vn 0.1653 0.1104 -0.9800
vn 0.6954 0.4647 -0.5481
vn 0.8161 0.5453 0.1915
vn 0.4681 0.3128 0.8264
vn 0.4681 0.3128 -0.8264
vn 0.8161 0.5453 -0.1915
vn 0.6954 0.4647 0.5481
vn 0.1653 0.1104 0.9800
vn 0.5522 0.1098 0.8265
vn 0.5522 0.1098 -0.8265
vn 0.9626 0.1915 -0.1915
vn 0.8203 0.1632 0.5481
vn 0.1949 0.0388 0.9800
vn 0.1949 0.0388 -0.9801
vn 0.8203 0.1632 -0.5481
vn 0.9626 0.1915 0.1915
vn 0.5522 -0.1098 -0.8265
vn 0.9626 -0.1915 -0.1915
vn 0.8203 -0.1632 0.5481
vn 0.1949 -0.0388 0.9800
vn 0.1949 -0.0388 -0.9800
vn 0.8203 -0.1632 -0.5481
vn 0.9626 -0.1915 0.1915
vn 0.5522 -0.1098 0.8265
vn 0.1653 -0.1104 0.9800
vn 0.1653 -0.1104 -0.9800
vn 0.6954 -0.4647 -0.5481
vn 0.8161 -0.5453 0.1915
vn 0.4681 -0.3128 0.8264
vn 0.4681 -0.3128 -0.8265
vn 0.8161 -0.5453 -0.1915
vn 0.6954 -0.4647 0.5481
vn 0.4647 -0.6954 -0.5481
vn 0.5453 -0.8161 0.1915
vn 0.3128 -0.4681 0.8264
vn 0.3128 -0.4681 -0.8264
vn 0.5453 -0.8161 -0.1915
vn 0.4647 -0.6954 0.5481
vn 0.1104 -0.1653 0.9800
vn 0.1104 -0.1653 -0.9800
vn 0.1098 -0.5522 -0.8264
vn 0.1915 -0.9626 -0.1915
vn 0.1632 -0.8203 0.5481
vn 0.0388 -0.1949 0.9800
vn 0.0388 -0.1949 -0.9800
vn 0.1632 -0.8203 -0.5481
vn 0.1915 -0.9626 0.1915
vn 0.1098 -0.5522 0.8264
vn -0.1915 -0.9626 -0.1915
vn -0.1632 -0.8203 0.5481
vn -0.0388 -0.1949 0.9800
vn -0.0388 -0.1949 -0.9800
vn -0.1632 -0.8203 -0.5481
vn -0.1915 -0.9626 0.1915
vn -0.1098 -0.5522 0.8264
vn -0.1098 -0.5522 -0.8264
vn -0.1104 -0.1653 -0.9800
vn -0.4647 -0.6954 -0.5481
vn -0.5453 -0.8161 0.1915
vn -0.3128 -0.4681 0.8264
vn -0.3128 -0.4681 -0.8264
vn -0.5453 -0.8161 -0.1915
vn -0.4647 -0.6954 0.5481
vn -0.1104 -0.1653 0.9800
vn -0.8161 -0.5453 0.1915
vn -0.4681 -0.3128 0.8264
vn -0.4681 -0.3128 -0.8265
vn -0.8161 -0.5453 -0.1915
vn -0.6954 -0.4647 0.5481
vn -0.1653 -0.1104 0.9800
vn -0.1653 -0.1104 -0.9800
vn -0.6954 -0.4647 -0.5481
vn -0.5522 -0.1098 -0.8265
vn -0.9626 -0.1915 -0.1915
vn -0.8203 -0.1632 0.5481
vn -0.1949 -0.0388 0.9800
vn -0.1949 -0.0388 -0.9801
vn -0.8203 -0.1632 -0.5481
vn -0.9626 -0.1915 0.1915
vn -0.5522 -0.1098 0.8265
vn -0.8203 0.1632 0.5481
vn -0.1949 0.0388 0.9800
vn -0.1949 0.0388 -0.9801
vn -0.8203 0.1632 -0.5481
vn -0.9626 0.1915 0.1915
vn -0.5522 0.1098 0.8265
vn -0.5522 0.1098 -0.8265
vn -0.9626 0.1915 -0.1915
vn -0.1653 0.1104 -0.9800
vn -0.6954 0.4647 -0.5481
vn -0.8161 0.5453 0.1915
vn -0.4681 0.3128 0.8264
vn -0.4681 0.3128 -0.8264
vn -0.8161 0.5453 -0.1915
vn -0.6954 0.4647 0.5481
vn -0.1653 0.1104 0.9800
vn -0.3128 0.4681 0.8264
vn -0.3128 0.4681 -0.8264
vn -0.5453 0.8161 -0.1915
vn -0.4647 0.6954 0.5481
vn -0.1104 0.1653 0.9800
vn -0.1104 0.1653 -0.9800
vn -0.4647 0.6954 -0.5481
vn -0.5453 0.8161 0.1915
vn -0.1098 0.5522 -0.8264
vn -0.1915 0.9626 -0.1915
vn -0.1632 0.8203 0.5481
vn -0.0388 0.1949 0.9800
vn -0.0388 0.1949 -0.9800
vn -0.1632 0.8203 -0.5481
vn -0.1915 0.9626 0.1915
vn -0.1098 0.5522 0.8264
vn 0.1949 0.0388 -0.9800
vn 0.1949 -0.0388 -0.9801
vn 0.4681 -0.3128 -0.8264
vn -0.4681 -0.3128 -0.8264
vt 0.000000 0.000000
s 1
usemtl Mat-LowPolyFemale
f 3755/3811/3689 3756/3811/3689 3757/3811/3689 3758/3811/3689
f 3759/3811/3690 3760/3811/3690 3761/3811/3690 3762/3811/3690
f 3763/3811/3691 3764/3811/3691 3765/3811/3691 3766/3811/3691
f 3767/3811/3692 3768/3811/3692 3769/3811/3692
f 3770/3811/3693 3755/3811/3693 3758/3811/3693
f 3756/3811/3694 3759/3811/3694 3762/3811/3694 3757/3811/3694
f 3760/3811/3695 3763/3811/3695 3766/3811/3695 3761/3811/3695
f 3764/3811/3696 3767/3811/3696 3769/3811/3696 3765/3811/3696
f 3766/3811/3697 3765/3811/3697 3771/3811/3697 3772/3811/3697
f 3769/3811/3698 3768/3811/3698 3773/3811/3698
f 3770/3811/3699 3758/3811/3699 3774/3811/3699
f 3757/3811/3700 3762/3811/3700 3775/3811/3700 3776/3811/3700
f 3761/3811/3701 3766/3811/3701 3772/3811/3701 3777/3811/3701
f 3765/3811/3702 3769/3811/3702 3773/3811/3702 3771/3811/3702
f 3758/3811/3703 3757/3811/3703 3776/3811/3703 3774/3811/3703
f 3762/3811/3704 3761/3811/3704 3777/3811/3704 3775/3811/3704
f 3770/3811/3705 3774/3811/3705 3778/3811/3705
f 3776/3811/3706 3775/3811/3706 3779/3811/3706 3780/3811/3706
f 3777/3811/3707 3772/3811/3707 3781/3811/3707 3782/3811/3707
f 3771/3811/3708 3773/3811/3708 3783/3811/3708 3784/3811/3708
f 3774/3811/3709 3776/3811/3709 3780/3811/3709 3778/3811/3709
f 3775/3811/3710 3777/3811/3710 3782/3811/3710 3779/3811/3710
f 3772/3811/3711 3771/3811/3711 3784/3811/3711 3781/3811/3711
f 3773/3811/3712 3768/3811/3712 3783/3811/3712
f 3784/3811/3713 3783/3811/3713 3785/3811/3713 3786/3811/3713
f 3778/3811/3714 3780/3811/3714 3787/3811/3714 3788/3811/3714
f 3779/3811/3715 3782/3811/3715 3789/3811/3715 3790/3811/3715
f 3781/3811/3716 3784/3811/3716 3786/3811/3716 3791/3811/3716
f 3783/3811/3717 3768/3811/3717 3785/3811/3717
f 3770/3811/3718 3778/3811/3718 3788/3811/3718
f 3780/3811/3719 3779/3811/3719 3790/3811/3719 3787/3811/3719
f 3782/3811/3720 3781/3811/3720 3791/3811/3720 3789/3811/3720
f 3788/3811/3721 3787/3811/3721 3792/3811/3721 3793/3811/3721
f 3790/3811/3722 3789/3811/3722 3794/3811/3722 3795/3811/3722
f 3791/3811/3723 3786/3811/3723 3796/3811/3723 3797/3811/3723
f 3785/3811/3724 3768/3811/3724 3798/3811/3724
f 3770/3811/3725 3788/3811/3725 3793/3811/3725
f 3787/3811/3726 3790/3811/3726 3795/3811/3726 3792/3811/3726
f 3789/3811/3727 3791/3811/3727 3797/3811/3727 3794/3811/3727
f 3786/3811/3728 3785/3811/3728 3798/3811/3728 3796/3811/3728
f 3798/3811/3729 3768/3811/3729 3799/3811/3729
f 3770/3811/3730 3793/3811/3730 3800/3811/3730
f 3792/3811/3731 3795/3811/3731 3801/3811/3731 3802/3811/3731
f 3794/3811/3732 3797/3811/3732 3803/3811/3732 3804/3811/3732
f 3796/3811/3733 3798/3811/3733 3799/3811/3733 3805/3811/3733
f 3793/3811/3734 3792/3811/3734 3802/3811/3734 3800/3811/3734
f 3795/3811/3735 3794/3811/3735 3804/3811/3735 3801/3811/3735
f 3797/3811/3736 3796/3811/3736 3805/3811/3736 3803/3811/3736
f 3802/3811/3737 3801/3811/3737 3806/3811/3737 3807/3811/3737
f 3804/3811/3738 3803/3811/3738 3808/3811/3738 3809/3811/3738
f 3805/3811/3739 3799/3811/3739 3810/3811/3739 3811/3811/3739
f 3800/3811/3740 3802/3811/3740 3807/3811/3740 3812/3811/3740
f 3801/3811/3741 3804/3811/3741 3809/3811/3741 3806/3811/3741
f 3803/3811/3742 3805/3811/3742 3811/3811/3742 3808/3811/3742
f 3799/3811/3743 3768/3811/3743 3810/3811/3743
f 3770/3811/3744 3800/3811/3744 3812/3811/3744
f 3812/3811/3745 3807/3811/3745 3813/3811/3745 3814/3811/3745
f 3806/3811/3746 3809/3811/3746 3815/3811/3746 3816/3811/3746
f 3808/3811/3747 3811/3811/3747 3817/3811/3747 3818/3811/3747
f 3810/3811/3748 3768/3811/3748 3819/3811/3748
f 3770/3811/3749 3812/3811/3749 3814/3811/3749
f 3807/3811/3750 3806/3811/3750 3816/3811/3750 3813/3811/3750
f 3809/3811/3751 3808/3811/3751 3818/3811/3751 3815/3811/3751
f 3811/3811/3752 3810/3811/3752 3819/3811/3752 3817/3811/3752
f 3816/3811/3753 3815/3811/3753 3820/3811/3753 3821/3811/3753
f 3818/3811/3754 3817/3811/3754 3822/3811/3754 3823/3811/3754
f 3819/3811/3755 3768/3811/3755 3824/3811/3755
f 3770/3811/3756 3814/3811/3756 3825/3811/3756
f 3813/3811/3757 3816/3811/3757 3821/3811/3757 3826/3811/3757
f 3815/3811/3758 3818/3811/3758 3823/3811/3758 3820/3811/3758
f 3817/3811/3759 3819/3811/3759 3824/3811/3759 3822/3811/3759
f 3814/3811/3760 3813/3811/3760 3826/3811/3760 3825/3811/3760
f 3770/3811/3761 3825/3811/3761 3827/3811/3761
f 3826/3811/3762 3821/3811/3762 3828/3811/3762 3829/3811/3762
f 3820/3811/3763 3823/3811/3763 3830/3811/3763 3831/3811/3763
f 3822/3811/3764 3824/3811/3764 3832/3811/3764 3833/3811/3764
f 3825/3811/3765 3826/3811/3765 3829/3811/3765 3827/3811/3765
f 3821/3811/3766 3820/3811/3766 3831/3811/3766 3828/3811/3766
f 3823/3811/3767 3822/3811/3767 3833/3811/3767 3830/3811/3767
f 3824/3811/3768 3768/3811/3768 3832/3811/3768
f 3831/3811/3769 3830/3811/3769 3834/3811/3769 3835/3811/3769
f 3833/3811/3770 3832/3811/3770 3836/3811/3770 3837/3811/3770
f 3827/3811/3771 3829/3811/3771 3838/3811/3771 3839/3811/3771
f 3828/3811/3772 3831/3811/3772 3835/3811/3772 3840/3811/3772
f 3830/3811/3773 3833/3811/3773 3837/3811/3773 3834/3811/3773
f 3832/3811/3774 3768/3811/3774 3836/3811/3774
f 3770/3811/3775 3827/3811/3775 3839/3811/3775
f 3829/3811/3776 3828/3811/3776 3840/3811/3776 3838/3811/3776
f 3839/3811/3777 3838/3811/3777 3841/3811/3777 3842/3811/3777
f 3840/3811/3778 3835/3811/3778 3843/3811/3778 3844/3811/3778
f 3834/3811/3779 3837/3811/3779 3845/3811/3779 3846/3811/3779
f 3836/3811/3780 3768/3811/3780 3847/3811/3780
f 3770/3811/3781 3839/3811/3781 3842/3811/3781
f 3838/3811/3782 3840/3811/3782 3844/3811/3782 3841/3811/3782
f 3835/3811/3783 3834/3811/3783 3846/3811/3783 3843/3811/3783
f 3837/3811/3784 3836/3811/3784 3847/3811/3784 3845/3811/3784
f 3846/3811/3785 3845/3811/3785 3848/3811/3785 3849/3811/3785
f 3847/3811/3786 3768/3811/3786 3850/3811/3786
f 3770/3811/3787 3842/3811/3787 3851/3811/3787
f 3841/3811/3788 3844/3811/3788 3852/3811/3788 3853/3811/3788
f 3843/3811/3789 3846/3811/3789 3849/3811/3789 3854/3811/3789
f 3845/3811/3790 3847/3811/3790 3850/3811/3790 3848/3811/3790
f 3842/3811/3791 3841/3811/3791 3853/3811/3791 3851/3811/3791
f 3844/3811/3792 3843/3811/3792 3854/3811/3792 3852/3811/3792
f 3770/3811/3793 3851/3811/3793 3855/3811/3793
f 3853/3811/3794 3852/3811/3794 3856/3811/3794 3857/3811/3794
f 3854/3811/3795 3849/3811/3795 3858/3811/3795 3859/3811/3795
f 3848/3811/3796 3850/3811/3796 3860/3811/3796 3861/3811/3796
f 3851/3811/3797 3853/3811/3797 3857/3811/3797 3855/3811/3797
f 3852/3811/3798 3854/3811/3798 3859/3811/3798 3856/3811/3798
f 3849/3811/3799 3848/3811/3799 3861/3811/3799 3858/3811/3799
f 3850/3811/3800 3768/3811/3800 3860/3811/3800
f 3861/3811/3801 3860/3811/3801 3862/3811/3801 3863/3811/3801
f 3855/3811/3802 3857/3811/3802 3864/3811/3802 3865/3811/3802
f 3856/3811/3803 3859/3811/3803 3866/3811/3803 3867/3811/3803
f 3858/3811/3804 3861/3811/3804 3863/3811/3804 3868/3811/3804
f 3860/3811/3805 3768/3811/3805 3862/3811/3805
f 3770/3811/3806 3855/3811/3806 3865/3811/3806
f 3857/3811/3807 3856/3811/3807 3867/3811/3807 3864/3811/3807
f 3859/3811/3808 3858/3811/3808 3868/3811/3808 3866/3811/3808
f 3865/3811/3809 3864/3811/3809 3756/3811/3809 3755/3811/3809
f 3867/3811/3810 3866/3811/3810 3760/3811/3810 3759/3811/3810
f 3868/3811/3811 3863/3811/3811 3764/3811/3811 3763/3811/3811
f 3862/3811/3812 3768/3811/3812 3767/3811/3812
f 3770/3811/3813 3865/3811/3813 3755/3811/3813
f 3864/3811/3814 3867/3811/3814 3759/3811/3814 3756/3811/3814
f 3866/3811/3815 3868/3811/3815 3763/3811/3815 3760/3811/3815
f 3863/3811/3816 3862/3811/3816 3767/3811/3816 3764/3811/3816
f 3869/3811/3689 3870/3811/3689 3871/3811/3689 3872/3811/3689
f 3873/3811/3690 3874/3811/3690 3875/3811/3690 3876/3811/3690
f 3877/3811/3691 3878/3811/3691 3879/3811/3691 3880/3811/3691
f 3881/3811/3692 3882/3811/3692 3883/3811/3692
f 3884/3811/3693 3869/3811/3693 3872/3811/3693
f 3870/3811/3694 3873/3811/3694 3876/3811/3694 3871/3811/3694
f 3874/3811/3695 3877/3811/3695 3880/3811/3695 3875/3811/3695
f 3878/3811/3696 3881/3811/3696 3883/3811/3696 3879/3811/3696
f 3880/3811/3697 3879/3811/3697 3885/3811/3697 3886/3811/3697
f 3883/3811/3698 3882/3811/3698 3887/3811/3698
f 3884/3811/3699 3872/3811/3699 3888/3811/3699
f 3871/3811/3700 3876/3811/3700 3889/3811/3700 3890/3811/3700
f 3875/3811/3701 3880/3811/3701 3886/3811/3701 3891/3811/3701
f 3879/3811/3702 3883/3811/3702 3887/3811/3702 3885/3811/3702
f 3872/3811/3703 3871/3811/3703 3890/3811/3703 3888/3811/3703
f 3876/3811/3704 3875/3811/3704 3891/3811/3704 3889/3811/3704
f 3884/3811/3705 3888/3811/3705 3892/3811/3705
f 3890/3811/3706 3889/3811/3706 3893/3811/3706 3894/3811/3706
f 3891/3811/3707 3886/3811/3707 3895/3811/3707 3896/3811/3707
f 3885/3811/3708 3887/3811/3708 3897/3811/3708 3898/3811/3708
f 3888/3811/3709 3890/3811/3709 3894/3811/3709 3892/3811/3709
f 3889/3811/3710 3891/3811/3710 3896/3811/3710 3893/3811/3710
f 3886/3811/3711 3885/3811/3711 3898/3811/3711 3895/3811/3711
f 3887/3811/3712 3882/3811/3712 3897/3811/3712
f 3898/3811/3713 3897/3811/3713 3899/3811/3713 3900/3811/3713
f 3892/3811/3714 3894/3811/3714 3901/3811/3714 3902/3811/3714
f 3893/3811/3715 3896/3811/3715 3903/3811/3715 3904/3811/3715
f 3895/3811/3716 3898/3811/3716 3900/3811/3716 3905/3811/3716
f 3897/3811/3717 3882/3811/3717 3899/3811/3717
f 3884/3811/3817 3892/3811/3817 3902/3811/3817
f 3894/3811/3719 3893/3811/3719 3904/3811/3719 3901/3811/3719
f 3896/3811/3720 3895/3811/3720 3905/3811/3720 3903/3811/3720
f 3902/3811/3721 3901/3811/3721 3906/3811/3721 3907/3811/3721
f 3904/3811/3722 3903/3811/3722 3908/3811/3722 3909/3811/3722
f 3905/3811/3723 3900/3811/3723 3910/3811/3723 3911/3811/3723
f 3899/3811/3724 3882/3811/3724 3912/3811/3724
f 3884/3811/3818 3902/3811/3818 3907/3811/3818
f 3901/3811/3726 3904/3811/3726 3909/3811/3726 3906/3811/3726
f 3903/3811/3727 3905/3811/3727 3911/3811/3727 3908/3811/3727
f 3900/3811/3728 3899/3811/3728 3912/3811/3728 3910/3811/3728
f 3912/3811/3729 3882/3811/3729 3913/3811/3729
f 3884/3811/3730 3907/3811/3730 3914/3811/3730
f 3906/3811/3731 3909/3811/3731 3915/3811/3731 3916/3811/3731
f 3908/3811/3732 3911/3811/3732 3917/3811/3732 3918/3811/3732
f 3910/3811/3733 3912/3811/3733 3913/3811/3733 3919/3811/3733
f 3907/3811/3819 3906/3811/3819 3916/3811/3819 3914/3811/3819
f 3909/3811/3735 3908/3811/3735 3918/3811/3735 3915/3811/3735
f 3911/3811/3736 3910/3811/3736 3919/3811/3736 3917/3811/3736
f 3916/3811/3737 3915/3811/3737 3920/3811/3737 3921/3811/3737
f 3918/3811/3738 3917/3811/3738 3922/3811/3738 3923/3811/3738
f 3919/3811/3739 3913/3811/3739 3924/3811/3739 3925/3811/3739
f 3914/3811/3740 3916/3811/3740 3921/3811/3740 3926/3811/3740
f 3915/3811/3741 3918/3811/3741 3923/3811/3741 3920/3811/3741
f 3917/3811/3742 3919/3811/3742 3925/3811/3742 3922/3811/3742
f 3913/3811/3743 3882/3811/3743 3924/3811/3743
f 3884/3811/3744 3914/3811/3744 3926/3811/3744
f 3926/3811/3745 3921/3811/3745 3927/3811/3745 3928/3811/3745
f 3920/3811/3746 3923/3811/3746 3929/3811/3746 3930/3811/3746
f 3922/3811/3747 3925/3811/3747 3931/3811/3747 3932/3811/3747
f 3924/3811/3748 3882/3811/3748 3933/3811/3748
f 3884/3811/3749 3926/3811/3749 3928/3811/3749
f 3921/3811/3750 3920/3811/3750 3930/3811/3750 3927/3811/3750
f 3923/3811/3751 3922/3811/3751 3932/3811/3751 3929/3811/3751
f 3925/3811/3752 3924/3811/3752 3933/3811/3752 3931/3811/3752
f 3930/3811/3753 3929/3811/3753 3934/3811/3753 3935/3811/3753
f 3932/3811/3754 3931/3811/3754 3936/3811/3754 3937/3811/3754
f 3933/3811/3755 3882/3811/3755 3938/3811/3755
f 3884/3811/3756 3928/3811/3756 3939/3811/3756
f 3927/3811/3757 3930/3811/3757 3935/3811/3757 3940/3811/3757
f 3929/3811/3758 3932/3811/3758 3937/3811/3758 3934/3811/3758
f 3931/3811/3759 3933/3811/3759 3938/3811/3759 3936/3811/3759
f 3928/3811/3760 3927/3811/3760 3940/3811/3760 3939/3811/3760
f 3884/3811/3761 3939/3811/3761 3941/3811/3761
f 3940/3811/3762 3935/3811/3762 3942/3811/3762 3943/3811/3762
f 3934/3811/3763 3937/3811/3763 3944/3811/3763 3945/3811/3763
f 3936/3811/3764 3938/3811/3764 3946/3811/3764 3947/3811/3764
f 3939/3811/3765 3940/3811/3765 3943/3811/3765 3941/3811/3765
f 3935/3811/3766 3934/3811/3766 3945/3811/3766 3942/3811/3766
f 3937/3811/3767 3936/3811/3767 3947/3811/3767 3944/3811/3767
f 3938/3811/3768 3882/3811/3768 3946/3811/3768
f 3945/3811/3769 3944/3811/3769 3948/3811/3769 3949/3811/3769
f 3947/3811/3770 3946/3811/3770 3950/3811/3770 3951/3811/3770
f 3941/3811/3820 3943/3811/3820 3952/3811/3820 3953/3811/3820
f 3942/3811/3772 3945/3811/3772 3949/3811/3772 3954/3811/3772
f 3944/3811/3773 3947/3811/3773 3951/3811/3773 3948/3811/3773
f 3946/3811/3774 3882/3811/3774 3950/3811/3774
f 3884/3811/3775 3941/3811/3775 3953/3811/3775
f 3943/3811/3776 3942/3811/3776 3954/3811/3776 3952/3811/3776
f 3953/3811/3777 3952/3811/3777 3955/3811/3777 3956/3811/3777
f 3954/3811/3778 3949/3811/3778 3957/3811/3778 3958/3811/3778
f 3948/3811/3779 3951/3811/3779 3959/3811/3779 3960/3811/3779
f 3950/3811/3780 3882/3811/3780 3961/3811/3780
f 3884/3811/3781 3953/3811/3781 3956/3811/3781
f 3952/3811/3782 3954/3811/3782 3958/3811/3782 3955/3811/3782
f 3949/3811/3783 3948/3811/3783 3960/3811/3783 3957/3811/3783
f 3951/3811/3784 3950/3811/3784 3961/3811/3784 3959/3811/3784
f 3960/3811/3785 3959/3811/3785 3962/3811/3785 3963/3811/3785
f 3961/3811/3786 3882/3811/3786 3964/3811/3786
f 3884/3811/3787 3956/3811/3787 3965/3811/3787
f 3955/3811/3788 3958/3811/3788 3966/3811/3788 3967/3811/3788
f 3957/3811/3789 3960/3811/3789 3963/3811/3789 3968/3811/3789
f 3959/3811/3790 3961/3811/3790 3964/3811/3790 3962/3811/3790
f 3956/3811/3791 3955/3811/3791 3967/3811/3791 3965/3811/3791
f 3958/3811/3792 3957/3811/3792 3968/3811/3792 3966/3811/3792
f 3884/3811/3793 3965/3811/3793 3969/3811/3793
f 3967/3811/3794 3966/3811/3794 3970/3811/3794 3971/3811/3794
f 3968/3811/3795 3963/3811/3795 3972/3811/3795 3973/3811/3795
f 3962/3811/3796 3964/3811/3796 3974/3811/3796 3975/3811/3796
f 3965/3811/3797 3967/3811/3797 3971/3811/3797 3969/3811/3797
f 3966/3811/3798 3968/3811/3798 3973/3811/3798 3970/3811/3798
f 3963/3811/3799 3962/3811/3799 3975/3811/3799 3972/3811/3799
f 3964/3811/3800 3882/3811/3800 3974/3811/3800
f 3975/3811/3801 3974/3811/3801 3976/3811/3801 3977/3811/3801
f 3969/3811/3802 3971/3811/3802 3978/3811/3802 3979/3811/3802
f 3970/3811/3803 3973/3811/3803 3980/3811/3803 3981/3811/3803
f 3972/3811/3804 3975/3811/3804 3977/3811/3804 3982/3811/3804
f 3974/3811/3805 3882/3811/3805 3976/3811/3805
f 3884/3811/3806 3969/3811/3806 3979/3811/3806
f 3971/3811/3807 3970/3811/3807 3981/3811/3807 3978/3811/3807
f 3973/3811/3808 3972/3811/3808 3982/3811/3808 3980/3811/3808
f 3979/3811/3809 3978/3811/3809 3870/3811/3809 3869/3811/3809
f 3981/3811/3810 3980/3811/3810 3874/3811/3810 3873/3811/3810
f 3982/3811/3811 3977/3811/3811 3878/3811/3811 3877/3811/3811
f 3976/3811/3812 3882/3811/3812 3881/3811/3812
f 3884/3811/3813 3979/3811/3813 3869/3811/3813
f 3978/3811/3814 3981/3811/3814 3873/3811/3814 3870/3811/3814
f 3980/3811/3815 3982/3811/3815 3877/3811/3815 3874/3811/3815
f 3977/3811/3816 3976/3811/3816 3881/3811/3816 3878/3811/3816
